Actual,Predicted,Readmission_Probability
0,1,0.565513825876563
0,1,0.550839763509794
0,1,0.5224402952786579
0,0,0.14711565088029782
0,0,0.38378378024471455
0,0,0.35665643196089136
0,0,0.3822969345443143
1,1,0.8206338367342151
0,0,0.3402377610677035
1,0,0.39499317335100814
0,0,0.20538427455709496
0,0,0.37778826430832874
0,1,0.5777096738739584
0,0,0.12603991432467118
0,1,0.6119365542588533
0,1,0.7790438569981062
0,0,0.2949593386936691
0,1,0.621132481588803
0,0,0.49714926436914586
0,1,0.5937472186027399
0,0,0.49510936649210296
0,0,0.36178774158994376
0,0,0.23852410958810763
0,1,0.6391071050580016
0,0,0.26373972620820607
0,0,0.11760064077099146
0,0,0.3467901459406244
0,0,0.3143072296619177
0,0,0.3579191016191672
1,1,0.667344282172968
0,1,0.5509765801864114
0,0,0.24992350432502974
0,0,0.3912137630290305
0,1,0.5588205337672717
0,0,0.3770075504747053
0,0,0.4731418248071694
0,0,0.41083968679945576
0,0,0.43986898336740476
0,0,0.13606412884499502
0,0,0.3275098774335138
0,0,0.3453099039268904
0,0,0.38700592624738495
1,0,0.32647722790855055
0,1,0.5813481015489543
0,0,0.22153461533237725
0,0,0.16374715442915283
1,1,0.6603842060277518
0,1,0.8540765962359694
0,1,0.9147354504721273
0,0,0.4509834534775019
0,0,0.40013261614768236
0,0,0.36913685158332543
0,0,0.28443914923692565
0,0,0.44274694564418987
0,0,0.44669699225878795
0,0,0.35278486683204713
0,0,0.2235333264123498
0,1,0.5415717009750878
0,0,0.17305803208446893
0,0,0.3730124333254453
0,0,0.4452983005450054
0,1,0.5325501648258324
0,0,0.37424306522236206
0,0,0.43639719676001104
0,0,0.3543203431454311
0,0,0.37877944837005345
0,0,0.14538005295749046
0,0,0.4748570637982235
0,1,0.5422348629152571
0,0,0.47206668683102043
0,1,0.5177507940183033
0,0,0.34320221238379084
0,0,0.4268932672319012
0,0,0.4933167035071855
0,0,0.3258951776570378
0,0,0.3569450740445253
0,1,0.5509622105238251
0,0,0.41872850318300114
0,0,0.006708002038284899
0,1,0.526337832381704
0,0,0.30843745856622967
0,1,0.5285417396647225
0,0,0.3343398510475523
0,0,0.46804265163354997
1,1,0.5140692779536787
0,0,0.2527237495377932
0,0,0.22128963760007175
0,0,0.3185766645700364
0,0,0.3228258630219121
0,1,0.5101226581732258
0,1,0.5463182762028012
0,1,0.7908601364472102
1,0,0.3296723758992419
0,0,0.4113274022204018
0,0,0.3319670758713292
1,1,0.5619543127293858
0,0,0.35220587772667744
0,1,0.6998580135293386
0,0,0.472284636236694
0,0,0.24518786639602108
0,0,0.28174755405346086
0,1,0.5430904717672015
0,0,0.483426206078552
0,0,0.2406474834747036
0,1,0.6155806872204458
0,0,0.4397126719715113
0,0,0.3753081303127951
0,0,0.2339433461130573
0,0,0.3938197756321423
0,0,0.023373973720489445
0,0,0.4904801809099292
0,0,0.4482445058822946
0,0,0.48366263811160826
0,0,0.40422555751903216
0,0,0.30972606202474895
0,0,0.17832198111075087
0,0,0.27430241085108714
0,0,0.38094218844815475
0,1,0.5010888108881308
0,0,0.29756526508503445
0,1,0.5588575679647179
0,0,0.06423296537335761
0,1,0.561605966540581
0,0,0.4405659557137533
0,1,0.7206455007085265
0,0,0.4011410256726335
0,0,0.25752990430606015
0,0,0.3249528195338248
1,1,0.621462342614308
0,1,0.6943965104500491
0,0,0.26076169841929603
0,0,0.4810545239874546
0,0,0.2663285495712075
0,0,0.3004542978356862
0,1,0.5817515646188314
0,0,0.3889436495118252
0,0,0.4798237344730813
0,0,0.38323070810024934
0,0,0.2108950665401262
0,0,0.3396993645653212
0,1,0.5665920703488975
1,0,0.3383705603125721
0,0,0.37581654176613766
0,1,0.6169818015757477
0,1,0.5231659536752922
1,1,0.6737002864291337
0,0,0.21632137561003675
0,0,0.39791359325623077
0,1,0.5839914600630278
0,0,0.3925667097127711
0,0,0.29179185862123397
0,0,0.08019381284657544
0,0,0.1999126392442746
0,0,0.45007612141991904
0,0,0.3332796236994312
0,1,0.5539824595534357
0,0,0.4227742524822294
0,0,0.41262584064666985
0,0,0.2919687159737682
1,0,0.36518084665524086
0,0,0.4240578962741979
0,1,0.5777850224879485
0,1,0.6917851358223863
0,0,0.27678218248417086
0,0,0.4450008202318794
0,0,0.34274474147131295
0,1,0.7551503866291136
0,0,0.4197856827697598
0,1,0.5890022250950414
0,0,0.2764654980415
0,0,0.3669526080455962
0,0,0.38568285759732474
0,0,0.31234335284230014
0,0,0.4421489996497574
0,0,0.17708000413303152
0,0,0.02495729334301151
0,0,0.4227717699321543
1,1,0.626145738437139
0,1,0.5532682062540608
0,1,0.5497381982340735
0,0,0.4125727887789403
0,0,0.39091389777561364
0,1,0.5007148924172358
0,0,0.39310846165840707
0,1,0.8813460147915171
0,0,0.4163508767228912
0,0,0.47980485973390313
0,0,0.20319796998751152
1,0,0.3756175611447944
0,1,0.5321206792684592
0,0,0.4096121593012134
0,0,0.3382506624358392
0,0,0.4423242459457605
0,0,0.3093766814870943
0,0,0.2793043458951371
0,0,0.38784754349385137
0,0,0.026721283452297292
0,1,0.6247612764973652
0,0,0.26569747246630643
0,1,0.5333728167201229
0,0,0.40667183411355107
0,1,0.5960539663291208
0,0,0.3266568370748702
1,1,0.5011058239780138
0,0,0.387544948570966
1,0,0.29650588997719923
0,1,0.5612412511407661
0,1,0.5442555852911947
0,1,0.6058730973333946
0,0,0.3327117302835332
0,0,0.28956952107680056
0,1,0.5616101628619943
0,0,0.07562703473776082
0,0,0.41742210822861986
0,0,0.38051142148110606
0,1,0.671917801853673
0,1,0.7331373830649601
0,0,0.004157653005139495
1,0,0.3261611204605844
0,0,0.32103100036923043
0,0,0.02716758552706777
0,0,0.3267188071838987
0,1,0.6786069961247722
0,1,0.5635804703853349
1,0,0.2024212506487932
0,0,0.26797848319415324
0,0,0.4417726183763121
0,1,0.6289262235117031
1,0,0.11177446848480614
0,1,0.543595823766574
0,0,0.39921093117526973
0,0,0.3931378709399083
0,0,0.4828861137099211
0,0,0.20021768892939731
0,0,0.34638590221478666
1,0,0.3947369077445833
0,0,0.2760612510941317
0,0,0.30147681884423694
0,0,0.4424289849341048
0,0,0.32989298541444817
0,0,0.32589076905128045
1,0,0.39184054008325364
0,0,0.004027178718096101
0,0,0.21615793985691215
0,1,0.60117158352854
0,0,0.4004707913543605
0,0,0.36274340309957526
0,1,0.5648836780140469
1,1,0.5234922991893357
0,0,0.44638158598241845
0,0,0.4048186306438508
0,1,0.6604976522937003
0,0,0.49707970302929627
0,1,0.552047870541024
0,0,0.4329231887077714
1,1,0.649145418964227
0,0,0.21987877981900233
0,0,0.394894874425193
0,0,0.267726761765924
0,1,0.5236514435937297
0,1,0.6466108568353067
0,0,0.005735700687875349
1,1,0.7667527815190726
0,0,0.48987875831173955
0,1,0.7926603025339767
1,0,0.4278454783244668
0,0,0.44424035194423217
0,0,0.291789310319361
0,0,0.24247644239425822
0,0,0.28932401698846205
0,1,0.6348883272580491
0,0,0.0668099498674729
0,1,0.6329740291869171
0,0,0.29440849131128033
0,0,0.24522911200675732
0,0,0.4226511013614004
1,0,0.4427585435548093
0,1,0.6461204616884373
0,1,0.5148758569894553
1,1,0.8858338762011397
0,0,0.3304207075281685
0,0,0.4004362649922447
0,0,0.47800374388289546
1,1,0.6306750767557627
0,0,0.2735020122726419
0,0,0.39524383302903254
0,0,0.37161640330758405
1,0,0.46710672787651725
0,0,0.36099891000665096
0,0,0.22688526718859317
1,1,0.548267217698767
0,0,0.4544258864581439
0,1,0.5271100307142261
0,0,0.34921926281909627
0,1,0.5758405951467617
1,1,0.5340171863230437
1,1,0.717081174496136
0,0,0.0008493456487093676
0,0,0.4197386077287564
0,1,0.52321874744257
0,0,0.45454782587744147
0,0,0.45808976034000004
0,0,0.36196751845036323
0,0,0.480383554902085
0,0,0.4289493428380783
0,1,0.7403374929024494
0,0,0.29365688254506084
1,1,0.7939541804180235
0,1,0.5009999771860629
0,1,0.7929904416955239
0,0,0.41568055619761646
0,1,0.5653059102882977
0,0,0.47718932371942896
0,0,0.42324630908798
0,0,0.38352637358383873
0,1,0.6494543390252708
0,0,0.3449574665963469
0,1,0.8393758405806786
0,0,0.3997911636866731
0,0,0.4878041629709091
0,0,0.42761334919243554
0,1,0.5330226924661183
0,0,0.28770554299014045
0,0,0.2738234249005455
0,0,0.2703133049809
0,0,0.2463025358132305
0,0,0.2108359077878328
0,1,0.5808228852495448
0,0,0.45421660829064164
0,1,0.664772284820647
0,0,0.38327284958282887
0,0,0.4794876299639974
0,0,0.48933271845982274
0,1,0.7179780653333778
0,0,0.3636885653038373
0,0,0.25340503023342686
0,0,0.3866068640471972
0,0,0.2690961870147694
0,1,0.5638556660970288
0,0,0.3175423135175163
0,1,0.5030440950844892
0,0,0.2560075698217095
0,0,0.24137980787989602
0,0,0.29652246781476754
0,1,0.5470437312916095
0,0,0.2824321197051656
0,0,0.28527020919974155
0,1,0.5167590937322714
0,0,0.48844000807384674
1,0,0.23788434574047418
0,0,0.43408982187869233
0,0,0.3393903156359315
0,1,0.5355267791082192
0,0,0.4097200993413987
0,1,0.6713351222244421
0,0,0.23076160260560985
0,0,0.4885900388249125
0,0,0.28655132564564356
0,1,0.5432422218607317
0,0,0.2308759312193557
0,0,0.3160367337410841
0,1,0.6697713877800628
0,0,0.3405154276829772
0,0,0.25557127129551577
1,0,0.2938938328809322
0,0,0.4558710897149346
0,1,0.5039783921175802
0,1,0.550100874452605
0,1,0.6245949143058902
1,0,0.28309064478606494
0,0,0.4882792426992502
1,1,0.6469100454115594
0,0,0.3580767038262509
0,1,0.5136211037524323
0,0,0.360153231884501
0,1,0.8394407770047438
0,0,0.20007204302823517
0,0,0.37910078129226243
0,0,0.4399742435286918
0,0,0.42135225399229315
0,0,0.23648879284679689
0,1,0.5495225096897995
0,1,0.6955015897303238
0,0,0.3387123522865287
0,0,0.42904625625752285
0,0,0.3942621781643305
0,0,0.47084361045955975
0,0,0.2895966809911754
1,1,0.599030072556622
0,0,0.1407997494689907
0,1,0.5111743619790491
0,0,0.3503701614067749
0,0,0.3800624029020666
0,1,0.7711719057601795
0,1,0.6826515229546651
0,0,0.21670365533058109
1,0,0.45129006762475515
0,0,0.205682286604841
0,0,0.2880998048322682
0,0,0.4384061373801878
0,1,0.5607701347138144
0,0,0.28741634155930285
0,1,0.571334978843221
1,1,0.5174338531125596
0,1,0.5094335644778281
0,0,0.21666436568722044
0,1,0.7033746172891833
0,1,0.5390081269963847
0,0,0.4737155864877761
0,1,0.5054977735131693
0,1,0.5610340855629792
0,0,0.43296841121222557
0,0,0.48534139967853973
0,0,0.26896955031872366
0,0,0.2997636280316026
0,1,0.5053404023709169
0,1,0.5067003539570395
0,0,0.23367203465686495
0,0,0.34845429808740264
0,0,0.21292412932575494
1,0,0.4854086751251906
0,0,0.3458314796528164
0,1,0.7092694598972965
0,1,0.5531541298089412
0,1,0.5629467218099248
0,0,0.4159085814363722
1,0,0.3435528834836327
0,0,0.337280852024738
0,0,0.28603285600603506
0,1,0.5809677010949503
0,0,0.358152615834528
0,1,0.8772619818481251
0,0,0.27971231592420565
0,1,0.5481796104554656
1,0,0.4671538930044188
0,0,0.02022745361290634
0,1,0.6155437562071077
0,0,0.09882252037230241
0,0,0.16476021645245054
0,0,0.3227960101159997
0,0,0.435172565019231
0,0,0.24603926131904708
0,1,0.5739505763583556
0,0,0.48062908839634827
1,1,0.6813010988982718
0,0,0.41150511970558545
0,0,0.34737848317257836
0,0,0.36415952512270117
1,0,0.2894391533852176
0,0,0.461675374906493
0,0,0.20068482630896217
0,0,0.1457370540651885
0,1,0.8340748090941856
1,1,0.5275143625409807
0,0,0.34880667772292506
0,0,0.3100446310204247
0,0,0.4097775256380884
0,1,0.5669605919344333
1,1,0.9074875466352591
0,1,0.5168162227116114
0,0,0.2684390464077202
0,0,0.29595114346970547
0,0,0.3551737727281476
0,0,0.42627762135165426
0,0,0.40246945509041016
0,0,0.007066557998146688
0,0,0.3423141265711446
0,1,0.5784617308786838
0,1,0.607901129000186
0,0,0.1377181826077951
0,0,0.34081314580772765
0,0,0.44337574137185043
0,0,0.4986371368142173
0,0,0.37653073407391496
0,1,0.5762441736501419
0,1,0.7320786005262078
1,0,0.3085148426059949
0,1,0.6124924394735745
0,0,0.187935693975753
0,1,0.5459583312027462
0,1,0.5056449948920334
0,0,0.3969622094727402
0,0,0.19386455080740528
0,0,0.3351770218780951
0,1,0.7169089584888059
1,0,0.30467841569140813
0,0,0.09922549681207532
0,0,0.4779958092276193
0,0,0.3444295422915639
0,0,0.48521904311589686
0,0,0.3572445419930973
0,1,0.6651868278363403
0,0,0.23243889528890677
0,0,0.30207638790081254
0,0,0.314371422647193
0,0,0.2849003320006004
0,1,0.5143116056552111
0,1,0.5487048176353129
0,0,0.13382267658155514
0,0,0.24810490210427336
0,0,0.42091991939347084
0,0,0.30168173953115685
0,0,0.4791830736945529
0,0,0.3043491534454201
0,0,0.15023412228931993
0,1,0.5723974929586787
0,0,0.43687145753551704
0,1,0.5772801652098183
0,1,0.7103830681306331
1,0,0.30926666339973047
0,0,0.38612824068774204
0,1,0.5637180821344465
0,1,0.6616863095735641
0,0,0.43805387925134
0,0,0.4596609902568056
0,0,0.36358885810066954
0,0,0.25897862834602337
0,0,0.3570062784795121
1,1,0.532333675681866
0,0,0.3986322015026464
0,0,0.42983339360754563
0,1,0.6450761233921063
0,0,0.0551778086434964
0,0,0.48007480648887896
0,0,0.49703545073679617
0,0,0.4388673238522774
0,1,0.618194638806579
0,0,0.3777517126593069
0,1,0.6320243017297523
0,0,0.4740387243991609
0,0,0.14547178770277472
0,0,0.38904944404240693
0,1,0.7574967500339599
0,0,0.026984570563706123
0,0,0.4660984984360686
0,0,0.31809826877638336
0,0,0.3461809613626291
1,1,0.6116091588691414
0,0,0.3976819509696921
0,0,0.4695933157962349
1,1,0.7392350882668355
0,0,0.2493872354083009
0,1,0.50328173562893
0,0,0.38334215063987087
0,0,0.2646346622464039
0,0,0.22007889018122267
0,0,0.3781877228601805
0,1,0.5900679203017163
0,0,0.24944925585132519
0,0,0.44211417548263904
0,0,0.24269283973688935
0,0,0.2388215261982765
0,1,0.6364732162948938
0,1,0.7128589089262194
1,1,0.8161980997781862
0,0,0.4024557927352888
0,0,0.4278620800127293
0,0,0.44680154907957653
0,0,0.20134482077753607
0,0,0.4635737734054087
0,0,0.10951357378316803
1,0,0.4096305715985518
0,0,0.25761570083552177
0,0,0.39580784015004594
0,0,0.11192038304494263
0,0,0.21509349514698375
0,0,0.39763316878308813
0,0,0.49459422472793224
1,0,0.09207951488408318
0,1,0.5442374979452763
0,0,0.2450461763325198
0,0,0.3664854394912127
0,0,0.006966045915961994
1,1,0.5408852337631134
0,0,0.1914449822206125
0,0,0.025333585269437808
0,1,0.5070339585080759
0,0,0.36342545580057123
0,0,0.28473769592712916
0,0,0.44586538462990377
0,0,0.29649629252286863
0,0,0.11065622312066718
0,1,0.6970386186319733
0,1,0.6306397920186723
0,1,0.5840982583386888
0,0,0.32354657114654095
0,0,0.2932942874610662
0,0,0.12225237053655152
1,0,0.26957907535089626
0,1,0.5580246060138229
0,0,0.3756983249694158
0,0,0.12965785524104642
0,1,0.6933856246056196
0,1,0.5104618120398449
0,0,0.4437070070991242
0,0,0.42235227299477074
0,0,0.29280775348286586
0,0,0.23869959511498764
0,0,0.2623996093425902
0,0,0.43321614197127584
0,0,0.38277361546702815
0,0,0.491139195385256
0,1,0.579690692230672
0,1,0.5082357832918503
0,0,0.1539669342242641
0,0,0.3847422428289816
0,0,0.4934921306209336
0,0,0.38795839483677336
0,0,0.29499119109299154
0,0,0.2683701707155262
0,0,0.2697260880189894
0,0,0.4884729138075482
0,0,0.44208051911555957
0,0,0.26436080136029116
0,0,0.28094779163933675
0,0,0.31218370369264853
0,1,0.5158105187931399
0,0,0.4330723897056037
0,1,0.7035037440498231
0,0,0.3667745493124374
1,0,0.49093651650117703
0,0,0.4547384191821133
0,0,0.3428486531205764
0,0,0.30943100073505436
0,0,0.40439330701361453
0,0,0.35623591494886037
0,1,0.5412385459746318
0,0,0.30842553535005685
0,1,0.6009665411582519
0,1,0.6129727790564633
0,1,0.5618356255047604
0,0,0.31765436549235615
0,0,0.46533756406933746
0,0,0.2900791076724818
0,0,0.3759778585573246
0,0,0.17170222134822058
0,0,0.3940966140245947
0,0,0.4665309516079339
0,0,0.38621612789974263
0,0,0.47204622711230837
0,1,0.5599500832809837
0,0,0.3596266871130137
1,1,0.5352860006266726
0,0,0.36395106009774747
0,0,0.45796215996598066
0,0,0.49690125511594635
0,1,0.5726784025040993
0,0,0.46804585403719146
0,0,0.2510287789927981
1,0,0.42369034073050377
1,0,0.3676583100731529
0,0,0.13199859267143668
0,1,0.5654993912527526
0,1,0.6456553561814925
0,0,0.2868156430170463
0,0,0.03527803813779076
0,0,0.29607821012211355
0,0,0.25301554117009345
0,0,0.4005934831135038
0,0,0.13565871318895736
0,0,0.41891293718765366
1,0,0.4458045992245766
0,0,0.3797392284567992
0,0,0.4078656987399227
0,0,0.43003653003668224
0,0,0.24065018911648636
1,1,0.767719328621769
0,1,0.519796399211946
0,1,0.582030116852269
0,0,0.016545615465800984
0,0,0.44115861262569944
1,0,0.34707194009318165
1,0,0.47240086112880536
0,0,0.48627195265167417
0,0,0.27850265393934115
0,0,0.2720748488684473
0,1,0.5143864048425038
0,0,0.48621878518057543
0,0,0.24035676353835841
0,1,0.5352225740182072
0,0,0.4985700531247451
0,0,0.22113592772792473
0,0,0.37319975586691084
0,0,0.20057244128846452
0,0,0.35516696898827477
0,0,0.44740572087173275
0,0,0.2187884607365462
0,1,0.61309739999223
0,1,0.6306369008282683
0,0,0.4678265852032408
0,1,0.5026137546450986
0,0,0.2708125124585345
0,0,0.4511980912101052
0,0,0.14187268214734386
0,0,0.41388734750610434
0,1,0.5048053681112142
0,1,0.5438076284322536
0,0,0.45552552453746975
0,0,0.46800937339289606
0,0,0.23384620834093583
0,0,0.055249008335586644
0,0,0.4087790163966928
0,0,0.014307992509686025
0,0,0.4526028170162429
0,0,0.42978937049263977
0,1,0.6600427454479435
0,0,0.433405059260817
0,1,0.7680394066951557
0,0,0.46700651063961895
0,0,0.3276587079145104
1,0,0.4218480709857482
0,0,0.2843284190410663
1,0,0.4488244222492369
0,0,0.4445362455923602
0,0,0.3294940284997931
0,0,0.28181308042147496
0,0,0.3577262343733123
0,1,0.6366716015297137
0,0,0.445727602606371
0,1,0.6274824661862614
0,0,0.4288255111135294
0,1,0.6750561162984701
0,0,0.379902400368309
0,1,0.6718727300549441
0,1,0.546466250957996
0,0,0.34224660958584985
0,0,0.4307030392025589
1,0,0.35391814211634964
0,0,0.4227138085334078
1,0,0.4228724291485132
0,1,0.507720973808424
0,0,0.23777738719803046
0,0,0.40611508997674234
0,1,0.5877797907012883
0,0,0.34652933708139877
0,0,0.4098573124884086
0,0,0.18384324749455347
1,0,0.42891385965038137
0,0,0.026382089551571078
0,1,0.7588745997552097
1,1,0.5924809922015766
0,1,0.594690797203721
0,0,0.35558522283064214
0,0,0.47467515369105046
1,1,0.627140800818541
0,1,0.612743062494969
0,0,0.24662036325699926
0,1,0.5447002962463874
0,0,0.28254259898597955
0,0,0.4622843368825293
0,0,0.45147365176894405
0,0,0.33744376899795353
0,1,0.5906365002333985
0,0,0.4066070525132097
0,0,0.10172355450745127
0,0,0.18047182598931283
0,0,0.4236275674812205
0,0,0.37875157154062855
0,1,0.5815636510281305
0,0,0.3787812163316735
0,0,0.4082578690574253
0,1,0.5872647745053138
1,1,0.5189511593335064
0,1,0.5330673308478718
0,0,0.27892123386879275
0,0,0.31452172184562904
0,1,0.7397669145831286
0,0,0.28920932601709703
0,0,0.3275367739374819
0,0,0.4212755090631967
1,0,0.3496511278264174
1,0,0.39327034713665343
0,1,0.518337099140397
0,0,0.4945751944412649
0,0,0.37706005459099723
0,1,0.6663795090547966
0,1,0.7043170435393391
0,0,0.3392563448378695
0,0,0.32493930377543223
0,0,0.4688088026148198
0,0,0.23579506177535955
0,0,0.4922590540332778
0,0,0.37668887026420916
0,0,0.14231826640418255
0,1,0.5419179351882575
0,0,0.47768153608077685
0,0,0.31924189452078483
0,0,0.3051240068942792
0,1,0.7779746832826141
0,0,0.3541785067182514
0,0,0.4524845688958696
0,0,0.31119548801707053
0,1,0.5384279656565074
0,0,0.4243324514738028
0,0,0.21735875819121178
0,1,0.5756386051684999
0,0,0.38664105876581367
0,1,0.7013968988949519
0,0,0.2841591412941492
0,0,0.4739983689580169
1,0,0.46490285938588666
0,1,0.552673140519687
0,1,0.6203844290496725
0,1,0.6331707228379021
1,1,0.6012772482511732
1,0,0.4679515936581762
0,0,0.3470797119689905
0,1,0.7315510012591444
0,1,0.7023512455081145
0,1,0.5051826081369487
0,1,0.5092616842209168
0,0,0.412612487610107
0,0,0.47956823478421423
0,0,0.3535754456958696
0,0,0.1252493264881292
0,0,0.25886053015642707
0,0,0.4660438766114216
1,0,0.3273748235640129
0,0,0.48541695317106665
0,0,0.33190565078239775
0,1,0.5811726983344142
0,0,0.32124564773978553
0,0,0.49219731794494925
0,0,0.47670960433897147
0,0,0.3497846949810781
0,1,0.6078073262104545
1,1,0.7609126803330006
0,0,0.430442292596596
0,0,0.4245517195892764
0,0,0.38939050476648335
0,0,0.32656611110722983
0,1,0.5243542265394505
1,1,0.6678565289886927
0,1,0.5385874717085201
0,0,0.41819537714688276
0,0,0.41954603011702585
0,1,0.5142897433912819
0,1,0.5779014096549244
0,0,0.4069068509123705
0,0,0.41805645584384077
0,0,0.3794262525346025
0,0,0.31744369391328725
0,0,0.26914408750705965
0,0,0.03936657938714142
0,0,0.3631170542576029
0,0,0.0059539381784971535
0,0,0.40851561405305176
0,0,0.36367030486138613
0,0,0.3732221611221034
0,0,0.3050087024625739
0,0,0.30990546162806887
0,1,0.6020701656028924
0,0,0.42497536941998604
0,0,0.05705585761464668
0,0,0.30234864647014376
1,0,0.4402297154763329
0,1,0.5153129934850136
0,0,0.381820313025669
1,0,0.3999203481393056
0,1,0.5599749525645549
0,0,0.2509664262671396
0,0,0.25505467171943264
0,0,0.2950819939592716
0,0,0.25592981344520493
0,0,0.2437850501276279
0,0,0.47727636588777816
1,1,0.671302786164965
0,0,0.3518927125731471
0,0,0.006233949265154662
0,0,0.2251420993932462
0,0,0.39729547773205004
0,1,0.5361499088087444
0,0,0.44682405369116895
0,1,0.6950473180655655
0,0,0.42121007687714784
0,1,0.6735044381454177
0,0,0.19931799053521887
1,0,0.41047952923651676
0,1,0.5643578478160547
0,0,0.21764563118835023
0,1,0.6158471271952327
0,1,0.6103262279063902
0,0,0.3398426819936247
0,1,0.5023853578763227
1,1,0.8434265429171188
0,0,0.4287696393136269
0,0,0.45229918277099546
0,0,0.0016998720690821548
0,0,0.4038264286677453
0,1,0.7296294828350888
0,1,0.5642856214420708
0,0,0.32941030237411745
0,1,0.6109679657270954
0,1,0.5413117296199401
0,0,0.4411508253821425
0,0,0.3419271340791929
0,0,0.43808387788175474
0,0,0.27977009382963475
0,0,0.4852863726856976
0,0,0.3414697501981558
0,0,0.4707065413300637
0,0,0.16226362585512724
0,1,0.7232030870462064
0,0,0.47044421460843755
0,0,0.3276218179789698
0,0,0.38560644511778475
1,0,0.48432303100762103
0,0,0.005777929543323414
0,0,0.39595668904489323
0,0,0.3453544018936843
1,0,0.4974022357713163
0,0,0.19821738733348657
0,0,0.026475282213674897
0,1,0.8400580712892897
1,1,0.7764470662187226
0,0,0.31837130738439073
0,0,0.4472567056127358
0,0,0.24675024865116255
0,0,0.31175351801108553
1,0,0.37081747879773974
0,0,0.36536597040134505
0,0,0.3919588299821933
0,0,0.44671037058207247
1,1,0.557365767165589
0,0,0.35310602825035126
0,0,0.11269099152072373
0,0,0.3407657058027241
0,0,0.4762328606341441
0,0,0.47273497827163713
0,0,0.3203044718925383
0,0,0.3341759691348381
0,0,0.358620682337588
0,0,0.29946596074698106
0,1,0.5229118973764241
0,0,0.4826595283985101
0,0,0.3190932833521466
0,0,0.30315704201973775
0,1,0.7193544149517425
0,1,0.6918248382852822
0,1,0.6329036235401393
0,1,0.5637557928929933
0,0,0.342567248964616
0,0,0.3964019936726056
1,0,0.26057866192227647
0,0,0.008127513247637656
0,0,0.2927642806199457
0,0,0.4520627837399352
0,0,0.40597084919312854
0,0,0.4582440681958879
0,0,0.4136384177809131
0,0,0.09446535236591266
0,0,0.3788627469666012
0,0,0.19474831687203528
0,0,0.17836423666749895
0,0,0.22954044542544488
0,1,0.6641319114949292
0,1,0.7049984702982417
0,0,0.48688811035691537
0,0,0.373770962075508
0,0,0.4480030797011776
0,0,0.47146869393687785
0,1,0.6967796053211682
0,0,0.36365394565413045
0,0,0.07476238316837033
0,1,0.7805150991817955
0,0,0.32564154280481306
0,1,0.5045324097900784
0,1,0.7616991279731443
1,0,0.4660549292756691
0,0,0.3856105587678213
0,1,0.504363968627165
0,0,0.404602776289379
0,1,0.5138785667592293
0,0,0.3620027790390195
0,1,0.6136977056812666
0,0,0.47257471693830166
1,0,0.45385500441388815
0,1,0.5943319658267014
0,0,0.40069457301230554
0,0,0.46498219410320896
0,0,0.20445884635970166
0,0,0.38982967265921953
0,1,0.6674039948728533
0,0,0.38187414763145433
1,0,0.24762261228351934
0,0,0.35753434013280183
0,0,0.0042708131665441015
0,1,0.5903341595236765
0,1,0.6615881892743024
0,0,0.3149994256485602
0,0,0.34079490497846776
0,0,0.4726969342457139
0,0,0.2276022797747658
0,0,0.297732502070621
0,0,0.32900977061255143
0,1,0.5958103338303132
0,0,0.33599924267992864
0,1,0.6867293471625423
0,0,0.00878680688190757
0,0,0.0021533412540345113
0,0,0.43439976284387966
0,0,0.4608282259199409
0,1,0.5142544087499995
0,1,0.5262726840979036
1,1,0.5286163150563302
0,0,0.36895676301029806
0,0,0.43117332627259536
0,0,0.36676862160092905
0,0,0.37399720598319736
1,1,0.6196476532379236
0,0,0.43521007903611897
0,0,0.45725660360365683
0,1,0.6983649570037505
0,0,0.28588699550665886
0,0,0.3539890723402013
0,1,0.6319869380015307
0,1,0.5917586347470566
0,0,0.38997181004926734
0,1,0.68425559215208
0,0,0.40397172580386725
0,0,0.46085764583928984
0,0,0.2569598956789508
0,0,0.4716186313031637
0,0,0.3554663206310472
0,0,0.00602349714119062
0,1,0.5285990179561739
0,0,0.4256016717174047
0,0,0.3919631810645468
1,0,0.429443994093856
1,1,0.5812376802679564
0,1,0.9340703312599009
0,0,0.33800031681580706
0,0,0.02637042530269316
0,1,0.582840105357021
0,0,0.3489414470335727
0,0,0.4976452986369065
0,0,0.3666617691520892
0,0,0.44061246630017353
0,0,0.4211100456251633
0,0,0.3614115901717024
0,0,0.40984136871478305
0,0,0.44467585026000067
0,1,0.7088816140335863
0,1,0.532619538396333
0,0,0.36350038736331136
1,0,0.37699139273343985
0,0,0.38047420475709987
0,1,0.5820301923156117
0,0,0.3068085397724648
0,0,0.3386725818374663
0,1,0.6090611158232017
0,1,0.5129999854918021
0,0,0.45970101774682975
0,0,0.38649265747849065
0,0,0.44272946288149273
0,1,0.8122351366994891
0,1,0.6106740122770804
0,0,0.3076925155755656
0,0,0.31557293571260525
0,1,0.6202895625924507
0,0,0.33428478743764534
0,0,0.3176272128764166
0,1,0.6124710402044004
0,0,0.31378771294008845
1,0,0.4225423554228033
0,0,0.38399554947208847
0,0,0.18680819566832474
0,1,0.7156788025748664
0,1,0.6269995255752068
1,0,0.14969072586464033
0,0,0.3218965615298564
1,1,0.5234009862478924
0,0,0.36532675293269434
0,0,0.36464208314682955
0,0,0.006809295997218793
1,0,0.3097216895302542
0,0,0.4718591576452036
0,1,0.6634590913651057
0,0,0.48254514447983626
0,0,0.2807772907470448
0,1,0.542709588311271
0,0,0.48428344710596694
0,0,0.25438338959252227
0,1,0.5047418838162999
0,0,0.30977545340785795
0,1,0.6982211216271612
0,0,0.4680050218017143
0,0,0.05864469697139569
0,0,0.43764855851684337
0,0,0.1999125798781289
0,0,0.23643927318040706
0,0,0.15078281452699915
0,1,0.6816900626985319
0,0,0.4121784612490447
0,0,0.33422050574116774
0,0,0.46952201956144396
1,1,0.5304265039565168
0,0,0.38246714468145476
0,0,0.4509858476737563
0,0,0.4265895842037061
0,0,0.01703584537608749
1,0,0.33295922829953856
0,1,0.6062131130287567
0,1,0.8079683395030193
0,1,0.6769517464926328
0,1,0.5235584442389101
0,0,0.34142967049156986
0,0,0.3163744651353237
0,0,0.1297697138611394
1,0,0.4707008887931591
0,0,0.407011528029103
0,0,0.3529269305987973
0,0,0.25735544908065583
0,0,0.09472005800426515
0,0,0.3999147354858384
0,0,0.4684188355315103
0,0,0.351968743899794
0,0,0.452895187423228
0,0,0.3106363035058629
0,0,0.4957950762950613
0,0,0.25363144085557815
0,1,0.5003736010296479
0,0,0.23674824599526856
0,1,0.5226399110780542
0,0,0.48830466039423687
0,1,0.5181889468742329
0,0,0.08004235723739164
0,0,0.3142880695889116
0,0,0.2579618848273084
1,0,0.45380866509087703
0,0,0.007276499180992334
0,0,0.4886292455862638
0,1,0.6299118411999268
0,1,0.5915794159324336
0,0,0.48848951491957127
0,0,0.005296754942868082
0,1,0.6663404847047024
0,0,0.004954834501625912
0,0,0.3972492957318289
0,0,0.3284763324561112
0,0,0.4786407076351772
0,0,0.36296249457368773
0,0,0.14266401751915164
0,1,0.8640798171556233
0,0,0.3611883767512523
0,0,0.499770641107864
0,0,0.4520218718736284
0,1,0.6232573506750642
1,0,0.3239256334363059
0,0,0.47813176440874844
0,1,0.763489603014263
0,0,0.3306826797467957
0,0,0.006246537836481766
0,0,0.45375909511778856
0,1,0.5051568169031296
0,1,0.5142085101969862
1,1,0.5845645452340158
0,0,0.32107554939302024
0,0,0.4714402898586089
0,0,0.0077263031121584756
0,0,0.4083909310767977
1,1,0.8612868193524076
1,1,0.5826533894387755
1,0,0.37350146489427394
0,0,0.4261467509957947
0,0,0.4288252737939601
0,1,0.5227566746467781
0,0,0.3690980418969321
0,0,0.005019003862844447
1,0,0.47582938514698636
0,0,0.28413576250072453
0,0,0.3371679326984419
0,0,0.43912838301494994
0,0,0.37665561672051845
0,0,0.1451729577021262
0,1,0.693654722170327
0,0,0.30919009030316663
0,0,0.44224448589280446
0,0,0.21310443788774278
0,1,0.653243888312712
0,0,0.4226886748113157
0,0,0.274298804026514
0,1,0.6603342038033609
0,0,0.4945814393932748
0,0,0.23764268405436453
0,0,0.26839859351913886
0,0,0.3876910388898656
0,0,0.42094041343662647
0,1,0.5630581301926237
0,0,0.33453162020982824
0,1,0.5763187518980095
0,0,0.26582836815637434
0,0,0.41769543121945135
0,0,0.3881946725628575
0,1,0.5229512304111381
0,0,0.4563183518454471
0,0,0.361542822877591
0,1,0.6284869699808338
0,0,0.3012438877437017
0,0,0.3536995047561243
0,0,0.24164793829595912
0,0,0.32580128447250783
0,0,0.35774997110209905
0,0,0.26536512407257634
0,0,0.4296156537360481
0,0,0.3525714433365538
0,0,0.33749990899010734
0,0,0.42101708422652945
0,1,0.5042225270378135
0,1,0.6664553755182573
1,0,0.44086581157345994
1,0,0.34692298198356103
0,1,0.7636060942839954
0,1,0.6086333170217607
0,1,0.5127116056383288
0,1,0.5435900134390164
0,1,0.513393446308194
0,0,0.3319726158250899
0,0,0.3661120775888041
0,0,0.16283980990909858
0,0,0.32060167060576567
0,1,0.6235106226088444
0,0,0.3173756636812659
0,0,0.4251199141722644
0,1,0.8234075513800808
0,1,0.5430398134911997
0,0,0.044757000959322536
0,0,0.07277909676265379
0,0,0.4216862140292408
0,1,0.5898147004243364
1,1,0.6525438085303465
0,1,0.5932426976224238
1,1,0.5634390859477835
0,0,0.4783749794525132
0,0,0.49148585836524744
0,0,0.3515051974202034
0,1,0.6673254910160985
0,0,0.43547501821256146
0,0,0.46865300534501364
0,1,0.5506234553972184
1,0,0.24039327929098203
0,0,0.37911434472470434
0,0,0.2845014333216219
0,0,0.4492246018734453
0,1,0.5919865117196853
0,1,0.560176541330143
0,1,0.5986643339701441
0,1,0.6363673426735883
0,0,0.2427028822615881
0,1,0.6128895044576177
1,1,0.5485701031459962
0,0,0.3988074657054383
0,0,0.34695554562614195
1,0,0.43160583460634816
1,1,0.699582624321828
0,0,0.4926129136955565
0,0,0.451877967337504
0,0,0.4477399790102556
0,0,0.4608034213600535
0,0,0.3074228247768021
0,1,0.6367210279036697
0,0,0.4247647547583464
0,1,0.5857406337772478
0,1,0.8872989124129986
1,0,0.4021413165814854
1,1,0.6349174326216834
0,0,0.026014724850832498
1,0,0.3994313247160287
0,0,0.4579829836052738
0,1,0.6884182130709394
0,0,0.4763026394592531
0,1,0.505136150739547
0,0,0.15824318350213673
0,0,0.47541741288891926
0,1,0.548430930654316
0,0,0.47690037799848006
1,1,0.7986224279988086
0,0,0.37332159998876957
1,1,0.736613522465958
0,0,0.3022393838750736
1,0,0.44993252777083786
0,0,0.39968030620249223
0,0,0.489286911483411
0,1,0.6191015158313357
0,1,0.5396999252075629
0,0,0.2557544746416038
0,0,0.4964744193953189
0,1,0.6810783831784608
0,0,0.3389452348491653
0,0,0.33202003860417206
0,0,0.39717228588669706
0,0,0.13979242534026695
1,0,0.24475608559163228
0,0,0.28045305616723976
1,1,0.602079009858201
1,0,0.27335504368805885
0,1,0.6012979720121021
0,0,0.42101674674556216
0,1,0.535191055646866
0,0,0.3619615874039601
0,1,0.5999169056203055
0,0,0.24390771925683075
0,0,0.16683315949395475
0,1,0.5003311433944299
0,0,0.44769934824772556
1,0,0.24303928072596911
0,1,0.5285021825722805
0,1,0.5595058315111381
0,0,0.45230621001537913
0,1,0.5473992886407925
0,0,0.3938861139067774
0,0,0.3768737609376542
0,1,0.6360584939779025
0,0,0.3414935186743299
0,0,0.20001698495681877
0,0,0.1696877230940614
0,0,0.31527981273757644
0,0,0.3117211314661459
0,1,0.5236007468536688
0,1,0.5962630157059526
0,0,0.4167184009698977
0,0,0.17292090248090713
0,0,0.4885564044973979
0,1,0.6070395221686129
0,0,0.42286271042056456
0,1,0.6768608538601255
0,1,0.5340370499398877
0,0,0.39650862040263
0,0,0.3038336762208749
0,1,0.5661154709592888
0,1,0.5913286845487256
0,0,0.4789427395453031
0,0,0.3307835046294075
0,0,0.3534427555823742
0,0,0.46678931318111144
0,0,0.3724355998586436
0,0,0.37156832947383006
1,1,0.7180671055346272
1,1,0.6737968388289239
0,0,0.3294438704005034
1,1,0.5217399386241701
0,0,0.1752253548346813
0,0,0.1606222891403509
0,0,0.4968432066690447
0,0,0.4747310852049142
0,1,0.5712728871948908
0,1,0.7846053058406128
0,0,0.41668697737450305
0,1,0.5634197673643145
0,1,0.5920313867207186
0,1,0.511385026378861
0,1,0.6704628982359613
0,0,0.22704492376619087
0,1,0.5361806613150754
0,1,0.6612564193090105
0,0,0.005811175031342691
0,0,0.4646624916874894
0,1,0.6342247359101209
0,0,0.10586675464472466
0,0,0.3816985670192641
0,0,0.3548231872553771
1,1,0.824245448640863
0,0,0.3434822335061635
0,0,0.330630455178824
1,0,0.43390858489124046
0,1,0.7059100104745519
0,0,0.3912798252339522
0,1,0.5504839387890746
0,0,0.019522663463677335
0,1,0.5755325623979967
0,0,0.0025053201026620188
0,0,0.4577649225983992
0,1,0.662893324195254
0,1,0.6434870792678624
0,0,0.43689223645990033
0,0,0.38501214866684236
0,0,0.4254354667508538
0,0,0.007756994236824999
0,0,0.47110266616753027
0,0,0.10471327239037956
0,0,0.4850169503685129
0,0,0.4634616470395861
0,0,0.35515473905611333
0,1,0.7112310897364258
0,0,0.23231836779293003
0,0,0.0026909136438078123
0,1,0.5231886100779525
0,1,0.5745833092855203
0,0,0.14856024174510987
0,0,0.3995358369215763
0,1,0.5066244446005821
0,1,0.7983157361994518
0,0,0.36229428416574794
0,1,0.7241326338915341
0,0,0.00527048137912917
0,0,0.1131924799757177
0,0,0.34118103190070886
0,0,0.005460685605897083
0,1,0.5187717119363009
0,0,0.4069183824142618
0,0,0.3652390446984853
0,1,0.5481534048855965
0,0,0.30932609548586815
0,0,0.38281586733326567
1,1,0.6523259640826798
1,1,0.5952200555474219
0,0,0.44805997347408355
1,0,0.37449665376418395
0,0,0.42729368176576826
0,0,0.4683836430335334
0,0,0.4724312299588206
0,0,0.31589818374262935
0,0,0.026176342061763287
0,0,0.35703429279010057
0,0,0.4329983181273791
0,1,0.6307273395581579
1,1,0.542636320714351
0,0,0.46245019506244284
0,0,0.1446215221021751
0,1,0.5363967831471341
0,0,0.1742670406849847
0,0,0.17597856909596715
0,0,0.3270333001450855
0,1,0.6294263791378515
1,0,0.48287369201340646
0,1,0.5712671928411951
0,1,0.5196105188559619
0,0,0.46727996633903257
0,0,0.2845714253138534
0,1,0.6069419098343677
0,0,0.3487888129056627
0,0,0.32730490891895436
0,1,0.5786424897629115
0,0,0.38017821664315293
0,0,0.3026090198574728
0,1,0.7349163061118938
0,0,0.2666193475180978
0,0,0.28872452908069984
1,0,0.20602255154026047
0,1,0.8192928713213803
0,0,0.31753771478345083
1,0,0.2645026192118878
0,1,0.677168680897695
0,0,0.10501873114419608
0,0,0.3692390411811353
0,0,0.41046958752541934
0,0,0.47765024444962595
0,0,0.49887463906384005
0,0,0.3158121596976246
0,0,0.478631709683453
0,0,0.29248011726264583
0,0,0.3702174124046558
0,1,0.5179420002554883
0,0,0.4758059494680634
1,0,0.3647324567177184
0,0,0.1990571780016529
0,0,0.12236398095072508
0,1,0.5887789635012135
0,0,0.41159206269941245
0,0,0.3371907949758219
0,0,0.16493388049530233
0,0,0.378079580987647
0,0,0.2138521240119601
0,0,0.46321391978351695
0,0,0.2756980596929339
0,0,0.3699049325117647
0,1,0.5141585308711487
0,1,0.594079797451719
0,0,0.3485600558680687
0,0,0.3829005512528833
0,0,0.34487165575396855
0,1,0.5360089518574234
0,0,0.3832063396571788
0,0,0.4546125725815448
0,0,0.25166287458660036
0,1,0.6337166870761263
0,1,0.5076181253353181
0,0,0.46308968382362725
1,0,0.4933441918642199
0,0,0.33947441392890765
0,0,0.4763924979757143
0,1,0.5802277321979302
0,1,0.5139793378104448
0,0,0.48034668302446576
0,1,0.5155721103385881
0,0,0.3660082068684586
0,1,0.6404667324414048
0,1,0.6210845733735879
0,0,0.0262904262039881
0,1,0.506140689266506
0,1,0.6501424713897239
0,0,0.32098006322796035
0,0,0.4178056990580347
0,0,0.36864789395716346
0,0,0.3291374839552459
0,1,0.6092039756408734
0,0,0.48910419841366104
0,0,0.4887120062279479
0,1,0.5178811727087151
0,1,0.5186995441293042
0,0,0.30805555195493894
0,1,0.6733093008495205
0,0,0.010304142027456813
0,0,0.4497253744844324
0,1,0.7085547257155739
0,1,0.6176431117205694
0,1,0.5075343076944383
1,0,0.4372236255982456
0,0,0.3773725947436272
0,0,0.24568595176644967
0,0,0.3705596190551553
1,1,0.6420180746895209
0,0,0.36644783012647564
1,1,0.5383355233500815
0,0,0.009836344901185451
1,0,0.2828525041318566
0,0,0.2933387890360793
0,1,0.5722416124318733
0,1,0.5498227109341439
0,0,0.436107002123628
0,0,0.4690758060997641
0,1,0.6888152786473216
0,0,0.41879874168663606
0,0,0.37466976112564715
0,0,0.36798389590968017
0,0,0.3604032691021494
0,0,0.2977709646106219
0,0,0.34671538483037073
0,0,0.24561607896331428
0,0,0.0643728710478393
0,0,0.4680006002248687
0,0,0.4492930609655197
0,1,0.6443762073146831
0,0,0.2593878090690214
0,0,0.3733481738541543
1,0,0.38972524782164375
1,1,0.5284477715301238
0,0,0.21671708398359646
0,0,0.28785532387643104
0,0,0.4315289204722755
0,0,0.34484877321168445
0,1,0.5788773831277136
0,1,0.5213935601619858
0,0,0.4981594294205239
0,1,0.7252584591990441
1,0,0.4424942678055332
0,0,0.48191307307022935
0,0,0.32548745082954383
0,1,0.5747753102407354
0,0,0.38555895462791695
0,0,0.43297420142164544
0,0,0.36532103629387
0,1,0.6707682924198571
0,0,0.4397461175869666
0,0,0.40430519989244235
0,0,0.4983192127008565
0,0,0.41869007453322904
0,0,0.3573493436195491
0,0,0.48947104917003253
0,0,0.004566090607018582
0,0,0.3924009084440691
0,0,0.3405631944288915
0,1,0.5895930503729109
0,0,0.4093675737595015
0,0,0.12735525714367124
0,0,0.3268747404959109
0,0,0.2735548618703507
0,0,0.1039381852423436
0,1,0.507717185105643
1,1,0.6677984267629361
0,1,0.622828099950636
1,1,0.7337932906160071
0,0,0.22683935210078776
0,1,0.6314866926154253
0,1,0.7174059258787949
0,1,0.5766582135856496
0,0,0.4326450213269223
0,0,0.31082740055744884
0,0,0.20198822397544708
0,0,0.4555353785696477
0,0,0.2261595242920614
0,0,0.31662497240467957
0,0,0.4511894134400394
0,1,0.5336959915605779
0,0,0.4203451645578571
0,0,0.35725443318505123
0,1,0.5300110996133487
0,1,0.5113318501437139
0,0,0.3781917874142176
0,0,0.2800937688767388
0,0,0.3324603399137898
0,1,0.7315374141397113
0,0,0.4051322796295703
0,1,0.56263396763083
1,1,0.5150172640928331
0,0,0.2620042236872381
0,0,0.23761066408387332
0,1,0.8091532286031451
0,0,0.33630455706489715
0,0,0.3827801966098658
0,0,0.3783649077957151
0,0,0.4207533704545898
1,0,0.46704138598869593
0,0,0.4047854008369877
0,0,0.29383411606332094
0,0,0.48825827725165083
0,0,0.37904122193275447
0,1,0.5254574087382412
0,1,0.7673048154586969
0,0,0.4427204313918073
0,0,0.3064135587388083
0,0,0.4051934553695017
0,0,0.24972613507213526
0,0,0.4150937353474187
0,1,0.5063791834571368
0,0,0.4410466739697789
0,1,0.6768157877766262
0,1,0.5744781600240966
0,0,0.49768154380657326
0,0,0.471925278338101
0,0,0.35971148537903025
0,0,0.4269838572753245
0,0,0.28749632498788574
0,1,0.5259276109525348
0,0,0.3993712337379234
0,0,0.2909967195144388
1,1,0.7827366407282369
0,1,0.7889422345675922
0,1,0.5543270151932193
0,1,0.7753996683923738
0,0,0.35065753866117605
0,0,0.23617328116985292
0,0,0.3437167378419075
0,0,0.43279036082195493
0,0,0.2726896111503813
0,0,0.2745255998213545
0,0,0.31639317804907835
0,1,0.5485188072691956
0,0,0.2615152015460325
0,1,0.8726973932234015
0,1,0.5415219422433527
0,0,0.23725364391855808
0,0,0.2654492764409317
0,1,0.7628337869583327
0,0,0.42454336677481286
0,0,0.3570954485889322
1,1,0.7297948491626314
0,0,0.18666198711065765
0,1,0.7159576999985763
1,0,0.40351570290292404
1,1,0.7014933763482122
0,0,0.37903856060940355
0,1,0.7403457902203165
0,0,0.3905732096728254
0,1,0.5106487912952128
0,1,0.5874246599604929
0,0,0.15718021404354354
0,1,0.6150518467182354
0,0,0.4384107296438247
0,0,0.4318188801440195
0,0,0.4184572357621044
0,0,0.376223538198215
0,0,0.3849596508758834
0,1,0.7072114057450185
1,0,0.30455243817999367
0,0,0.3271248699960916
0,0,0.2834628821260789
0,0,0.42485382462541216
1,0,0.38056932741647354
0,0,0.3836160849274381
0,0,0.4532097052045436
0,0,0.29294895145514155
0,0,0.3671888681590604
0,1,0.502680643998228
1,1,0.5847283503853224
0,0,0.40930978809581425
0,0,0.4106859394238899
0,0,0.417215643609286
0,0,0.4221267963068805
1,1,0.5133291956086331
0,0,0.17210395823427915
0,1,0.5995436958607682
1,0,0.2024797390644768
0,0,0.44788714485850584
0,1,0.5634393744050911
1,1,0.6861672806032513
0,1,0.5386042213130671
0,1,0.6862069177240392
0,0,0.3607288927516721
0,0,0.36926344597071914
0,0,0.05854690517328177
0,1,0.6190928935620843
0,1,0.5360054985446855
0,1,0.6827787402500418
0,0,0.10269062307313817
0,0,0.21633237727540408
0,0,0.4007178217213086
0,0,0.4803850222297068
0,0,0.4398994741789825
0,1,0.5483166233011354
0,1,0.62087026795834
0,1,0.5291307047125996
0,0,0.370384774633747
0,0,0.20080957949174832
0,0,0.20918193737168486
0,0,0.03885648734441131
0,0,0.39009318995669917
0,1,0.5323694491125311
1,0,0.35354663394593083
0,0,0.4201831291896356
0,0,0.4006021224488026
0,0,0.3249808325154652
0,1,0.5407647836702939
0,0,0.37501619071258635
0,1,0.6537124800819639
0,1,0.719248784259265
0,0,0.42755020949110895
0,0,0.31346368680201514
0,0,0.32696033403155134
1,0,0.2259291774641835
0,0,0.39384501165597213
1,0,0.40206144781935854
0,0,0.4536696303508677
0,0,0.3417658650796415
1,1,0.7499458435428095
1,1,0.504365916893949
1,0,0.13401830221374197
0,0,0.3294576280809081
1,1,0.6590364982853453
0,0,0.48334869104488454
1,1,0.6313692579950454
0,1,0.5484145311937036
0,0,0.30019749649356675
1,1,0.7981807215125892
1,1,0.6732285995626914
1,0,0.4386082268069371
0,0,0.47551374079234526
0,0,0.2989287634952339
0,1,0.5987611742449265
1,0,0.48673356215256397
0,0,0.42922944638565746
1,1,0.5358337532236792
0,0,0.22003102886532677
0,0,0.2856127633153351
0,0,0.3369134254412378
0,1,0.6199072177970298
0,0,0.43787692702342107
0,1,0.5374830327128725
0,1,0.6964895641055819
0,0,0.39079988106573676
0,0,0.43326042325427433
1,0,0.46909069706517986
0,0,0.2337488816282336
0,0,0.3287562232314517
0,0,0.3108516490206473
0,1,0.6044453444345976
0,0,0.2247461819125013
1,0,0.38524915102318846
1,0,0.37252645451891625
0,1,0.5420837986090392
1,1,0.5458481940428433
0,0,0.22106332546959523
0,0,0.2991065841971974
0,0,0.4138972451356526
0,0,0.37166995090144633
0,0,0.466739437510109
0,0,0.3823317598880264
0,0,0.32791706889939676
0,0,0.4102643324721392
0,0,0.27368846212772313
0,0,0.3741616955392955
0,0,0.3392757157192317
0,0,0.4344481001411053
0,0,0.3731006196811935
0,1,0.5287970779175677
0,0,0.3207192908651468
0,0,0.3498211798969436
0,0,0.1243120083691061
0,0,0.3228090823885172
1,0,0.4775166719346835
0,0,0.3280034016370651
0,0,0.41068551001325215
0,1,0.8489392925718958
0,0,0.19202834077864664
0,0,0.43281294432179396
0,1,0.5798121735989306
0,0,0.22134329819626636
0,1,0.5769012305882762
0,0,0.47653939656886973
0,1,0.655651124411141
1,1,0.614179800652715
0,1,0.6859303568095478
0,0,0.24648778993688306
0,0,0.39065166679798785
0,0,0.2742587432253415
0,0,0.43571798718601035
0,1,0.528962225161373
0,1,0.6112168737680778
0,0,0.49286146581562895
0,0,0.3057158659906318
0,1,0.6189745903417877
0,0,0.4613349167232145
0,0,0.17011199836438182
1,1,0.6169103652084276
0,0,0.24087758270378265
0,1,0.5637087658885257
0,0,0.44746285435962235
0,0,0.3871175844474682
0,0,0.3776513458175957
0,1,0.5696656177357441
0,0,0.3767146303511151
0,0,0.40543094857386613
0,0,0.4384338091600136
0,1,0.5985199177074167
0,0,0.4155053517105763
0,0,0.424862636395273
0,0,0.332402302636378
0,1,0.6900211360424654
1,0,0.49746147895707654
0,0,0.3750410903173566
0,1,0.5195933445468133
0,0,0.2673681634931136
1,1,0.545245148359828
0,0,0.34472517511002937
0,0,0.4596663313199082
0,0,0.36809741795801215
1,1,0.7346009971597826
0,0,0.47631103878918113
0,0,0.3945415749900828
0,0,0.2359192074758535
1,1,0.5559138280695314
0,0,0.19834613874527357
0,1,0.715218459933673
0,1,0.613154116543648
0,1,0.7060768201203372
0,1,0.6189258918284919
1,1,0.6491687240893899
0,0,0.3196279738280095
0,1,0.6733354814754159
0,0,0.2808936033280744
0,0,0.34479041782164405
1,1,0.6233365619529181
0,0,0.2706626306486469
1,0,0.4805017246915745
0,1,0.6559909729461217
0,1,0.6856685909211562
0,0,0.402716854302316
0,0,0.08989604936120875
0,0,0.3323238654273781
0,0,0.44117524193912383
0,0,0.26422556309723544
0,0,0.3208645305170679
1,0,0.49536866665346274
0,1,0.50575342432203
0,1,0.5431670733106597
1,1,0.5442890809870753
0,0,0.39847192442394336
0,1,0.5595776303742447
0,0,0.43892519673834446
0,1,0.7273016483203336
0,1,0.5257228646451119
0,0,0.3619783613071428
0,1,0.7300740380532194
0,0,0.4139899429278791
0,0,0.26469025966614107
0,0,0.46206196133895083
0,0,0.40593405389284537
0,1,0.5481265403071837
0,0,0.3934782199379354
0,1,0.5033452318349877
0,1,0.675041301294004
0,0,0.24755797003925742
0,1,0.5811334955347457
0,1,0.552777023149909
0,0,0.36576309061091955
0,1,0.5848079405136557
0,0,0.37796792719523803
0,0,0.005578191379293982
0,1,0.607354318690042
0,1,0.5198201193555075
0,1,0.6112502256868765
0,0,0.32879932037464066
0,0,0.29513399104681015
0,0,0.32572022346608465
0,1,0.5855573706681867
0,0,0.3565564074763723
1,0,0.34253485538983447
0,0,0.23687327576384967
0,1,0.6533485051209048
0,0,0.21192554869897456
0,0,0.3088814033609367
0,1,0.6545672820821298
0,1,0.6798960324734187
0,0,0.3005941337212428
0,0,0.3168351445084936
0,0,0.3921826954553229
0,0,0.4754782446654066
0,0,0.33616014356020485
0,0,0.3736328754852359
0,1,0.5673433198455077
0,0,0.3276188828185883
0,1,0.7626768743656284
0,0,0.39156486689653974
0,1,0.5610316247616999
0,0,0.40430941292596484
0,0,0.46169955240435273
0,0,0.42034642299926117
0,1,0.6120802810618968
0,1,0.5846492881839364
0,0,0.41372140950232283
0,0,0.3369848684231712
0,0,0.4377383484372068
0,0,0.30563844890259023
0,0,0.24396912376951618
0,0,0.22414009345188105
0,0,0.40170418597772745
0,1,0.7944274384013789
0,0,0.3104566305084262
0,0,0.37735848306911723
0,0,0.363062154488277
1,1,0.824543470639885
0,0,0.37486843951715787
0,0,0.009292747433693418
0,1,0.5225311177425652
0,0,0.21859797193276673
0,1,0.5720192398107379
0,0,0.3979404180196907
0,0,0.03659672421232889
0,0,0.46409058678421267
0,0,0.36721459369328296
0,0,0.38067111839693724
0,1,0.6123105970540219
0,0,0.43293989882033196
0,0,0.006724949157186241
0,0,0.31327976377006145
0,0,0.3144338248505529
0,0,0.4955766863658476
0,0,0.3223458153415661
0,0,0.4453213679887865
0,0,0.34522425067212
0,1,0.5739416255859113
0,0,0.2974193538984981
1,1,0.6561338417474545
0,1,0.5619745124942959
0,0,0.3706691114431502
0,0,0.29758490612364313
0,0,0.37979480685407235
0,0,0.32469826790288175
0,0,0.3082260104981566
1,1,0.5435165122306758
0,0,0.04219120309969489
0,0,0.4033379261063702
0,0,0.3884101109935634
0,0,0.49608750010628905
0,1,0.5682968679826622
0,0,0.25405827989383845
0,0,0.24261779964303518
0,1,0.5335636428011633
0,0,0.2865432173799986
0,0,0.3180349654010346
0,1,0.5967706786066392
0,0,0.45656736800446335
0,0,0.1420989199682151
0,0,0.34984788236978176
0,1,0.5732269913570568
0,1,0.5945360322338116
0,0,0.41605513532066485
0,0,0.3252236311723746
1,0,0.4794275098127367
0,0,0.423892898469137
0,0,0.2874308796514736
0,0,0.48003320112826836
0,1,0.5575394482907619
0,1,0.6859859109249907
0,0,0.3300915605597588
0,0,0.3631160673497227
0,0,0.37862795781189884
0,1,0.5205768891177109
0,1,0.5660933996901499
1,0,0.4236689468882739
0,0,0.4387466226954659
0,0,0.22096049911751378
0,0,0.36817707880763884
0,0,0.3077186257788406
0,0,0.3445865375771521
0,0,0.3317716741606522
0,0,0.16683646646295752
0,0,0.2676101509415636
0,0,0.3469887759914816
0,0,0.4797505163795382
0,0,0.41729182493114914
0,0,0.1536080883586717
0,1,0.6829344506107781
0,0,0.38828266933566463
0,0,0.486062171081594
0,0,0.09191977857499481
0,0,0.23830115268524252
0,0,0.4923268581425306
0,1,0.6320607950665005
0,1,0.5818489472622868
0,1,0.607629977841883
0,0,0.03817770388504683
0,0,0.3331288470514973
0,1,0.5130428529766174
0,1,0.513530812431168
0,1,0.7528207640443545
0,0,0.3685806618492157
0,1,0.6869239340851508
0,0,0.40971640794814906
1,1,0.7324115864972824
0,0,0.4176587769429888
0,1,0.5593393735494394
0,0,0.3194888468672121
0,0,0.015778672571215253
0,0,0.3697469855278932
1,1,0.5403924981116967
0,0,0.2671407556069395
0,1,0.6430322456559169
1,0,0.4882769119149887
0,0,0.2706452473203215
0,1,0.5269485640966386
0,0,0.3504320366845931
0,0,0.4129538644606344
0,1,0.8039879957241577
0,1,0.6122546187165288
0,1,0.6002172230287006
0,0,0.25459384179454386
0,0,0.3084670303838639
0,1,0.5100149069725824
0,1,0.5742259449436736
0,0,0.3642657943934301
0,0,0.008438841352673558
0,0,0.32083300976175233
0,1,0.631745417704007
0,1,0.644698351480601
0,0,0.33460103441230216
0,0,0.43446439310934787
0,0,0.27575662279729324
0,0,0.22207800608732287
0,1,0.7580384301532548
0,1,0.5037441348233632
0,0,0.2838119777734208
0,1,0.5242187900034965
1,0,0.4513177270263667
0,0,0.3115108544500075
1,0,0.45514728736273585
0,0,0.37686871980289227
0,0,0.23166064540532277
0,1,0.5062779084867384
0,1,0.5234593247220913
0,1,0.542571763402016
0,1,0.7016392387035179
0,1,0.7470898430136416
0,0,0.29359172746778595
0,0,0.48797321473710714
0,0,0.4629293367959988
0,0,0.14184505162837296
0,1,0.6809138864800675
0,1,0.6561917418387536
0,0,0.26195361452857224
0,0,0.4984274400957659
0,0,0.2731138553314871
0,1,0.5973878952357593
0,0,0.34108106745369293
0,1,0.6219303572480839
0,1,0.7191775722318475
0,0,0.005534733534089582
0,0,0.3230477843042376
0,0,0.459023430774166
0,0,0.4394281101930944
0,0,0.32686317395212083
0,1,0.6032090459837033
0,0,0.3842569740895886
0,1,0.6654421430344472
0,0,0.30343680347401625
0,0,0.4237462208066988
0,0,0.4064307634436039
0,0,0.002600737064627395
0,0,0.38795004064558636
1,1,0.6790175007922732
0,0,0.22587737632124696
1,0,0.4800883542379078
1,0,0.40243717364347115
0,1,0.6786317149020409
0,0,0.3042882535831394
0,0,0.4167549338391126
0,0,0.49230932886088963
0,0,0.22562891821657816
0,0,0.265671937076627
1,1,0.5466912630499444
0,1,0.604925939144632
0,1,0.5774843682470518
0,0,0.4758274154388869
1,1,0.6753306861284634
0,0,0.25485199807762476
0,0,0.423333108712444
0,0,0.43283295854852905
0,0,0.42956182896298306
0,0,0.38071916429615876
0,1,0.5327886713134776
0,1,0.5934162800552965
0,0,0.416677062350256
0,1,0.5906296223924488
0,0,0.40308566722509154
0,0,0.32727046060243864
0,1,0.5623583593823503
0,1,0.676482611475525
0,1,0.6371121291434572
1,1,0.7448191878506609
1,0,0.40684368057681347
0,1,0.6154334110350372
0,0,0.43867395141989957
0,1,0.7840810067052156
0,1,0.7105720465126529
0,1,0.8437890236074153
0,0,0.4665563946240304
0,0,0.4982149574501179
0,0,0.3216878416229472
0,0,0.46921630728854663
0,0,0.22258397252992998
0,1,0.6731197026603235
1,0,0.4652849234007738
0,0,0.4196487130370061
0,0,0.40829965203037105
0,0,0.2787661411972837
0,0,0.008917369991154969
1,0,0.36826272900665835
0,0,0.3437779701677197
0,1,0.5245368688895917
0,0,0.09770277112828445
0,0,0.20844975322352544
0,0,0.2788782607475174
0,0,0.4079303420136623
0,0,0.35539250564024927
0,0,0.2410278392661464
0,0,0.31455452844191684
0,0,0.001057757335748734
0,0,0.4429629012229362
0,1,0.5989072986499533
0,1,0.5266597101524723
0,0,0.44324017816128
1,0,0.4796539107304267
0,1,0.6525909260824135
0,0,0.345192035009644
0,0,0.3814794104437809
0,0,0.4008315761809921
0,1,0.6765191244692461
1,1,0.5362804378989566
0,0,0.07436529907497137
0,0,0.3986400970515946
0,0,0.3552487324490356
0,0,0.27764999253549255
0,0,0.2776588160232695
0,1,0.5212007563011957
0,0,0.3403360525318272
0,1,0.5123885319807534
1,1,0.7222879627664925
0,0,0.25358676158976684
0,0,0.44561598399752195
1,0,0.307723477694733
0,0,0.36258163263933474
0,0,0.46075216921286877
1,0,0.4179809038309356
0,1,0.5683388798941074
0,0,0.48129304619179425
0,0,0.2944578215182082
0,0,0.2884300116465209
0,0,0.42078893144472174
0,0,0.47480840775378336
0,1,0.7083217887152731
1,1,0.5372558835226596
0,0,0.3730660567203296
0,0,0.36491304622708937
0,0,0.4436969913615131
0,0,0.45489385348092926
1,1,0.6747987617310173
1,0,0.42965074580593404
0,0,0.438647691229155
1,0,0.47878995873145797
0,1,0.5332417828961211
0,0,0.42806143133436403
1,0,0.4097696083564752
0,0,0.46831670005232473
0,0,0.2964769777348969
0,1,0.5811765606149174
0,1,0.6172733129133765
0,0,0.40819795258466934
0,0,0.3077607524273676
0,0,0.39801702430502156
0,0,0.16016657962875488
0,0,0.2327072543571231
0,0,0.38045045860490334
0,0,0.3502949959595061
0,0,0.38488317379648945
0,0,0.3047019000313137
0,0,0.42967671974468546
0,1,0.6408036842920087
0,0,0.19986669157731055
0,0,0.39271157204049734
0,0,0.2807231695408419
0,1,0.5659761117091441
0,0,0.28292818085650956
0,0,0.2879047542466125
0,1,0.7098138382629611
0,1,0.7095991908764867
0,1,0.8119976791402173
0,0,0.10182486459529044
0,0,0.4322785459514406
0,0,0.3594083655462762
0,0,0.32222438020828514
0,0,0.3825658658643316
0,0,0.3548050630219113
0,0,0.24740080173575635
0,0,0.02660732312435111
0,0,0.02835205941673334
0,0,0.43253099935933176
0,0,0.4768873705004521
0,0,0.4679815099264963
0,1,0.7272079475904453
0,0,0.40638404611969636
1,1,0.5792996745393305
0,0,0.3188377322360244
0,0,0.3907379158121731
0,1,0.7162759238610699
0,0,0.38946854862964253
0,1,0.6066714501363243
0,0,0.3043520780311672
0,1,0.5416385050498076
0,0,0.4450589422718665
0,0,0.421157492854633
0,1,0.5808605992364831
0,1,0.6252931115154281
0,1,0.6588987401992116
0,0,0.44060282303835807
0,0,0.33624854312056923
0,0,0.40943045679563406
0,1,0.550355767037281
0,0,0.03641236494291968
0,0,0.35531919077991037
0,0,0.2980850801269913
0,1,0.5059438131955564
1,0,0.16130710784227545
1,1,0.6063307266824515
0,0,0.37138156807535305
0,0,0.3802539668199564
0,0,0.35104717971508537
0,1,0.5694560079706313
0,0,0.32153564766610787
1,0,0.3348514249717086
0,0,0.32233392888387824
0,0,0.392250919230027
1,0,0.27701622642371887
1,1,0.7469141892891005
0,0,0.16565538506332983
0,1,0.6068150297768682
0,0,0.3747590299195333
1,0,0.49914168873155895
0,0,0.4561269051055822
1,0,0.46241196697894643
1,0,0.4415544106678397
0,0,0.26868367644602037
0,0,0.352381446252185
0,0,0.37002651313976664
0,0,0.22852491687482138
0,1,0.5159404409135518
0,0,0.3500897770801327
0,0,0.3976663476065902
0,1,0.5016997566910151
0,0,0.06334943560854363
0,1,0.8120080210819373
0,0,0.38812534942844895
0,0,0.4598091846833084
0,1,0.5262877141037827
0,0,0.364257551910406
0,0,0.3815864017264575
0,1,0.5512474269743788
0,0,0.36708965002851995
1,1,0.6685549363756407
0,0,0.38205922998178526
0,1,0.5820586603297095
0,0,0.1847020608706762
0,1,0.6993303714005215
0,0,0.014945920763532416
0,1,0.7753389506856753
0,1,0.524702900659277
0,1,0.5520808962159217
0,0,0.3145240057543582
0,0,0.28813546302519594
0,0,0.22020249665953595
0,0,0.28732580320469003
0,0,0.4599417071815293
0,0,0.39184766538223986
0,0,0.2860093665246344
1,0,0.4808760678942991
0,1,0.6278502761781733
0,1,0.6340517451618166
0,0,0.12351697190062688
0,0,0.029129338276948438
0,0,0.342986960801499
0,0,0.18202494280762305
0,1,0.5996152209771884
0,1,0.5938426305067084
0,1,0.510909545175697
0,0,0.4195815419775384
0,0,0.4808762952682212
0,0,0.26724234406325925
0,0,0.4366884479406898
0,1,0.8488206591302054
1,1,0.8179403171706314
0,0,0.481626089365511
0,0,0.4033749078764305
0,0,0.27275821843057213
0,1,0.6687118895591223
0,0,0.4780564595528103
0,0,0.4967003190509943
0,1,0.5237067037066055
0,0,0.10214085953454485
0,0,0.4280011777137523
0,0,0.3003678530868213
0,1,0.5814770361199646
0,0,0.3303084365322944
0,0,0.33553839777435684
0,1,0.6538969557563428
0,0,0.48370404210087986
0,1,0.7653136742183643
0,0,0.3111231467569166
0,0,0.42411829416123603
0,0,0.4151260618951904
0,0,0.42664922265474825
0,0,0.4994142689275222
0,0,0.48871044296892757
0,0,0.06917606490869152
0,0,0.4369999312333424
0,0,0.29651904432046217
0,1,0.5013818816652321
0,0,0.337475626559171
0,1,0.5652517412564971
0,0,0.384046478646709
1,1,0.7186682343882594
0,0,0.24659077991737538
0,1,0.5973352093848401
0,0,0.3582294025040651
1,1,0.6424641290183112
0,0,0.31610852129973355
0,1,0.5688401735068402
0,0,0.424380596411463
0,1,0.570154142051955
1,1,0.6165463139058691
0,0,0.2400435261185799
0,0,0.4274874575288171
0,0,0.33902879612089337
0,0,0.36225377566040157
0,0,0.22250135866484855
0,0,0.005222956098912973
0,0,0.33530387777452375
0,0,0.1330084720064476
0,0,0.3428055900408563
0,0,0.20283576380089194
0,0,0.2786542973936083
0,1,0.5348316201207703
0,0,0.12093298413438797
0,0,0.33437791771493186
0,0,0.16152966282682463
1,0,0.4708891182780186
0,0,0.133754175909725
0,1,0.5732260318705625
0,1,0.5747729905611862
0,0,0.384375830695577
0,0,0.30737850171429704
0,1,0.5474500506272889
0,0,0.10717846122143167
0,0,0.2543315981033035
0,0,0.23471826785915287
0,0,0.39956350943418545
0,0,0.4930946598143396
0,1,0.5046313266146197
0,0,0.47990906936760935
0,1,0.5311650168150391
0,0,0.10462895386288168
0,0,0.395991174339572
0,0,0.4236225717283753
0,0,0.2911748171965319
0,0,0.34459120794595915
0,0,0.4063339118285036
0,0,0.49070473858300884
1,1,0.8262444439602598
0,0,0.26637308191921105
0,0,0.2340515213120472
1,0,0.4157144124778354
0,0,0.41602690147476107
0,1,0.5985235933825731
0,1,0.5408787891044644
1,0,0.25022835936261106
0,0,0.40931684570939053
0,0,0.48087816118526266
0,1,0.5655919786047903
0,1,0.6171103754828475
0,1,0.6517108363664667
0,0,0.17599430050748352
0,1,0.8529774346913536
0,1,0.7574644343355943
0,0,0.05585524209596528
0,0,0.4740415397107521
0,0,0.3258503799031185
0,1,0.5969440027434595
0,1,0.5045370366659386
0,1,0.8075677237460112
0,0,0.41657765784987133
0,1,0.5335055841542349
0,1,0.7017700056211403
0,0,0.39765183492005807
1,1,0.6374926756680591
0,0,0.1930721690647672
0,0,0.3725532363712496
0,0,0.45200766728024994
0,0,0.19895173113299608
0,1,0.6678689991338875
0,0,0.4060521313419617
1,1,0.5458757120268191
0,0,0.4893446731946591
0,0,0.24694450596813816
0,0,0.3511255197889406
0,0,0.48515244150578113
0,0,0.3686903106778322
0,0,0.2779221342379703
0,0,0.4361217221514581
1,1,0.7511101963945337
0,0,0.3640705645395166
0,0,0.3583586865426639
0,0,0.45574465598004044
0,1,0.9197543778590579
0,1,0.7160690908719057
1,0,0.43061902767738464
0,0,0.35946634027351776
0,0,0.3462067340909419
0,0,0.2264902686119436
0,0,0.4094838107066895
0,1,0.5731685029207869
0,0,0.25474644779131006
0,1,0.620641775410231
0,1,0.688425300037429
0,0,0.47885878989822966
0,1,0.5747892027433521
1,1,0.5266415278027122
0,0,0.4829226704717439
0,0,0.26942074578549546
0,0,0.4763393529546325
0,1,0.7227549888688606
0,0,0.2328287955736047
0,0,0.26595207666444687
1,1,0.8256163873530988
0,0,0.3044593877130287
0,0,0.30684996743799
0,0,0.39875988420864505
0,1,0.5508984429134671
0,1,0.8268066777700385
0,0,0.42483198770999375
0,0,0.31018689737840527
0,0,0.041474545489005664
0,0,0.4451642355614588
0,0,0.4248728263709488
0,0,0.3716771803584599
0,0,0.4325060820894644
0,0,0.38602260829359597
0,0,0.30127430564055485
0,1,0.6130472449286332
0,1,0.555395144970403
0,1,0.6664646886814467
0,0,0.2817676586730203
0,1,0.5842510592144493
0,0,0.4616134436236716
0,0,0.2665575019923576
0,0,0.17041211502689974
0,0,0.17215041186919844
0,0,0.4445565572616175
0,0,0.2786254698915306
0,1,0.8023806773724826
0,0,0.4510260584917228
0,0,0.4047445586188524
0,0,0.3708722465456784
0,0,0.1792866984326683
0,0,0.25496570120779843
0,0,0.3862161370605368
0,0,0.4495593060078105
0,0,0.4350114723166006
0,0,0.46360566487652216
0,1,0.6544173992399916
0,0,0.48021936102141655
0,1,0.5310270703761568
0,0,0.352029365728786
1,0,0.39834584304618853
0,0,0.1887752513052713
0,1,0.5714470868829291
0,1,0.6790675022718589
1,1,0.6058882014280601
0,0,0.47165355150101057
0,0,0.08057939447543486
0,1,0.5651835891176037
1,0,0.39058926065095534
0,1,0.7964743203407646
0,0,0.43851274796853773
0,0,0.4589036384117221
0,0,0.44194476020884765
0,1,0.6603056994174246
0,0,0.35464520524022897
0,0,0.22818811527590374
0,0,0.37054332933809647
0,0,0.4292364258153106
0,0,0.14962265286221985
0,0,0.17931064051576104
0,1,0.5144801258982752
0,0,0.29728224977110174
0,0,0.30935624289140373
0,1,0.5868319751444349
0,0,0.2502102588053111
0,0,0.4336144814731428
0,0,0.3924686186459435
0,1,0.6940847885913985
0,0,0.4290669621509244
0,0,0.10045211380919819
0,1,0.5531371003278156
0,0,0.4377585886577532
0,1,0.5547375145447414
0,1,0.8235619814846189
0,0,0.21982202809466078
1,0,0.4979400423418342
0,0,0.36778277775571294
0,0,0.4371977041291694
0,0,0.4886834292204707
0,0,0.43791146433955425
0,0,0.29269250698777977
0,1,0.6524408518502873
0,0,0.4147526419033964
0,1,0.5500899426765807
0,1,0.7248553316550962
1,0,0.3123651704169223
0,0,0.10543465694706666
1,1,0.6975294247423556
0,1,0.8685378138928913
1,1,0.8445059140158636
0,1,0.5692915018113854
0,1,0.737365943912241
0,0,0.22715566062368697
0,0,0.3970687088037009
0,0,0.09211648180184683
0,0,0.2351048489833305
0,0,0.40273785047018035
0,0,0.43495108012154354
0,0,0.2196907438556622
0,0,0.3343288644840821
0,1,0.5788497342763629
0,0,0.17753716067013395
0,0,0.4219995260782115
0,0,0.4642558092226608
0,0,0.2605526148287982
0,0,0.3677565887494824
0,0,0.4038489790641468
0,0,0.3682954250891902
0,0,0.31052224091443204
0,0,0.40697111071071057
0,1,0.5855283135950892
0,1,0.6240543220445474
0,0,0.30843680856605415
0,0,0.38592675367502977
0,0,0.33012251587241503
0,0,0.3473446956229582
1,0,0.12578103336614166
0,0,0.23604877997341203
0,1,0.513672777628852
0,0,0.47123570358473
0,0,0.4388413311432545
0,0,0.47440313581480437
0,0,0.0430560289235363
1,1,0.5465655892001448
0,0,0.2613895165502643
0,0,0.46455860918240893
0,0,0.44770048694655473
0,0,0.4440487686166312
1,1,0.66815731211685
0,0,0.4855172872048279
0,1,0.6498643316687377
0,0,0.28169492580997657
0,0,0.2677951311761034
0,1,0.5983836197326632
0,0,0.49037482443019503
1,0,0.35291224989288517
0,1,0.8205200172813488
0,0,0.37214365196722954
0,0,0.4738325697808895
0,0,0.39931465978351993
0,0,0.28785715372804843
0,0,0.24126755097227925
0,0,0.39334056151848756
1,1,0.7210890229185107
0,1,0.7659992415256637
0,1,0.5240616543392493
0,1,0.6682079462782987
1,1,0.7756496430521143
0,1,0.6833525480091043
0,0,0.37302161363959613
0,0,0.3129571530941793
1,0,0.44406823460825534
0,0,0.4480727219849738
0,0,0.3736224027492491
0,0,0.35672163231232423
0,0,0.308051609281862
0,1,0.5436477726444715
0,1,0.5270062311976862
0,1,0.5124447116241294
0,0,0.2202011568534362
0,1,0.558025665218163
0,0,0.4307136214050799
0,0,0.33707254712424584
0,1,0.506382273334036
0,1,0.5237205477997623
0,0,0.3776627397667644
0,0,0.35545798614700336
0,0,0.4856468208036068
0,0,0.09717489430185906
0,0,0.39477558355725145
0,0,0.39259958712113996
0,0,0.4220179795292645
0,0,0.2978031271650685
0,0,0.4703141130638949
0,1,0.5627210890772574
0,0,0.2971008018225231
0,1,0.5406194618188124
0,0,0.37015600480858313
0,1,0.555759910234437
0,0,0.4510514593714244
0,1,0.7633009802773686
0,0,0.34101463338073845
0,0,0.3010557477079793
0,1,0.6340272342421781
0,0,0.32489400678437436
0,1,0.6941144450201528
0,1,0.5555609953039085
0,1,0.5439492906720933
0,0,0.2950717231612361
0,1,0.5745955563100782
0,1,0.536223754307035
0,0,0.3819798286207391
0,0,0.46088171510242504
0,0,0.002499770426765509
0,1,0.6095237000185957
0,0,0.09015201335800872
0,0,0.3744624543845347
0,1,0.5621387639826204
0,0,0.397252015312603
0,0,0.3337757514366531
1,1,0.5220615534211372
0,1,0.7184049734442576
0,0,0.24299305008188118
0,0,0.1382931285176106
1,1,0.6603848182513675
0,0,0.393146946968032
0,0,0.4294644286295698
0,1,0.5721968642104074
0,1,0.556840711979398
0,0,0.2756577862508104
0,0,0.4478891654906813
0,0,0.2614025849390719
0,0,0.25164296579976986
0,0,0.19931971559472036
0,0,0.46767647990859196
1,0,0.4963262106329951
0,0,0.3254410897220348
0,0,0.14729912113870774
0,1,0.6177129984196432
0,0,0.32124500046285287
1,1,0.7411380388990494
0,0,0.21464589961229646
0,0,0.25826009298418473
1,1,0.7312324018500551
0,0,0.42662636834093937
0,0,0.20509102994469433
0,1,0.5723395918230877
0,0,0.2085801957430154
0,0,0.4873009309470655
0,0,0.33266268906148705
0,0,0.48035412092842084
0,1,0.5351522338400815
1,0,0.23548025642970755
0,0,0.20475276941508155
0,0,0.49482076131200964
0,1,0.5481644581353002
0,0,0.33022931665024463
0,0,0.48689166699284014
0,0,0.3722401264981384
0,1,0.6989631188988572
0,0,0.1033755807680527
1,0,0.21301596225563882
0,0,0.4357567782060164
1,1,0.6725974648986072
0,1,0.6059304439558446
0,1,0.7164069635591898
0,0,0.26432781151339296
0,0,0.3814158629333265
0,1,0.6144827323107201
0,0,0.3949151481637435
0,0,0.3740947894001592
0,0,0.41824408889258247
0,0,0.4797493946723834
0,0,0.21376632448635086
0,0,0.16048832513961797
0,0,0.2603265593290047
0,0,0.34380809012935365
0,1,0.6617957231965508
0,0,0.12105972163550222
0,1,0.5955219172284332
0,0,0.42791088965103635
0,0,0.13333449511149986
0,0,0.3851803926767954
0,0,0.4421704903925107
0,0,0.32036480646527066
0,1,0.7666979733352961
0,0,0.24096343345782642
1,0,0.22438431648923082
0,0,0.007923143557651767
0,0,0.40316055794576133
0,0,0.2397780828884523
0,1,0.6988213572044206
0,1,0.7088964593509358
0,1,0.6161346816699348
0,1,0.5019448541972762
0,0,0.3169948249017464
0,0,0.4520576191221436
0,0,0.43189771369186775
0,0,0.352120013349623
0,0,0.49531544035437897
1,0,0.4585300502325654
0,1,0.7347713195282825
0,0,0.2611364798938624
0,1,0.5676843519846062
0,0,0.4576036205976141
0,0,0.3125893151603389
1,1,0.6650682808610158
0,0,0.34341187781644067
0,0,0.3726657117509905
0,1,0.6832433552964337
0,0,0.3820828972203672
0,0,0.347103592103602
0,0,0.47575079195960557
0,0,0.2849931259106351
0,0,0.4557940709718896
0,1,0.5181208736358954
0,0,0.3008057090224466
0,1,0.6167304028243354
0,0,0.36222439709300097
0,0,0.050286267143622984
0,0,0.37095236023494305
0,0,0.28866428122225535
0,1,0.5471648268139346
0,0,0.27151291695475493
0,1,0.6174401461198064
0,1,0.7649687162212457
0,1,0.6685830001024597
0,0,0.0029260238154535895
0,0,0.2208333022397438
1,0,0.45831833785481724
1,0,0.4886108395824353
0,0,0.43564378072260296
0,0,0.44838424721412706
0,0,0.3528692008005831
0,0,0.3408257385865768
0,0,0.4501651987419504
1,1,0.6844077255679331
0,1,0.593117724060973
0,0,0.4082787711927265
0,0,0.2442623564855279
0,1,0.6190652363042349
0,0,0.4364521798091473
0,0,0.46657595244600464
0,1,0.5551226301787112
0,0,0.4036838622938978
1,0,0.4723952832514761
0,0,0.44104760614036115
0,0,0.021392976277407726
0,0,0.13533801693838823
0,0,0.31631686642364765
0,0,0.13562961443206076
0,0,0.005500918097771304
0,1,0.7147955597554602
0,1,0.7807082362519822
0,0,0.3217638055250778
0,0,0.2721092857817626
0,0,0.11619526252596499
1,0,0.3830975623232873
0,1,0.6142430896949733
0,1,0.544128854672419
0,1,0.7868870323572207
0,1,0.5634308578808994
0,1,0.5698692820294564
0,0,0.4186742480986342
0,0,0.39112744372003266
0,0,0.2757041768131145
0,0,0.493568862435603
0,0,0.47529011472089516
0,0,0.3815744162156922
0,1,0.6042355290654681
0,1,0.524973690468949
0,0,0.43752099055498517
0,0,0.4617479736347974
0,1,0.5959375866783657
0,0,0.28987741036380926
1,1,0.8120600960543558
1,0,0.40131545167676025
0,0,0.4695400030339002
0,0,0.40547315362233566
1,0,0.4264564591285531
0,1,0.508173318573365
0,0,0.4316437715281242
0,0,0.443683376266397
1,0,0.45198720159659395
1,1,0.5419585794481468
0,1,0.5964162991937171
0,1,0.6955071629822304
1,0,0.46158822886928635
0,0,0.3774229644877344
1,0,0.3198186353392265
0,0,0.4648693957426273
0,0,0.3938436992636698
0,1,0.5366108001105976
0,0,0.006512298691685786
0,1,0.8400041862374676
0,0,0.23282733012318363
0,0,0.16012673192737142
1,1,0.6962315064269538
0,0,0.3405835882536747
1,0,0.4791112672167025
0,0,0.4271139803299097
0,1,0.5785882245967846
0,0,0.38259671074495616
1,0,0.406524063483147
0,0,0.4642670131708933
0,1,0.612254854812193
0,0,0.00386943180530945
0,1,0.5333667569626542
0,0,0.4243362482027694
0,0,0.47802065819934886
0,0,0.3072006172629028
0,0,0.3627895511327507
0,0,0.3560164210843494
0,0,0.1265545476153108
0,0,0.4296657437679562
0,0,0.3603848401366782
0,0,0.41974199798533035
0,0,0.19816308830561832
0,0,0.3226278541463094
0,1,0.6228091990251554
1,1,0.520422531813621
0,0,0.38473404300466585
0,1,0.5859924870647978
1,0,0.4382345192941761
0,0,0.2512701363761332
0,1,0.633403222816071
0,0,0.39723369876599685
0,0,0.19053883556804843
0,0,0.12350503501947566
0,1,0.501198954262242
0,1,0.5944172586156478
0,0,0.49149379233306006
0,0,0.3760184085857586
0,1,0.5849102280676695
0,0,0.48359491855018405
0,0,0.3880455601101313
0,1,0.5063318527027227
0,0,0.27000461364975736
0,0,0.49782284233429186
0,0,0.28828756089064467
0,0,0.29387006089403334
0,1,0.5430967831213636
0,0,0.4447403526919809
0,0,0.3117665173520972
0,0,0.29584086715961155
0,0,0.49503805829860675
0,0,0.4415920084254383
1,0,0.3121492126851591
0,0,0.36398070036163205
1,1,0.5612002798898185
0,1,0.7173449262045778
0,1,0.5380587708324137
0,0,0.3435313576858318
0,0,0.42637461415432387
0,0,0.2603880880812676
0,0,0.18115826904524812
0,1,0.7148917783137907
1,0,0.4323539870107176
1,0,0.3771545483672567
0,1,0.6724270068041996
0,0,0.3995824332061042
0,0,0.47232156087004923
0,1,0.5259091960076809
0,1,0.6242616706919734
0,0,0.2964510947988326
1,0,0.09785981412755178
0,0,0.3124025656894698
0,0,0.4666514968301611
0,0,0.4316759023261399
0,1,0.5369950594185826
0,1,0.5242522764431726
0,0,0.1900205098548965
0,0,0.27519698689567546
0,1,0.6513785685106044
0,0,0.3215464992350049
0,1,0.5746957167767078
0,0,0.3876038981367305
0,0,0.2673528971932124
0,0,0.3772637517593764
0,0,0.3479796674890004
0,0,0.3916683525886883
0,0,0.3348523336345633
0,1,0.5078049531148325
0,0,0.3474852366606092
0,0,0.2873734402177605
0,0,0.11170144085177862
0,0,0.33196884604469473
0,0,0.42103047161078866
0,1,0.8124809258051525
1,0,0.2533595841216851
0,0,0.35449745885900535
1,0,0.2733614448819996
1,1,0.6307601899384245
1,0,0.43073250379837846
0,1,0.5826629235341763
1,0,0.2498926171901169
0,0,0.2775408723245118
0,0,0.3388725996340399
0,0,0.18042121261382482
0,0,0.47020154091980687
0,1,0.6304800231221559
0,0,0.4232127508640884
0,0,0.17048280876969923
0,0,0.4809811582081938
0,1,0.5218897149176249
0,0,0.383918920234701
0,0,0.44725917977641716
0,0,0.2279180459887078
0,1,0.5860444204459935
0,1,0.5562454582945056
0,0,0.45974212505216877
0,0,0.30806290643758694
0,0,0.3996139377459246
0,0,0.3429797231710985
0,1,0.5926840062853689
0,1,0.6048563968505464
0,0,0.33616865089412773
0,0,0.21264859395316676
0,1,0.7445397122615788
1,0,0.39437081967858945
0,0,0.3121735183594131
0,0,0.46350500374156123
1,1,0.688744898828136
0,0,0.43830365754100015
0,1,0.6406630395662073
0,0,0.3900460297984351
0,1,0.5658032753376782
0,0,0.2952693311445606
0,0,0.002752086131912256
0,0,0.10334334228698457
0,0,0.18246526314089967
0,0,0.49134980893381597
0,1,0.5369784085059549
0,0,0.016145771174735122
0,0,0.38007058600712473
1,1,0.5501717752459122
0,0,0.049082683683612904
1,0,0.48794801107294056
0,0,0.470465310073387
1,1,0.6008604405803444
0,0,0.2661724026710006
1,0,0.39337189965238367
0,0,0.42681824630591514
0,0,0.4494678936631057
0,1,0.5610099863923754
0,0,0.3082453806035725
0,0,0.43117028724643314
0,0,0.2599643931874858
0,0,0.2286832850307869
0,1,0.5078406661948687
1,0,0.39304216375274825
0,1,0.5906697470598272
0,1,0.5980868077863117
0,0,0.45516811421053
0,0,0.24926071249046583
0,1,0.6890413833771959
0,1,0.6341428515892915
0,1,0.6155484125934421
0,0,0.4568195828606779
0,1,0.6481135659166665
0,0,0.4384995475334651
0,0,0.4637943009400279
1,1,0.5731091250798424
1,1,0.6370605663930226
0,1,0.5191028076596086
1,0,0.20131074518344183
0,0,0.20293483286612854
0,0,0.36224678523074677
0,1,0.6035073715297746
0,1,0.7193864101754162
0,0,0.4216850039033118
0,0,0.4508670169194326
0,0,0.3507084461260431
0,0,0.4629676428887894
0,0,0.4027983915609323
0,0,0.4243063528428653
0,0,0.47471012577734206
1,1,0.6701746196517356
0,0,0.20259935554935807
0,0,0.4712788358875629
0,0,0.23959407275027547
0,0,0.21645848178789603
0,0,0.14966963287819776
0,1,0.5499257116612666
0,0,0.4426684401825089
0,0,0.495968354382742
0,0,0.4459228674471187
1,1,0.6487531894547585
0,0,0.484302749409162
0,1,0.6437981087732768
0,0,0.49795649424070354
0,0,0.42535397279370796
0,0,0.3638639770408127
0,0,0.3526192374632017
0,0,0.2974887059839086
0,1,0.5566989582046126
0,0,0.40559626589242875
0,0,0.47428865670689696
0,0,0.3276573229157705
0,0,0.4112812187486533
0,0,0.3080714055466006
0,0,0.3953971475641138
0,0,0.47317294005077715
0,0,0.29301544590286055
1,1,0.694248496000482
0,0,0.33903017735269125
0,1,0.6620309951185462
0,0,0.39653133734815943
0,0,0.3298810755221607
0,0,0.0875942954596463
0,0,0.39780239863078143
0,1,0.590628319085766
0,0,0.3742547579691415
0,1,0.5114700039355579
0,0,0.12335134508027874
0,0,0.2828029736208534
0,0,0.33833225072562984
0,0,0.23023807582503855
0,0,0.43107695462821244
0,1,0.5034047180306065
0,0,0.49511355905799265
0,1,0.6585744357664998
0,1,0.6294749880215026
0,0,0.4765835347883118
0,0,0.34482746871004144
0,1,0.8135326900813025
0,0,0.14767563181010798
0,0,0.005311212034690198
0,1,0.5289455054586965
0,1,0.5597153510417787
0,0,0.09132219811411278
0,1,0.5546012501095539
0,0,0.06560064781542263
0,0,0.43090987277017123
0,0,0.22197144430537674
1,1,0.7438716274201161
0,1,0.8342019095431925
0,0,0.39088747442431826
0,0,0.3734684824026026
0,0,0.381645522629335
0,0,0.29634738399918514
0,1,0.6359891693691807
0,0,0.2998735165921458
0,0,0.42719093658870266
1,0,0.3856896671190253
0,0,0.4888332751828249
0,0,0.446959479769337
0,0,0.28396902511183125
0,0,0.3909369094126836
0,0,0.4737350323072636
0,1,0.5994425392820498
0,1,0.7440597318613545
0,0,0.4756994317541081
0,0,0.381103107432417
0,0,0.33544222405854546
1,0,0.34599350252140243
0,0,0.3664872571381975
1,1,0.5559003762725754
0,1,0.6554215573597586
1,1,0.5519612505515135
1,1,0.722036693165252
0,0,0.4664732657946443
0,1,0.5300497369979668
0,0,0.3081856508779352
1,0,0.09058780580736764
0,0,0.17252187551111592
0,0,0.36284037563072546
1,1,0.6110381515612628
0,0,0.4210003720076714
0,1,0.8559288029052278
0,0,0.3540216028281689
0,1,0.6924843052722279
0,0,0.3831558356200315
0,1,0.5565993493776598
0,1,0.6778571303210461
0,1,0.5721364883180197
1,1,0.5310869635156678
1,0,0.4073148634374256
0,0,0.1686527201223943
0,0,0.4369361380815155
0,0,0.1978318213744364
0,0,0.11317397025553735
0,0,0.14863839085998437
1,1,0.5492024742762759
0,0,0.07973365048300789
0,0,0.3791698689356684
0,1,0.6179190169999668
0,1,0.5077563820276044
1,0,0.42267432481196887
0,0,0.3745064986745724
0,0,0.383260038988388
0,0,0.16915968400983913
0,1,0.5781825844261385
0,0,0.3540238733862047
0,0,0.4559243747658201
1,1,0.5368644181949735
0,1,0.5199901368087018
0,0,0.4534857626955256
0,1,0.5141652992647429
0,1,0.5728202234006845
0,1,0.9126480193608847
1,1,0.7113928867053497
0,0,0.2936455513039267
0,0,0.4029414545270378
1,1,0.7040121209989414
0,1,0.6015054224219281
0,1,0.5905400923410759
0,0,0.356498844239446
0,0,0.182190487283407
0,1,0.5048496442381857
0,0,0.3283391635901493
0,0,0.06129201404968782
0,0,0.3556391821600868
0,0,0.4459808152232905
0,1,0.5475065527098232
0,0,0.3087590065538858
0,0,0.13378775711053043
0,0,0.2817103560384735
0,1,0.5604114306064091
0,0,0.01380343202466851
0,0,0.3750924549781468
0,0,0.38360175099252375
0,1,0.5623769964705913
0,0,0.30490157527906325
0,0,0.4797524401182987
0,0,0.4733221279369459
0,0,0.4685508773446972
0,0,0.4078782081837216
0,1,0.5329515698346946
0,0,0.4233575988688901
0,0,0.34732601686941134
0,1,0.6078930135704617
0,1,0.7394126340081607
0,0,0.40966250863921766
0,1,0.776941232247036
0,1,0.7407941872698217
0,1,0.6237657214051985
0,0,0.38410069374057937
0,0,0.22256451304251362
0,0,0.3732731593259784
0,0,0.4779469881857555
0,1,0.6127384306677439
0,1,0.8467632937125106
0,1,0.6266098588511949
0,1,0.5954822156228607
0,0,0.425181495811805
0,1,0.5827645670382406
0,1,0.6873713592490727
0,1,0.6460683417656867
0,0,0.39284079712029774
0,0,0.4560564580116885
0,0,0.4520850827504244
0,0,0.49280300455812703
0,0,0.3257938742278804
1,0,0.36064426580514736
0,1,0.5344531121460184
0,0,0.47184964248270206
0,0,0.017612431451246933
0,0,0.35238888549400077
0,0,0.3636205973353181
0,1,0.6332631161164205
0,0,0.36803163539712563
0,0,0.4275386585875891
0,0,0.0012760770887281032
0,0,0.4619894786162939
0,1,0.5223221034971385
0,0,0.43683726457068767
0,0,0.46489200348324977
0,0,0.2969755927202258
0,0,0.3572764391872332
0,0,0.40520778466018237
0,0,0.4924505807466424
0,0,0.19277443530014424
1,1,0.6632502155787892
0,0,0.4768717711246135
0,1,0.5204905201272421
0,0,0.31020870876647655
0,1,0.8982733489105007
0,1,0.5835742015898687
0,0,0.3892814736833275
0,1,0.51947040687009
0,0,0.09403805954777479
0,0,0.40522945531386634
0,0,0.19037651496195868
0,0,0.4339936383860754
0,0,0.4296303579262754
1,1,0.6222252608314924
0,0,0.4913359443674694
0,0,0.0038404888272259127
0,1,0.6206695633482048
0,0,0.46590319048363427
0,0,0.2511347260190159
0,1,0.7138385801836489
0,0,0.24279662807339422
0,0,0.49204259937760786
0,0,0.47215229035038647
0,1,0.5286137827836773
0,1,0.5364112073614623
0,1,0.5886742954514533
0,0,0.16031116812072302
1,0,0.49483079002946107
0,0,0.31447732690600483
0,0,0.36260188078211203
0,0,0.48967946143542973
0,0,0.39084984722807536
1,1,0.5534105186218512
0,1,0.5217509093765317
0,0,0.2773946171251177
0,0,0.3499218051728002
0,0,0.22741256314483027
0,0,0.24109527750421883
0,0,0.25811228437168704
0,0,0.39122768556897486
0,1,0.9180812576459384
0,1,0.7319376621882835
0,1,0.5465383102057898
0,0,0.3298520241261133
0,1,0.557374451808771
1,0,0.4220899158102655
0,0,0.42265670906590425
0,0,0.1517246767256138
0,1,0.6422263723633009
0,0,0.42700214281156507
0,0,0.37154762391023066
0,0,0.2555701164379136
0,0,0.41228200112033203
1,0,0.3700816472269049
0,0,0.28259047184228825
0,0,0.36001996362733546
0,0,0.48186407615755356
0,0,0.3862225319367656
0,1,0.6236337022428953
0,0,0.2724592261533641
1,1,0.6009068376079703
0,1,0.5368460937464592
0,0,0.4668048740859766
0,1,0.5249873427863307
0,1,0.6282234178007846
1,1,0.7880343477824875
0,0,0.26401112709544516
0,0,0.46623723285272095
0,0,0.2813375709090738
0,1,0.5926347327760804
0,1,0.5757807698233031
0,0,0.3699065230546402
0,1,0.6975263382322626
0,0,0.44034652580436057
0,1,0.5531493778704819
0,0,0.443974730072504
0,0,0.3044767173920099
0,0,0.488163418604427
0,1,0.5493732515105175
0,1,0.5516089609552167
1,1,0.6631006111798139
0,0,0.3499803559811673
0,0,0.3821664544573202
0,0,0.4735932615338186
0,0,0.49489587548443864
1,0,0.23755911484130038
0,1,0.532752593631665
0,1,0.5729876116900874
1,1,0.6568204628033713
0,0,0.3784652687548357
0,1,0.5910456572818061
0,1,0.5065002090172387
0,0,0.2692167763689894
0,1,0.5457049070345804
0,0,0.38342665569510753
0,0,0.36823681266697905
0,0,0.23363686080290394
1,0,0.46795192729873347
0,0,0.4305740482989147
0,0,0.34995956534588546
0,0,0.4752328565107189
0,1,0.6209966283766348
0,0,0.2961412830553323
0,0,0.025934792398795377
0,1,0.5292911820726853
0,0,0.3630371173014554
0,1,0.591878350833034
0,1,0.5239697444295512
0,0,0.002635745923042606
0,1,0.5346423649730444
0,0,0.2355146165212993
0,0,0.2699780825888583
0,0,0.46317699198883516
1,0,0.3657741513958355
0,0,0.4712442602101371
0,0,0.14472583277168635
0,0,0.48183821936223253
0,0,0.3377112466367323
0,1,0.5567738356509675
0,0,0.48688098821375886
1,0,0.4953746598343411
0,1,0.564111750405006
0,0,0.019267366072167384
0,0,0.40353104240678667
1,0,0.4350573198613663
0,0,0.32204031206857664
0,0,0.2608884940461037
0,0,0.40181084599541333
0,0,0.33412551985093997
1,1,0.5641871400895992
0,0,0.4031921194659222
0,1,0.5755434623946997
0,1,0.5184409367952165
0,1,0.5821438920986834
1,1,0.6837440695955062
0,0,0.3515624492584977
0,0,0.3826685854105834
0,0,0.29278422255461484
0,0,0.2190650344609888
0,1,0.6096392388552322
0,0,0.2992304861097477
0,0,0.10430576060231044
0,0,0.2948313788187219
0,0,0.4096089332912221
0,0,0.41764225077621353
0,1,0.5714802347871315
0,0,0.4246802339310657
0,1,0.5694877756301212
0,1,0.7872746577299794
0,0,0.3885380622088925
0,0,0.29983964332120344
0,0,0.254976362598613
0,1,0.6422965996671657
0,0,0.4774067318939223
0,0,0.4636585851271939
0,0,0.25381001691799093
0,0,0.30741503074128007
1,1,0.5940515095493577
0,0,0.4120446765032854
0,0,0.3875170111547284
0,0,0.3664201145843324
0,0,0.48775719575121346
1,0,0.3689464368630226
0,0,0.4594983393055106
0,0,0.3837305114080984
0,0,0.3246005718813814
0,0,0.4277751334478115
0,0,0.3830724098621488
0,1,0.5876579902021682
0,0,0.28356465861446245
0,0,0.42900772058464093
0,0,0.3337030248374901
0,0,0.4269282403744241
0,1,0.8115987378170847
0,1,0.6110774815287642
1,1,0.794680630708395
1,1,0.6262492731080717
1,1,0.5579640992681225
0,0,0.26563425135346647
0,0,0.32488723388916807
0,0,0.19969983119436077
0,0,0.40430041462985145
1,0,0.3634958761614314
0,0,0.440250059569578
0,0,0.3364960966844838
0,1,0.6897861501436005
0,0,0.3696322468267614
0,0,0.2902001904034101
0,0,0.29747870724729064
0,0,0.13362801660396267
0,1,0.7351070713425049
0,0,0.18626089296409673
0,1,0.5766831799370336
0,0,0.2933521197758857
1,1,0.7502814278356272
0,1,0.7598407993366048
0,0,0.32682723685288473
0,1,0.6330179452231086
0,0,0.3382001964588795
0,0,0.381994330315336
1,0,0.0865514811604244
1,1,0.5066858584001492
0,1,0.5014811337090767
0,0,0.35880395669357074
0,1,0.7985090244518093
0,0,0.43403941651505357
0,1,0.549935612036263
0,0,0.21298772667792232
0,0,0.31767711909324053
0,0,0.20982044140380884
0,1,0.5517582041282187
0,0,0.07797979492930922
0,1,0.6518090853635014
0,0,0.4327296521459073
0,0,0.3204383874457449
0,0,0.4941618403956306
0,1,0.6481332203011769
0,0,0.46385484396759563
0,1,0.5242103220213657
0,1,0.5169961907146665
0,1,0.8157244387353522
0,0,0.26750812823462516
0,0,0.42115514565106565
0,0,0.3306714146083938
0,0,0.3147523514591497
0,1,0.5430103585207379
0,1,0.5176905287068474
0,0,0.34777223856288036
0,0,0.4185059120258016
0,0,0.26349610553687147
0,0,0.24635199798386428
0,0,0.2876782911837647
1,1,0.6970318389039655
1,0,0.277963057429076
0,1,0.5509499293244482
0,0,0.3085733900174802
1,0,0.35234441613912104
0,1,0.5373079769265491
0,0,0.43269856255704997
0,1,0.6880943563130977
0,0,0.3875946403435718
0,0,0.2238633500855651
0,0,0.3878275588032044
0,1,0.7108030926227727
1,1,0.5410008665421713
1,0,0.3932415197138035
0,0,0.32250045067618793
0,0,0.3802876392254146
0,0,0.33623431390057745
0,0,0.24802276622430697
0,0,0.39904747325056233
0,1,0.5322316607879448
0,0,0.005710069789045645
0,0,0.430101252720885
1,0,0.46408770037170766
0,0,0.362432518951381
0,1,0.5343446904843364
0,1,0.6309099384518069
1,1,0.6202716238217548
0,1,0.5412246697183686
1,1,0.6678936862629126
0,0,0.30635701248421876
1,1,0.5600495227766438
0,0,0.17845546438558493
0,0,0.44557397918423625
0,1,0.8478125495963242
0,0,0.29055649412085083
1,0,0.41537372799040106
0,0,0.4154390772871161
0,0,0.28109158775108833
0,0,0.18963057013699852
0,1,0.8615676714770893
1,1,0.8249065616776287
0,0,0.4388358578470353
0,1,0.513960132101099
0,0,0.3345115570487718
0,0,0.4307268258950106
1,0,0.41936439974530765
0,0,0.007428762581562065
0,1,0.5556779249166961
0,0,0.209643421027269
0,1,0.6677533252441007
0,0,0.3561120222594964
0,1,0.7403415566304472
0,1,0.8549749702261369
0,0,0.003953195882367436
0,0,0.3278051979019898
0,1,0.6002044045826243
0,0,0.4393952326635721
0,0,0.3835711336839694
0,0,0.3164421930606058
0,0,0.37873940054065464
0,1,0.7039725548097487
0,1,0.8638251163339111
0,0,0.447501245350191
1,1,0.5063458707990366
0,0,0.27455029974655154
0,0,0.47558604397722604
0,1,0.5394908744394775
0,0,0.47983040835194335
0,0,0.40121456929680993
0,1,0.5015215458103562
0,1,0.5799999328705986
0,1,0.5259212927259347
0,0,0.31487596076042734
0,0,0.10451800915621305
0,1,0.6172098228810583
1,0,0.43203663459398234
1,1,0.7566563922894937
0,0,0.18220631905854168
0,0,0.39011657475635475
0,0,0.31958153203556305
0,1,0.5050183804385474
0,0,0.16708788961417737
0,0,0.3203326764604302
0,0,0.49216647166274685
0,0,0.3857623988672629
0,1,0.60960860468785
0,1,0.67525420427096
0,0,0.3484798583517386
0,1,0.7332999615548983
0,0,0.4617118154784159
0,0,0.25682047998750435
1,1,0.6661865851073584
0,1,0.6030889551588509
0,1,0.6364472208634896
0,1,0.6111795362975652
0,0,0.2795365119382073
1,1,0.6542145552860933
0,1,0.7137103458028496
0,0,0.15263914006339052
0,0,0.4486270842601023
0,1,0.5561326914096257
0,0,0.3475101308840484
0,0,0.25643681641218
0,0,0.42983798211187163
0,1,0.724581288792285
0,0,0.003888833653048252
1,1,0.6573563194331684
1,0,0.40108041386245724
0,0,0.33900746024594386
1,0,0.3602452113212238
1,0,0.47537859820809863
0,1,0.515395182660158
0,0,0.35912773954903204
0,0,0.2575172561121696
0,0,0.24160362682859837
0,0,0.4042896255942421
0,1,0.5229959602813841
0,0,0.40167847654756417
0,0,0.3578139011020572
0,0,0.4337376102198686
0,1,0.5893080023250377
1,0,0.4938948979162529
0,0,0.43713598544726906
0,0,0.41481287502844344
0,0,0.3889889524817441
0,0,0.22018793865131275
0,0,0.47736853151624403
0,1,0.6711940477433079
0,0,0.4048855689240853
1,1,0.5497193438174868
0,0,0.4949147145105252
0,0,0.24711686275319725
0,1,0.7349784335522233
0,0,0.006591267544879576
0,0,0.4489669138079471
0,1,0.609419027893522
0,0,0.3851928745304018
0,1,0.7014919095831396
1,1,0.5264636823516458
0,1,0.5199128005791409
0,0,0.35960142448185695
0,0,0.38904642878522555
0,1,0.528892794154214
0,1,0.6431579432510438
1,0,0.3353433867213557
0,1,0.5455803065566398
0,0,0.4959191508073623
0,1,0.506368252923193
0,1,0.7418165914177255
0,1,0.5928178379813166
0,0,0.21922849277025527
0,0,0.28298783683795015
1,1,0.5367725863628141
0,0,0.30857568944046554
1,1,0.6654496957156826
0,0,0.12375496861458285
0,0,0.19617010013056857
0,0,0.4251264517048895
1,0,0.4116383810480983
0,1,0.6748805253264518
0,0,0.1718594496833537
0,0,0.30871022221304123
0,1,0.8162990796473181
0,0,0.45139563149653644
1,1,0.5703025433021907
0,0,0.0043032064132618834
0,0,0.31198344693061525
0,0,0.37150116329065186
0,1,0.6581075207745942
0,0,0.38800790534067303
0,0,0.40582246956210255
0,0,0.2909497045421258
0,1,0.5002359825565988
0,0,0.054834926547221725
0,0,0.4602612434349821
1,1,0.8840910305699824
0,0,0.35821393636130267
0,0,0.4114443217549531
0,0,0.37074183543442646
1,0,0.40406537240269447
0,1,0.6582896825230753
0,1,0.6439121156838813
0,0,0.4734479113279249
0,0,0.36709453544786463
0,1,0.6388668667918596
0,0,0.3532868891745357
0,0,0.43418331401962557
0,0,0.24997619066709886
0,1,0.7761159440967955
0,1,0.8465715733150374
0,1,0.5027190907681309
0,1,0.5633481486041411
0,0,0.2963316526044181
0,0,0.26236866611579174
0,1,0.5673406113147655
0,0,0.46480469023304316
0,0,0.3967731066012534
0,0,0.4298442346213311
0,0,0.47876459820522216
0,1,0.8043879860634086
1,0,0.3434914850539454
0,1,0.5614580098123967
0,0,0.4625838657704554
0,1,0.533008063027905
0,0,0.32209459649025907
0,0,0.08989531311298352
0,0,0.15856950513768792
0,0,0.44759961300457346
0,0,0.2805023140977606
0,0,0.2709006514173136
0,0,0.3360352972751561
0,1,0.8487080942537908
0,0,0.28735621560343305
0,0,0.41776709528332595
0,1,0.8232388355220812
0,0,0.3981749992530154
0,1,0.5198099393816046
1,1,0.5672363528023232
0,0,0.4124675399273225
0,0,0.24689436678534418
0,1,0.5004098576266462
0,1,0.6259019690841697
0,0,0.026758140066804596
0,0,0.43835516799357904
0,0,0.15087897814236467
0,1,0.7183515731616605
0,1,0.5339569642223269
0,0,0.39613507650816954
0,0,0.3305949265018083
0,0,0.49401038707100736
0,1,0.7182667276887095
0,0,0.4828244179784848
0,0,0.4982894294682294
0,0,0.20806939174668682
0,1,0.6628014000604135
0,0,0.28409706497957027
0,1,0.7453338489757071
1,1,0.5093030808531458
0,0,0.37629633641497146
0,1,0.571985092365342
0,0,0.48993338652766866
0,0,0.1622516212012203
0,0,0.44492384368777493
0,0,0.35021554142967565
0,0,0.402202576380974
0,1,0.506976096337366
0,1,0.5719714517900893
0,0,0.405868945326549
0,1,0.7787804466688409
0,1,0.6980498457686024
0,0,0.33407175557730484
0,0,0.3634952658496109
0,1,0.5868771857045972
0,0,0.3703830012268189
0,0,0.3648107279195574
0,0,0.41664058672811266
1,1,0.7747769376395882
0,1,0.5592857164013286
0,0,0.49421499147022574
1,0,0.38324527090576
0,1,0.5766048975744101
1,1,0.5241202090681562
1,1,0.8105603635647403
0,0,0.0035114720359023964
0,0,0.4446984791547705
0,0,0.13715415371962514
0,0,0.47331336177817523
0,0,0.3294474486963492
0,1,0.6250695165844284
0,0,0.4141476130280592
1,0,0.4985542970478399
1,0,0.40208121148649456
0,0,0.43077006416125085
1,1,0.8327258793007428
0,0,0.3205879225534283
0,1,0.6373554756249261
0,0,0.37463875724517337
0,1,0.5375527909124023
0,0,0.40367320711490456
0,0,0.36492084019726395
0,0,0.18401647896534443
0,0,0.34876872071101134
0,0,0.2622209227371202
0,1,0.519344355862516
0,0,0.13957586271167213
0,0,0.3228007945621711
0,0,0.32095401320022726
0,1,0.635346966312393
0,0,0.19553863120768383
0,0,0.3424489947646541
0,0,0.30980441663331715
0,0,0.44540046461638594
0,0,0.06414199453089901
0,0,0.3212092740088237
0,1,0.6860936020857156
0,0,0.34923225406675407
0,0,0.2897920366443286
1,1,0.5772231833313614
1,1,0.6069150711930446
0,0,0.07143775343104593
0,0,0.35644329659579393
0,0,0.26554788488804093
0,1,0.6085779473310414
0,0,0.39587939776224157
0,0,0.3944514932306536
0,0,0.26091838112692045
0,1,0.5512267902868034
1,1,0.6246079897127633
0,0,0.4481934138364852
0,0,0.44624392592049955
1,1,0.6962360144080553
1,1,0.5465403983125352
0,0,0.16795599257489602
0,0,0.2872538717794717
0,1,0.5576254192929143
0,0,0.47315274930685813
0,0,0.2918344335431008
0,0,0.25308085665883295
0,1,0.5206103547248527
0,1,0.5546694252868768
0,0,0.41383330560661186
0,1,0.5529446549167316
0,0,0.2852521853056247
0,0,0.21674940614118265
0,1,0.7760007210958446
0,0,0.2790440223573243
0,0,0.3711741512724526
0,0,0.47655545675114946
1,0,0.4885300031045407
1,1,0.7380030660327583
0,0,0.3941228898130377
0,0,0.22802617530953984
0,0,0.35593350407442514
0,1,0.5707783643214646
0,1,0.5679477632653029
0,0,0.4986489246097465
1,1,0.6587293373850007
0,0,0.43107987140668574
1,1,0.9277055762068803
0,1,0.5366516621653453
0,1,0.6317689566007615
0,0,0.30143931770896903
1,1,0.7460360495303636
0,1,0.6004726439824755
0,0,0.3578157814198161
0,0,0.3147234825349167
0,0,0.4651951916494402
0,1,0.6187035947521003
0,1,0.567782875694722
0,0,0.46503117229347196
0,1,0.5541387610146616
0,0,0.02854868782675059
0,1,0.849609509696481
1,0,0.2970261268356504
0,0,0.4663218246233414
0,0,0.31321379158214124
0,1,0.5747959472574011
0,0,0.4679226606568397
0,1,0.6717462062815459
0,0,0.34907868763224803
0,1,0.5409232759765903
0,0,0.00666701130350368
0,0,0.34871203619683006
0,0,0.3715415840168497
0,0,0.32808644770022694
0,1,0.5553867737287747
0,0,0.4811893777819108
0,1,0.5009736940867023
0,0,0.37928517836973097
0,1,0.5863053558924729
0,0,0.3143778254883292
0,0,0.2759610980574356
0,1,0.8743695159110955
0,0,0.3375482523125721
0,0,0.49634001993601407
1,1,0.8734434520696336
0,0,0.477800132798189
0,1,0.6485699293259036
0,0,0.439170134418623
0,0,0.34636285003680434
1,1,0.6269259786201242
0,0,0.3079395974264068
0,0,0.41341116393545396
0,0,0.24796952626113547
0,1,0.6169957644315923
0,1,0.5203719558566832
0,0,0.3567448752523925
0,1,0.7355962584190321
0,0,0.4665361299430739
0,0,0.26283051393594453
1,0,0.3829040504487939
0,1,0.5902577794700242
0,0,0.16399908262656623
0,1,0.6299556990911983
1,1,0.6029188158078661
1,1,0.825585424332251
0,1,0.5622507745972786
0,0,0.3238101172860009
0,0,0.4301253408868379
0,1,0.5926414938272919
0,0,0.36849490412080854
0,1,0.6226259592448459
0,0,0.33712845423949694
0,0,0.12559638490169717
0,0,0.23860695254638045
0,0,0.3369616563277311
1,0,0.35324939212154793
0,0,0.49317910903973783
0,0,0.38743455726263754
0,0,0.3412074044858779
0,0,0.43975094050074526
0,1,0.5783009321285371
0,0,0.34667035957316794
0,0,0.33106550150753217
0,0,0.4875735034454352
0,0,0.17123788273763968
0,0,0.041940014354546
0,0,0.3781785542758713
0,0,0.3714271789136124
0,0,0.4618567786272315
0,1,0.7056823723635143
0,0,0.39904101401840303
0,1,0.5053975380371019
0,0,0.4840820440387386
0,0,0.47931010788477624
0,0,0.4015414126351378
0,0,0.004350489089918649
0,0,0.4522897429612442
0,0,0.2731719164549154
0,0,0.2685514525289251
0,0,0.33193381747574047
0,1,0.7489533585980467
1,0,0.3295966770342333
0,0,0.4466496599164268
1,1,0.5582823350838219
0,0,0.3779068272318179
0,1,0.5141952324382023
0,1,0.544710468236782
0,0,0.34298524261223384
0,1,0.6286556814437638
0,0,0.327149471893865
0,0,0.4745172880403829
0,1,0.5552275725721687
1,0,0.4430200856476959
0,0,0.31932892695152104
0,1,0.6167680137753038
0,1,0.6536850323863682
0,1,0.6264843244012532
0,1,0.546477906705118
0,1,0.5027050293831783
0,1,0.5246355392907286
0,0,0.3053727606474298
0,0,0.40918526235576314
1,0,0.4969633286763789
0,0,0.47412803530935516
0,1,0.589704739972781
1,1,0.6507038796512232
0,0,0.4765182211253775
0,0,0.4917150099975688
0,0,0.2896269970478265
0,0,0.3736523820916951
0,0,0.3705281434223062
0,0,0.41629202636187757
1,0,0.3976558793985078
0,0,0.3347645066615712
0,1,0.7621005057689848
0,0,0.4765782999978283
0,0,0.07666589255879157
1,0,0.46807245461944874
0,1,0.524041958464826
0,0,0.009243763855909828
0,0,0.3293097508441511
0,1,0.5595704260248491
0,0,0.31985460598664267
0,0,0.3659268400421055
0,0,0.260779826662461
0,1,0.7930276795092901
1,1,0.907699305645617
0,0,0.09943930105950739
0,1,0.5911573028081563
0,0,0.32575989198547517
0,0,0.19667619977201112
0,0,0.3783031959644777
0,1,0.6594820387014224
0,0,0.43149008587889687
1,1,0.5213918884220392
0,0,0.287513020479975
0,0,0.3387881379729542
0,0,0.16990398466606588
0,0,0.4431460150454471
0,0,0.4810491273298241
0,0,0.20748205700277175
0,1,0.7376293477754541
0,0,0.3301155710714617
0,1,0.6572004547246844
0,0,0.4912394890616523
0,0,0.3727866197543488
0,0,0.48784164573854394
0,1,0.8037333495596871
0,0,0.4180870337690992
0,1,0.677643648032073
0,0,0.0036136032765117297
1,0,0.37069670728138604
1,1,0.8902755972854904
0,1,0.5006287600082425
0,0,0.4467956894294444
0,0,0.31148468180217775
0,0,0.4127103817939976
0,0,0.4735307852221195
0,1,0.8176938366070522
0,0,0.34415470820864347
0,0,0.2095820988268453
0,0,0.3917723774197327
0,1,0.5910952222133987
0,0,0.26549809300022104
0,0,0.09442289531407581
0,0,0.3232164433155576
0,1,0.5383453446718999
0,1,0.5913449425128874
0,0,0.4562604375936242
0,0,0.35170774440003416
0,1,0.7208524019311271
0,0,0.4644002613909115
0,0,0.33661229198461506
0,0,0.32188418710584277
0,0,0.17266196108277612
0,1,0.8545811311121341
0,1,0.5513902260286138
0,1,0.6036338163268431
0,0,0.32863979683223216
0,1,0.5631746232091056
0,1,0.666049187417743
0,1,0.694886872190202
0,1,0.766675568034742
1,1,0.5878232484221196
0,0,0.35176129220485275
0,1,0.5783473829958732
1,1,0.6596796280943706
0,0,0.36627425127319435
0,0,0.3986149866291334
0,1,0.6266878031449309
0,1,0.5961450170951428
0,1,0.569444730982007
1,1,0.715529602320404
0,1,0.7012492758178142
0,1,0.5782931893776756
1,1,0.8508540128798148
0,0,0.005614467432451562
0,1,0.7022035473387253
0,0,0.2627856258399901
0,0,0.3966720094372054
0,0,0.45567358738275965
0,1,0.6505332486988105
0,1,0.5515403893384165
0,0,0.3884654416971891
0,0,0.4078617267349109
1,0,0.3964142317677858
0,0,0.3493195315538807
0,1,0.697649311060517
0,0,0.46325334121753
0,1,0.5211958072364584
0,1,0.8787419034720549
0,0,0.2595757727289917
1,1,0.5610451366463615
0,0,0.43431474914837115
0,0,0.4869124226145301
1,1,0.548534616887914
0,0,0.48272962181059476
0,0,0.3660256683638615
0,1,0.550113541001657
0,0,0.48911347497521507
0,0,0.006002960134857473
0,0,0.447905067381342
0,0,0.38070691200066575
1,1,0.5746890890247401
0,0,0.1270535310875079
0,0,0.4573749690928669
0,0,0.376631989022367
0,0,0.24797753863859395
0,0,0.0843435235388364
0,0,0.48019849950147736
0,0,0.34312966288619784
0,0,0.10102266438151047
0,0,0.3550763364869039
0,0,0.3847715386202334
0,0,0.23685410671244217
0,1,0.6983982371787101
0,1,0.5126679898458922
1,1,0.797364776602594
0,0,0.34924374708726497
0,0,0.4322512001658849
1,1,0.5278325432395128
0,0,0.3339801286451455
0,0,0.30678486299052726
0,0,0.2504754709194857
0,1,0.5220153365557817
0,0,0.3736853105998995
0,0,0.4255929706499129
0,0,0.4203199744459277
1,1,0.8489958248158052
0,1,0.5009354291019192
0,0,0.32551752198498163
0,0,0.3211583240855703
0,1,0.5634004804540056
0,0,0.4091311493685276
0,0,0.33574890476490077
0,1,0.7817087292638277
0,0,0.4106947313469745
0,1,0.5211603792617934
0,0,0.360623172808119
0,1,0.5156379437702657
0,0,0.3299089577464521
0,0,0.4826645108312019
0,0,0.3263516683159212
0,0,0.06978963749456459
1,1,0.9085853588383718
1,1,0.6270130671997406
0,0,0.24960952980669374
0,0,0.02871655764156625
0,0,0.4304205899063983
0,0,0.3052239834346258
0,0,0.4800041407802715
0,1,0.5008479032490222
1,0,0.4077022208522167
0,0,0.08718334062866025
0,0,0.44874397108585257
0,0,0.3727004026708441
0,0,0.3239141082722803
0,0,0.008796606890169716
0,0,0.34469816801567627
1,1,0.6441937761502154
0,1,0.5076055425741622
0,1,0.604155343848264
1,1,0.5973937660623202
0,0,0.16116223890523215
0,1,0.5467735615103944
0,1,0.5173378684170992
1,1,0.8861587504897177
0,1,0.5785666779056781
0,1,0.66187900254793
0,0,0.3757209214878826
0,0,0.2848672138405257
0,0,0.23446104275095647
0,0,0.11091960963057608
0,1,0.5384418934321309
0,0,0.14802164699249648
0,0,0.4679755896615783
0,0,0.33152765926636124
0,0,0.4860060120976066
0,1,0.6605000703955751
0,0,0.28888057537969775
1,0,0.3400806107089975
0,0,0.45238808306218964
0,0,0.4333538305638296
0,1,0.8779994778309734
0,0,0.490608359865883
1,0,0.2044222117674588
0,0,0.43644890388895813
0,0,0.242288469517662
1,1,0.726163989677415
0,1,0.6836649285849602
0,0,0.3717579080032377
0,0,0.3274608542952451
0,1,0.5911520652953305
1,0,0.299320795664547
0,0,0.37325975310901766
0,0,0.42273840613912633
0,1,0.5729979281088259
0,0,0.30294406852355177
1,1,0.8488792161514819
0,0,0.3702270770972062
0,0,0.36831613750256503
0,0,0.38232971500218915
1,1,0.6932950934356192
0,0,0.31365413837444683
0,1,0.609795299843106
0,1,0.6213922851895263
0,0,0.05592096572124109
0,1,0.675354355465782
0,0,0.31471397431264797
0,1,0.6930513530555066
0,0,0.40262658424066106
0,0,0.4010730580183924
0,0,0.4690910015614058
0,0,0.41926835143259455
0,0,0.24928308960880027
1,0,0.4607714792138234
0,1,0.51800969624739
0,0,0.23996362126099632
0,0,0.31715820601916117
0,0,0.3066508935138944
0,0,0.45213081920997084
0,1,0.845746585545113
0,1,0.6712870215420966
0,0,0.26566262794569384
1,1,0.6361839693229544
0,0,0.24712725133581728
0,0,0.31199441181839044
0,0,0.38586065170016026
0,0,0.3015194175987371
0,0,0.4352920318830013
0,0,0.352819415289551
0,0,0.44922633896580805
0,1,0.6774649225157727
0,0,0.32546030730010495
1,1,0.5332808834240151
0,0,0.3187950484963323
0,0,0.37688771890214373
0,1,0.6093873623672842
0,1,0.8761151128999044
0,0,0.2590115164415335
0,0,0.3050757543432896
0,0,0.1410832783147884
0,1,0.7881839933850195
0,0,0.35865740894295023
0,0,0.22010138775451132
1,1,0.8142274335248529
0,0,0.4797656861481911
0,0,0.2495945038714308
0,0,0.17924195724097172
0,0,0.3683726038334838
0,1,0.5690473164037918
0,0,0.4521492108278484
0,1,0.8054914517670169
0,0,0.44709385777200655
0,0,0.25896665213273184
0,1,0.631495049962195
0,0,0.34644488092276643
0,0,0.4751716453258372
0,0,0.45009276035252244
0,0,0.4209192637268297
1,0,0.4706110094117159
0,0,0.3412410939787649
0,0,0.4732816820442149
0,1,0.6519511160162802
0,1,0.611758238342202
1,0,0.16817620860755506
0,0,0.49731293551814193
0,0,0.39942242796454724
0,1,0.6184260668867833
0,0,0.44976701112746026
0,1,0.6541724995029777
0,0,0.4207695061518008
0,0,0.16965198223133354
0,1,0.8026512673533142
0,0,0.3018354594142794
0,1,0.9119671163678068
1,0,0.4048005647589012
0,1,0.56105801779438
0,0,0.3145811251285038
0,0,0.25652189113549684
1,0,0.38714588550479645
0,0,0.3909882111486005
0,0,0.3651184462699113
0,0,0.4456347301225485
0,0,0.44937422224175344
0,0,0.39466257168199764
0,0,0.4139160069529094
1,1,0.66027805619454
0,0,0.26995298038428117
0,0,0.47505512669615413
0,1,0.5813903086490235
1,0,0.4449462541887785
0,0,0.4984017790422901
0,0,0.3985886426462528
0,1,0.552787239290351
0,0,0.22144853877238257
0,0,0.4711410424118003
0,0,0.38055313425550824
0,1,0.844422445737538
0,0,0.3432610854935425
0,0,0.31890055350468516
0,0,0.4508925485169551
0,0,0.4901173025537503
0,0,0.1593244393098916
0,0,0.2769047105975099
0,1,0.5341076080891773
0,0,0.3941222255926021
0,1,0.7868661675165729
1,0,0.49241070937642184
0,0,0.48176479545587997
0,0,0.4130636407743217
0,0,0.4284456593861352
0,1,0.694678014605306
0,0,0.4615289660653001
0,1,0.5030904866307108
0,1,0.6139780965636983
0,0,0.2980088203819117
0,0,0.28854114090316835
0,1,0.7163472724231518
1,1,0.6361801929002456
0,1,0.6289346728896715
0,1,0.5182449445869185
0,1,0.6295964267203181
0,0,0.2284116395749973
0,1,0.5744295230886322
0,1,0.530237655134527
0,0,0.3224747356227929
0,1,0.6343210851246489
0,1,0.6514823747255342
0,1,0.5070070643812116
0,0,0.2945304091181315
0,0,0.2817580879793622
0,0,0.3434509995148197
0,1,0.5667062537424961
0,0,0.38183972152927015
0,1,0.5146526200677917
0,1,0.5725016979703738
0,1,0.5504369819992608
0,0,0.4737964747734114
0,1,0.6054910738556114
0,0,0.37701282037357037
0,0,0.31906606610358806
0,0,0.3972736279758982
0,1,0.560721454950469
0,1,0.7449341853285358
0,0,0.4181647722715341
0,1,0.5643379852591234
1,0,0.44140554134034654
0,1,0.6283599387873879
0,0,0.358390600807161
0,0,0.4592273674847134
0,0,0.3644105679973657
0,0,0.4644960715523836
0,1,0.5106130526450354
0,0,0.4361706989143776
0,0,0.418418913172134
0,0,0.15078935497302381
0,0,0.29031365595583913
0,0,0.003058158757545275
0,0,0.394607108240754
0,0,0.34772961156585097
0,0,0.22186553491681116
0,1,0.5003927356636975
0,0,0.29978625690279553
0,0,0.2534498353931292
0,0,0.47592728694304703
0,0,0.004928141270492481
0,0,0.4835757892395795
0,0,0.4140240992588329
0,1,0.506570963880583
1,1,0.6210978652366006
0,0,0.3170448666446663
1,1,0.6660392985910746
0,0,0.3135254798468304
0,0,0.3371729339198643
0,0,0.2047575468421136
0,0,0.14014299076182846
0,0,0.0728784631477223
1,1,0.5952643522363611
0,1,0.5577097696733483
0,0,0.46737287905517666
0,0,0.4460147239671804
0,1,0.575576695554726
0,0,0.42694900666089003
0,0,0.4651788598014981
0,1,0.8283200074578059
0,0,0.35318022850158803
1,1,0.5502672316117522
1,1,0.7399239772757447
0,0,0.2429077237415711
0,0,0.49824017934354065
0,0,0.34993549906310123
0,1,0.7155237057028815
0,0,0.3214789937474207
0,0,0.12474729205010943
0,0,0.39677819848437296
0,0,0.0016239593514948516
1,0,0.43002783493926516
0,1,0.6791881991715324
0,0,0.2986259436900519
0,0,0.14777756391305466
0,0,0.37668741745491613
0,0,0.42495734483257014
0,0,0.4057476911386226
0,0,0.326869145850974
0,0,0.2343828248588543
0,0,0.32305565157128807
0,0,0.38118925617828725
0,0,0.2994680180541773
0,1,0.8409731176204384
0,0,0.16274182321853323
0,1,0.5387795769936535
0,1,0.55212853565608
0,1,0.5065338680730158
0,1,0.511983236841984
0,1,0.6199054873864032
0,1,0.5540458855443601
0,0,0.2726622767469079
0,0,0.2470378289559576
0,1,0.5277014041062038
0,0,0.3199011400932182
0,0,0.004366581642270931
1,1,0.5368443998127796
1,0,0.17407283823215847
0,0,0.29854395027471325
0,0,0.49145642985223764
0,0,0.27985305610620204
0,1,0.6026646664794734
0,0,0.22163635096698495
0,1,0.8298650994809423
0,1,0.5255611868670685
0,0,0.30786768308621876
0,0,0.33736416462089097
0,0,0.42300670017933034
0,1,0.8178055378568985
1,0,0.4572366569941217
0,0,0.00904665867438307
0,1,0.6064115462277898
0,0,0.47362096104341456
1,0,0.3743059289034083
1,0,0.3705722045722916
1,1,0.6086009633031909
0,1,0.5037433238821009
0,1,0.5218534455240452
0,1,0.6564915169651983
0,0,0.2571991341007981
1,0,0.49821080405873885
0,0,0.24890675792769074
0,0,0.3289074238376962
0,1,0.5870197394961838
0,0,0.371298216863277
1,0,0.30032346274384075
0,1,0.5413178948553156
0,0,0.42553183455038524
0,0,0.3729122614763603
1,0,0.31718669761708423
0,0,0.4846418984382202
0,0,0.20422001046374114
0,0,0.39287447238059503
0,0,0.32868734338087185
0,0,0.4340954051458224
0,1,0.633562062153732
0,0,0.4570925247373906
0,0,0.4103916471018748
0,0,0.32351349759992964
0,0,0.36074064602505823
0,1,0.5667677405290011
0,1,0.619146332548391
0,0,0.4379765267584613
0,0,0.35912686544473105
0,1,0.5872120381053132
0,0,0.299903626247289
0,0,0.3664767259365103
0,0,0.34920801288716274
0,1,0.7931416044897017
0,0,0.33611067355672086
0,0,0.2323708874705429
0,0,0.39999293863110374
1,0,0.42507311490743194
0,0,0.3950925943036979
0,0,0.284243080301135
0,1,0.7831344004976425
0,0,0.28736770166429
0,0,0.3944912496881414
0,0,0.45278712814119865
1,0,0.4211763076045112
0,0,0.329459179747727
0,0,0.4548468031261612
0,0,0.38908805985276373
0,0,0.43650446860097386
0,1,0.8719553140148084
0,0,0.3340706534056873
0,0,0.16422092874693392
0,1,0.7989750345259197
0,0,0.3713341156352528
0,0,0.2646287124634388
1,0,0.3841325646462307
0,0,0.34513682984261784
0,1,0.5036773527933754
1,1,0.8820225882581433
0,1,0.6016366687094922
0,0,0.36941082313244494
0,1,0.6930185157056796
0,0,0.004816709426657142
0,1,0.8337159299672132
0,1,0.5673446687021952
0,0,0.28445974596576923
0,0,0.3583449222971746
0,0,0.21922911782895063
1,1,0.6947722546582495
0,1,0.5916570295879888
0,0,0.38545261409885284
0,1,0.7214662995234999
0,0,0.3282952655279308
0,1,0.593211185499233
0,0,0.40680737526965227
0,0,0.1111416619058665
0,0,0.31155699912511564
1,1,0.502976181429437
0,1,0.5453397567493647
0,0,0.42878455970203394
0,0,0.4420163131992737
1,0,0.4322523593156907
0,1,0.5120854194960586
0,0,0.47509756123707386
0,0,0.03056108249762699
0,0,0.47582566352628874
0,0,0.2571191315030548
0,0,0.28897425494432083
0,1,0.8195015418195778
0,0,0.3196014999056004
0,1,0.6089027424272655
0,0,0.4221971708107003
0,0,0.34885839928987067
0,0,0.16133249090706356
1,1,0.7109394116071092
0,1,0.5157874937451417
0,1,0.62354077955851
0,0,0.37640011452646394
0,1,0.7348031972093719
0,0,0.003902314015533252
0,1,0.5474553043085495
0,0,0.49514200445496814
0,0,0.23674517919163435
0,0,0.4469588216145512
1,1,0.5333212431787149
0,0,0.15294805543600945
1,0,0.41548110174087005
1,0,0.43346646791220605
0,0,0.3647253070454756
0,0,0.3263833377631778
0,0,0.42026895625219224
0,1,0.6513176766382498
0,0,0.43124883633001415
0,0,0.371724830143899
0,0,0.3643280791835583
1,1,0.7602715963683411
0,0,0.45111859886666794
0,0,0.43229247867711623
0,1,0.7806694534020242
0,0,0.3490374610708654
0,1,0.7119910108186107
0,1,0.664098229313964
0,1,0.813765037998975
0,0,0.48443576259135734
0,0,0.2839520010175101
0,0,0.3436258428846327
0,0,0.34046591326881026
1,1,0.5854906058507356
1,1,0.6582508526809573
0,0,0.4292219228127637
0,1,0.5028734417534476
0,0,0.16408591864899613
0,0,0.4376015179449332
0,0,0.26428427376054603
0,1,0.6965266627539689
1,1,0.6883412132922844
0,0,0.4747594193671832
0,1,0.6148255511952769
0,1,0.7640768435468162
1,1,0.7106786060378341
0,0,0.28931448533445303
0,0,0.4974207536417442
0,1,0.6342742819721011
0,0,0.4003963540662539
0,0,0.38281092220204244
0,1,0.5804470331120299
0,0,0.3188138966796438
0,0,0.37667463117803646
0,0,0.37974532863224625
0,0,0.4788394000551455
0,0,0.36783732432143335
0,1,0.5732263486123118
0,1,0.7321503683398599
0,1,0.7497842520816624
0,1,0.5773414001363444
0,0,0.012303576056499796
0,0,0.42194410277947975
0,0,0.00946952617191619
0,0,0.31298959631674544
0,1,0.7698783752975193
0,1,0.6181126567395369
0,0,0.34960587821895384
0,1,0.6267102295295479
0,0,0.49795346759224185
0,0,0.48311707399615444
0,1,0.5095376691938
0,0,0.08494032923721043
0,1,0.6854635832575152
0,1,0.647206563968356
0,1,0.5949760617405923
0,0,0.23266887755970161
0,0,0.40699108743366275
1,1,0.6669730520025337
0,0,0.34959461505895734
0,0,0.25494326261787026
0,1,0.5898682514908239
0,0,0.43432722520585004
0,0,0.47601008583777304
0,1,0.5584316842993494
0,0,0.4569312120090696
0,0,0.431484986302449
0,0,0.22456230841365343
0,0,0.4906749947475536
0,0,0.07770642311482817
0,1,0.5322925852495443
0,0,0.4572377003302477
0,0,0.29786499318209775
0,0,0.4546384814962014
0,1,0.577952555381241
0,1,0.5218159728200569
0,0,0.3746402458330253
0,0,0.3826573744526986
0,1,0.6882677517996306
0,0,0.3361544507378938
0,0,0.05239706010504151
0,1,0.542386291939386
1,0,0.4111321727458299
0,0,0.3645497713253993
0,0,0.3465881526992554
1,0,0.4593653368502249
0,1,0.7797243495392407
0,1,0.6789706532899202
0,0,0.26200404056121596
0,0,0.38857179737893177
0,1,0.647766389281167
0,1,0.7718520890154678
0,1,0.6130944983038561
0,0,0.35088817427743935
1,1,0.5781291872962968
0,0,0.2774156595412678
0,0,0.406438621091155
0,1,0.5715552461095876
0,0,0.29137259483644024
0,0,0.42700786409424174
0,1,0.7901423710715911
0,1,0.6620919863367098
0,1,0.724694994060419
0,0,0.43549861188767225
0,0,0.40227036242580466
0,1,0.5216971606227445
0,0,0.46280536427177577
0,0,0.4655399565784346
0,1,0.678998566274359
0,0,0.456598611249891
0,0,0.4485680984850366
1,1,0.5206253786655372
0,0,0.49356734909117805
0,0,0.27817520085700154
1,0,0.3910459915515392
0,1,0.5575943490177616
1,0,0.2874340554908857
0,0,0.4713751920113386
0,1,0.5882969254531073
0,0,0.26565035984053303
0,0,0.24333621083982976
0,0,0.4614558984462803
1,0,0.35415399819329413
0,0,0.42644365043306387
0,1,0.6219674356653577
0,0,0.22705770512711101
1,0,0.32400339814827017
0,1,0.5754856445666459
1,0,0.4352574290356842
1,1,0.7258049185911726
0,0,0.4218782869323397
0,1,0.7060589698465588
0,1,0.5455686511149207
0,1,0.5957438741184004
0,0,0.13334919384441152
0,1,0.5587344455489957
1,0,0.4728768877772384
1,1,0.5048412803135163
0,0,0.09598945175457382
0,0,0.30183841493917934
0,0,0.3230269642772541
0,1,0.550642720741401
1,1,0.5002514811010752
0,0,0.41805873272954924
0,0,0.41961327100012613
0,0,0.28338702821662126
0,1,0.5706291686303995
0,0,0.340925212888846
0,1,0.557083090828022
0,1,0.6209803659840857
0,0,0.33895623916619483
0,0,0.22805938275131898
0,0,0.4487534668530477
0,0,0.4181038982393777
0,1,0.5440779561398195
0,0,0.476122014396927
0,0,0.39906808782879494
1,1,0.5722606151583921
0,1,0.6177758599639837
1,0,0.2022783976222165
1,1,0.6869117020467281
0,0,0.15366235558827498
0,1,0.5471829914545806
0,1,0.7349938400541844
0,0,0.4715804290484691
0,1,0.5099772285351248
0,0,0.012482313213647291
0,0,0.2730325698376916
1,1,0.6132775415099347
0,0,0.10175557358997853
0,1,0.5975465056434013
0,0,0.3809374517495804
0,1,0.542715644236183
0,0,0.3080040396622208
0,0,0.4644843384293407
0,0,0.2714954333989521
0,0,0.4870391832875388
0,1,0.5314390615443162
0,0,0.35840385238043276
0,0,0.2517149767732349
0,0,0.4410523289158871
0,0,0.35417710663221963
0,0,0.2899357703163041
0,1,0.5840353796203944
0,1,0.9643059650297773
1,0,0.4346472718572586
1,1,0.8973189459297582
0,1,0.6500744281066375
0,0,0.4837318719260172
0,0,0.32622395562180856
0,1,0.5827910709805366
0,0,0.3354071900446241
0,0,0.20736704762977293
0,0,0.39710322207900683
0,0,0.3236009097086115
0,0,0.36142633509677197
0,0,0.25174868357278357
0,0,0.4207073765420677
0,0,0.42252392674425354
0,0,0.2570151303755609
0,0,0.34386961897763674
0,0,0.4773818106801506
0,0,0.1010087590034032
0,0,0.2246822083820008
1,1,0.829444401278606
0,0,0.37022053419894535
1,1,0.6098928600510795
0,0,0.4091350870111409
1,1,0.7469658470523233
0,1,0.5504689945850171
0,1,0.6366034179377131
0,0,0.44187645340136755
0,0,0.3496261574697608
1,0,0.11561083507285616
0,1,0.5263496955363607
0,1,0.5983660871429269
0,0,0.4077502063582083
0,1,0.7847902551695617
1,1,0.7281925406867088
0,0,0.31920648854504957
0,0,0.2964706347385849
0,0,0.4338257928898684
0,0,0.0343396799149393
0,0,0.4450647362689036
0,0,0.3448676689647429
0,0,0.18145290573776127
0,0,0.3309183190954336
1,0,0.42104270814767614
0,1,0.5815406722019251
0,0,0.27684282534439475
0,0,0.46376664344579444
0,0,0.38976045746640925
0,0,0.22783608914086995
0,0,0.401854512917635
0,0,0.2537518599483529
0,0,0.46306077135033574
0,0,0.44439439329272346
0,1,0.5016040717709664
0,1,0.6321971082848991
1,1,0.663399198568384
0,0,0.4594827526550591
0,0,0.310101735479642
0,1,0.5566995973159656
0,0,0.4545939065355017
0,1,0.5553917311020848
0,0,0.41066100041634374
1,1,0.5773491676167827
0,0,0.39669311271984453
0,0,0.33034566251061426
1,0,0.4518806056996349
0,0,0.4454020696017127
0,0,0.43952397228929396
0,0,0.19059678670960567
0,0,0.3487564810164695
0,1,0.6226585117617237
0,0,0.44378770799859274
0,0,0.1805743306793115
0,1,0.5323135755865787
0,0,0.3930171830759116
1,1,0.8153497322897794
0,0,0.136256551554827
0,1,0.5938259159240381
0,0,0.19912807748213007
0,0,0.4217009595458101
0,0,0.45510148647397647
0,1,0.7943071119706961
0,0,0.44308171213577724
0,1,0.6247038951774065
0,1,0.5792972499889049
0,1,0.7662455679672633
0,0,0.3573140548971418
0,0,0.40136866231575263
0,1,0.5078585407380856
0,1,0.553401326923336
0,1,0.6647355760963438
0,1,0.6553502495677694
1,1,0.5379858420793662
0,1,0.6924829214069583
0,0,0.45213484063690235
0,0,0.07080325205923291
0,1,0.5262798555315638
0,0,0.13442519861229474
0,0,0.43429404489834966
0,0,0.14648816540870008
0,0,0.4888178805626059
0,1,0.57432645539473
1,1,0.7616204361572251
0,0,0.48964469492706447
0,1,0.5876815821201683
0,0,0.3259307558894542
1,1,0.532365412269705
0,0,0.21276514669518387
0,0,0.4635762131707607
0,0,0.38669698741413416
1,1,0.5129674840976219
0,1,0.7063232062933702
0,1,0.7622317017462262
0,0,0.31844614980650104
0,0,0.267592807875716
1,0,0.4901363189704551
0,0,0.39962184962221287
1,1,0.5355628713011031
0,1,0.6425152040977169
0,0,0.3581004577340163
0,1,0.6059168364465083
0,0,0.3456537517427227
0,0,0.4197444874397205
0,0,0.046653256696660754
0,0,0.4509393157637625
0,0,0.10865821492681639
0,0,0.2815402720910229
0,0,0.3859367033684701
0,0,0.4326793651689419
1,0,0.28199920870170664
0,0,0.37430824305422034
0,0,0.20846289053211753
0,0,0.27630481837273757
0,1,0.636704341488126
0,0,0.4819606416141362
1,1,0.8632217834702379
0,1,0.6327234992994338
0,1,0.6942920416590888
0,1,0.7689357416628222
0,1,0.5441873156232601
0,0,0.4666063370829745
0,1,0.631315386382718
0,0,0.4416431910029759
0,0,0.4457811084144961
0,1,0.5412390549511914
0,0,0.30190654886473506
0,1,0.6429839728677239
0,1,0.700686953385169
0,0,0.007364722889719594
0,0,0.42112716569329167
0,1,0.5677222041013302
0,0,0.20516125084176018
0,0,0.30382887816994103
0,0,0.286540600798443
1,1,0.5287221126635346
1,1,0.5333566436946658
0,0,0.4883941404093619
0,1,0.5059124510728557
0,0,0.24439786768984048
0,0,0.27094607650710695
1,1,0.8039196792022376
0,0,0.2879923599593935
0,0,0.41613200939357226
0,1,0.5491025215964813
0,0,0.09897788481937056
1,0,0.37168410781360556
0,1,0.5297806153890018
0,0,0.25489830942747915
0,1,0.5670171624795263
0,0,0.23985302492736046
0,0,0.306718224110995
0,0,0.43072508923757247
0,0,0.4731150357611335
0,0,0.008151670932903251
1,1,0.622815094733762
0,0,0.3811325209695464
0,0,0.43654011125878084
0,0,0.2952088057538991
0,0,0.3345668037494811
0,1,0.6622755318000104
0,0,0.30116705673979655
0,0,0.3531500777350115
0,0,0.28340033345057514
0,0,0.2905093222768979
0,0,0.41895841714726934
0,1,0.6175658104174471
0,1,0.5928791042904045
0,0,0.3895668417426569
0,0,0.3300275695506645
1,1,0.5201093047461495
0,0,0.26859175774141664
0,0,0.4563192062582581
0,1,0.6217506958422138
0,0,0.3286258030797852
0,0,0.46000964693481455
0,0,0.2726305721917714
1,0,0.3335663888194496
0,0,0.46746208297290504
0,0,0.006874085282527649
0,0,0.4716803301401438
0,0,0.09930651653742695
0,0,0.2402369631414561
0,0,0.0020047433597766154
0,0,0.3173164959291627
0,1,0.6506418145339635
0,0,0.4343200813544634
0,1,0.6592169683885277
0,1,0.6145362696979663
0,0,0.3594550470989066
1,1,0.5927886153333947
0,0,0.2811017689150372
0,1,0.7317132170993924
0,0,0.2825157935763328
1,1,0.507080678727576
0,1,0.5208664526897909
0,1,0.5491783627797214
0,0,0.3949041028031451
0,1,0.5804144380262957
0,0,0.27243651762630816
0,0,0.32221017803734736
1,1,0.6294982311047392
0,1,0.6901510688658364
0,1,0.6848123765616194
0,1,0.6151921363533196
0,0,0.42397913704173384
0,0,0.48084076010007176
0,0,0.44278439697689104
0,0,0.2974785016984285
0,0,0.4653656655460316
1,1,0.7442602095822893
0,0,0.44454900250227697
0,0,0.4309328699502758
0,0,0.4407373838456832
0,1,0.6034192039556694
0,0,0.49977643426877466
0,1,0.7075140157307309
0,0,0.22763708133482166
0,1,0.5822932343797038
1,1,0.5606769961942597
0,0,0.4679249233748244
0,1,0.8223655709480058
0,0,0.08846316776708185
1,1,0.5545375408761528
1,1,0.5010857623170931
0,0,0.4468141280248956
0,0,0.40931263817126323
0,0,0.4131083530735633
0,0,0.32300226866865034
0,0,0.4686314641856371
0,0,0.4065027819938195
0,1,0.7220480391147852
0,0,0.4803855155677419
0,0,0.3626865222985025
0,0,0.3329705501136862
0,1,0.662547183078203
0,1,0.6260476148585303
0,1,0.509164678816395
0,0,0.4671205801314672
0,0,0.36441871331085085
1,0,0.4115992367821632
0,0,0.4535727348034821
0,0,0.29695060023568415
0,0,0.4481586654261617
1,0,0.23413885844830906
0,0,0.4580074553360975
0,0,0.44973365854396197
0,0,0.2622813954577213
1,1,0.621165111247332
0,1,0.9095683065356729
0,0,0.3603779496133466
1,1,0.8571946180347263
0,1,0.5662903409542468
0,0,0.27536715425809244
0,1,0.5814506939455928
0,0,0.3716698611297656
0,0,0.4332606251086558
1,1,0.5586224185931243
1,1,0.5092864634188967
0,1,0.5752325689330342
1,0,0.4316970680706118
0,1,0.6108632673500162
0,0,0.3756348959305279
0,1,0.5844904928823708
0,1,0.501850298940282
0,0,0.3551653118559661
0,0,0.3585067694940042
0,1,0.6145655431688775
0,0,0.4312443618225253
1,1,0.5273903608285184
0,0,0.4443246870876962
0,1,0.5120056794183117
0,1,0.6761024374110705
0,1,0.5212759275958342
0,1,0.5821302127746641
0,0,0.0044136123267613046
0,0,0.4977604868256178
0,0,0.4982930818151115
0,1,0.6739452226164028
0,0,0.33336655860571696
0,0,0.29441372594274257
0,0,0.4828953844680274
0,0,0.413210074123822
0,0,0.44984296993811596
0,1,0.736473679770555
0,0,0.46506086745166875
0,0,0.4927780610008535
0,0,0.45930691974956267
0,0,0.37048074347588716
1,0,0.3293631542154037
0,0,0.39045325961756205
0,0,0.40300681151810686
0,1,0.6994996785734099
0,0,0.44459460395449835
0,1,0.5358086707964207
0,1,0.8653864213964743
1,1,0.5600200815943066
1,0,0.4408771348771992
0,0,0.26037902890523623
0,0,0.08992659362096911
0,0,0.3413292428684023
1,0,0.1995680932483913
0,1,0.5444571516588825
0,1,0.744036644284722
0,0,0.2571124677148537
0,0,0.28085253046299824
0,0,0.4856444305624505
0,0,0.36331274897168314
1,0,0.4882687934121662
0,1,0.5461988597024574
0,1,0.5757174100727515
0,0,0.356370673383783
0,0,0.4203717703004828
0,0,0.2986095240206946
0,0,0.2326558810192432
0,1,0.6027506936703247
0,0,0.3562585888686704
1,0,0.45602106261061087
0,1,0.5492249874343073
0,1,0.5561273502674713
0,1,0.5487264561501279
0,0,0.3065172475775584
0,0,0.42988478282665693
0,0,0.38489123705452377
0,0,0.4176954645350589
0,0,0.047021704386872185
0,0,0.4022229227616302
0,0,0.37837862520561666
0,0,0.2548282370237114
0,1,0.5621329248863418
0,0,0.35788760346455206
0,1,0.6295667697427104
1,1,0.5428137631730898
0,0,0.4322094173861471
0,0,0.29935055781520364
0,1,0.5147574190335007
0,0,0.42110417665280564
0,1,0.500155192761895
0,1,0.5682955242768953
0,1,0.5509312553167116
0,1,0.5169193369586571
0,0,0.0037147073737001496
0,0,0.0497826812358597
0,1,0.5642772569996145
1,0,0.3843118327272537
0,0,0.3395243000120443
0,0,0.4619125343181865
0,1,0.5313570013406719
0,0,0.28403333949427007
1,1,0.8840480260325476
0,0,0.2599125515526865
0,0,0.1110614591255248
0,1,0.6061828344077769
0,0,0.3801130501551669
0,1,0.7183779310253472
0,1,0.5485519422830378
0,1,0.5757983307213097
1,1,0.5334406107856398
0,0,0.40299712803359616
1,0,0.21776179482941677
0,0,0.3600823382910566
0,0,0.34565493691523336
0,0,0.38380689218068276
0,0,0.4313819441563026
1,0,0.48179559479501594
0,0,0.46716788596595116
0,1,0.707320118917118
0,1,0.5490649962331057
0,0,0.26817326132236907
0,0,0.34399619065589565
0,0,0.1260834184209148
1,1,0.6457190011494247
0,1,0.5984934434775491
0,1,0.7122725844076806
1,0,0.4138779927737527
1,1,0.7129391731395835
0,1,0.7400020692822433
0,1,0.5205955224959443
0,0,0.3117858478915903
0,0,0.37619052656763075
0,0,0.15013911842928165
0,0,0.4829309471640641
0,1,0.5259564232917213
0,0,0.33515461252968726
0,0,0.43820863747596
0,1,0.5278706833515048
0,0,0.37969489683287416
0,0,0.22341626696351197
0,0,0.440423615587452
1,1,0.6881584987466824
0,0,0.46263319828158483
0,0,0.18199088408600317
0,1,0.523710099555109
0,0,0.41018166580877097
0,0,0.23839169350861228
1,0,0.29383243736756826
0,0,0.4286466345441316
0,0,0.4286117986224355
0,0,0.4274045035892322
0,0,0.4534226197754292
0,0,0.010094895389344232
0,1,0.5198494613210817
0,0,0.37486979202933707
0,0,0.4269024798460237
0,0,0.48033773229113014
0,0,0.3042816008634969
0,0,0.22553371140630088
0,0,0.4636950356701705
0,1,0.7419833914710761
0,0,0.3773802127459792
0,0,0.3814610822168039
0,0,0.31104913870828427
0,1,0.5252319546225732
0,0,0.38972929791887856
1,0,0.3051285686506819
0,0,0.35356211302770396
0,0,0.4772829203146477
1,0,0.43249468088218934
0,0,0.18901729270078227
0,0,0.3892374753310498
0,0,0.14872791193229706
0,0,0.23468720922647007
0,1,0.5428568774646818
0,0,0.0040331751430124135
0,0,0.384847596022602
0,0,0.44932890165670863
0,0,0.13133417794826915
0,1,0.5376727434443769
0,0,0.42550601048393444
0,0,0.34368308040485535
0,0,0.3477205099501403
0,1,0.6733338661539181
0,1,0.6614256570409281
0,1,0.6186697096740955
0,0,0.37456637046557595
0,1,0.6028572315460681
0,0,0.3934665524853333
1,1,0.8069213037518471
0,0,0.49309519129625695
0,0,0.3591873921997523
0,0,0.10289648239882712
0,0,0.3183432257542039
0,0,0.27500060821478534
0,0,0.369626059504003
0,0,0.395871482152494
0,1,0.5333289787736435
0,0,0.49677752052309965
0,0,0.4902165426086621
0,0,0.47448607521074604
0,0,0.3205601595143836
0,1,0.624950667143363
0,1,0.6443330526468454
0,0,0.24326391029459143
0,0,0.2776191888764446
0,0,0.3798209990050198
0,0,0.44905363722219105
0,1,0.6629997952609336
0,0,0.12199895187831812
0,1,0.7614023039916884
0,1,0.6156953287510624
0,0,0.2648566546500069
1,0,0.38646244247517253
0,0,0.3452514462099875
0,1,0.8222969306468461
0,0,0.47796251794120465
0,0,0.34766822481772075
0,0,0.464629384105866
0,0,0.4535790905054291
0,0,0.33409718951298323
0,0,0.36442920322865674
0,1,0.5753261883262101
0,1,0.5468276846596325
0,1,0.5177996058923995
0,0,0.3585898029797544
0,0,0.2191472933573592
0,1,0.5527404285505334
0,0,0.09294992660824235
0,0,0.3460095004352216
0,1,0.5049314816887767
1,1,0.5291113766576953
0,1,0.5850914889858364
0,0,0.43751972104389913
0,1,0.5170665291406344
0,0,0.2303956218450972
0,1,0.7114108323343141
0,0,0.37576728436216283
0,1,0.5713164674193607
1,1,0.6814784944933983
1,0,0.2896363743972227
0,1,0.6763626666680026
0,0,0.43679952255447213
1,0,0.45863527857570296
0,1,0.5134674151526373
0,0,0.4364479342918797
0,0,0.26676151159914024
0,1,0.730616819595899
0,0,0.3183790840919522
0,0,0.43607448254626685
0,0,0.3957743144139495
1,1,0.6638522291974992
0,1,0.6232414598086199
0,0,0.07116210575249504
0,0,0.4534264901712072
0,0,0.3747750174942059
0,0,0.010975110156940901
0,0,0.4510244145223711
1,1,0.6727464249182761
1,1,0.6951974912695597
0,1,0.5521183526756231
0,0,0.13918651349590322
0,1,0.7739983071552672
0,0,0.2673043815009608
0,0,0.4641681876909918
0,0,0.3729244582608711
0,1,0.7594772405082277
1,0,0.3697884622218988
0,0,0.34887939965014503
0,0,0.383624600554699
0,1,0.6847762170639542
0,0,0.39030658125931866
0,0,0.2730512480259026
0,0,0.11413788275104389
0,1,0.8204348783521994
0,0,0.49619448816731754
0,1,0.6720140558452742
0,0,0.45482949345123386
0,0,0.003974085499742394
1,1,0.8448838456724054
0,0,0.30746964455196873
0,0,0.3892078951476231
0,0,0.42057883106291843
0,0,0.392878566291197
0,0,0.006047771457873784
0,0,0.21306891929571992
0,0,0.2899218291513923
0,0,0.3872053312406652
0,0,0.4193367274034543
0,0,0.4496840046066002
0,0,0.3326810789002089
0,1,0.5546514088416404
0,1,0.5107563417324948
0,1,0.6519944038006952
0,0,0.3285146451022633
0,1,0.5493064466068388
0,1,0.5307175812868496
1,1,0.6546045483778171
0,0,0.39162169475152353
0,0,0.2803147578128817
0,0,0.33964444974004493
0,1,0.5086751213227693
0,0,0.347586445438051
0,0,0.33261515774260814
1,1,0.7322971428936903
0,1,0.5119237686511736
1,1,0.5251447739705332
0,0,0.2867599662865524
0,0,0.2411840616235254
0,1,0.624873746047173
1,1,0.6299197596041173
1,0,0.3912117681150743
1,0,0.3340608395974886
0,1,0.5289037857312018
0,1,0.6457365307024227
0,0,0.3457360642158496
0,0,0.19952116560672917
1,0,0.3007261126583922
1,0,0.3939861448009199
0,0,0.40632678582160925
0,0,0.18916565585255604
0,0,0.43933643450513055
1,0,0.43611606300010175
0,0,0.4192312180723426
0,0,0.44824752360551434
0,0,0.2908296057467411
0,1,0.5625373365758954
0,0,0.30841978987010105
0,0,0.3531395408258529
0,0,0.4845833996045164
0,0,0.14576537852477395
0,0,0.27013806191634054
0,0,0.4274413674283591
0,1,0.6978430058404377
0,0,0.004398403870039989
0,1,0.5392679069053503
1,1,0.5556737411517884
0,1,0.5009886963203519
0,0,0.269742009730816
0,1,0.5587748142424553
1,1,0.5015088371799408
0,0,0.4330683412471587
0,0,0.29891032160260633
0,0,0.14586917269783575
0,0,0.2831632638193933
0,0,0.019581663717432515
0,0,0.4803021605281434
0,0,0.4006608358756648
0,0,0.07840516830377148
0,0,0.2336404484575325
0,0,0.432344740483318
0,0,0.11698311660355379
0,0,0.39122936139893477
0,1,0.8013647641112418
0,1,0.8375796456909097
0,0,0.27687174705991935
1,0,0.30544043205960864
0,0,0.2859810705440616
0,0,0.39013346360804174
0,0,0.44744591105723097
0,1,0.5938055704251607
0,0,0.22734518920794453
0,1,0.5470192842560805
0,0,0.4437931517396303
0,0,0.37873918609384266
0,1,0.5275538527617448
0,0,0.44384990601782315
0,0,0.42717267949478566
0,0,0.4651982970174164
0,0,0.16757320773547393
0,0,0.3508521060449686
1,1,0.5111828324425619
0,1,0.5832615188277359
0,0,0.4702158046588001
1,1,0.5539451096426218
0,0,0.22907337862584806
0,1,0.5837721611978834
0,1,0.881933145182872
0,0,0.3143329188973298
0,0,0.2489894279073179
1,1,0.5221899632195843
1,0,0.3489040655842983
0,0,0.49266269383657696
0,0,0.28484005139881113
0,0,0.19784708554767583
0,1,0.5303059818953403
0,0,0.4766132765747502
0,0,0.4827588353998078
0,1,0.7233802608574996
0,0,0.3396692299347844
0,0,0.2143726807217463
0,0,0.24942789923316475
0,0,0.3888801648329024
0,1,0.5070380367853645
0,0,0.37138113619009583
0,1,0.6997641978232187
0,0,0.36552881727945913
0,0,0.3743450226487568
1,0,0.414546243222229
0,1,0.7176015641425497
0,0,0.3946312726949315
0,1,0.5330214000504073
0,0,0.22732059293312532
0,1,0.6760284734552975
0,1,0.6622362289961422
0,0,0.3912751575583865
1,1,0.5307910457980707
0,0,0.4079838036604264
0,0,0.3847252383123633
0,0,0.45402899772732924
0,0,0.3400247348785124
0,0,0.3841818325973615
0,0,0.49523681075715664
0,0,0.42249451433968055
0,0,0.13727562461019507
0,0,0.2516051515637513
0,0,0.25355062701516856
0,1,0.6457029866567419
1,1,0.6892493307331093
0,0,0.3626680834521963
0,1,0.6886334144576403
0,0,0.2877633039492078
0,0,0.3805748166462229
0,0,0.1358850110030128
0,0,0.4854521285212191
0,0,0.44690654207916863
0,0,0.3354703978782677
0,0,0.0900682060657626
0,0,0.4601956395754407
0,1,0.5143471293243214
0,0,0.36209685933640695
0,0,0.46933257619064056
0,1,0.7537997855056413
0,0,0.30011812386932035
0,0,0.44509573688412046
0,0,0.49296904410146647
0,0,0.3897427431628558
0,0,0.4141933678223731
0,1,0.5525827989747504
1,0,0.2216208206546826
0,0,0.2234795504744356
0,0,0.41787091217128775
0,0,0.2948844975157197
0,0,0.22380495221812288
0,1,0.5260645409111558
0,1,0.7077021301009375
0,0,0.25913288974475385
0,0,0.21089794176184298
0,1,0.6126228268545361
0,0,0.20902462073863867
0,1,0.6557787239242268
0,1,0.5528560344147782
0,0,0.2078396327711591
0,0,0.45392716612055123
0,0,0.1802372268030655
0,1,0.6411923575441378
0,1,0.5137956773927982
0,0,0.47455797131927785
0,1,0.6223729526272601
0,1,0.5668982041739448
0,0,0.38059921388285206
1,1,0.5228686483973413
0,1,0.5332836616179184
0,0,0.38330671380214537
0,0,0.3853386580833497
0,0,0.35658721055857723
0,0,0.4757151541606254
0,0,0.30644171563679345
0,1,0.5357941907557353
0,0,0.23464643524542697
0,0,0.4610061076921309
1,0,0.3244325156586011
0,0,0.3402495524469763
0,1,0.562183419083033
0,0,0.3941871842655512
0,0,0.42981956369188296
1,0,0.3857381756090008
0,1,0.523742365739551
0,1,0.599005985457523
0,0,0.3591170517592685
0,1,0.6351496142372438
0,0,0.003456230868780181
0,1,0.5011858672656202
0,0,0.2448165768738256
0,0,0.1277767563568126
0,0,0.46012659765010366
0,0,0.1635165638666131
0,0,0.3650811476179109
0,0,0.32703130425755084
0,1,0.532202785809016
0,1,0.6980088655287656
0,0,0.49204328141052794
0,0,0.23240386146871472
0,0,0.3871871874156978
1,1,0.6760797053788096
0,0,0.40271030037577366
0,0,0.41662588233528275
0,0,0.33635570570851697
0,0,0.44446483490936256
0,0,0.4051408825693572
0,0,0.4269398624821683
0,0,0.3134336371330538
0,0,0.16517997576952456
1,1,0.5826084032154067
0,0,0.3673577826236367
0,0,0.387020575101311
0,1,0.5031426035519956
0,1,0.5169554596162751
0,0,0.43815244196671005
0,0,0.46933320515087323
0,1,0.5390515150120234
0,0,0.2444201937205729
0,0,0.3754597757788898
0,1,0.5499419402451793
0,0,0.47547521321513303
0,0,0.006322910496333845
0,0,0.28133137784542095
0,0,0.29288376021499307
0,1,0.7242912415282202
1,1,0.7443075717498641
0,0,0.37599067948737125
0,0,0.3773590489579022
1,0,0.39810331179394426
0,0,0.2896810625740266
0,0,0.17997584154421334
0,0,0.2513460283178554
0,0,0.36819842234949396
1,1,0.5319753993836859
0,0,0.47250756445070763
0,0,0.3046536787285848
0,0,0.4506906546225259
0,1,0.5317026779754763
0,0,0.4312525720956511
0,0,0.2569287871544344
0,0,0.1950100216119056
0,0,0.439888094976129
0,0,0.35423938378110764
0,1,0.6725924425052967
0,1,0.53007468160592
0,1,0.5883551536238579
0,0,0.3296561941814489
0,0,0.4831940001884025
0,1,0.6350115922112284
1,1,0.6597081166280703
0,0,0.26007557783055313
0,0,0.48040588423656316
0,1,0.5247764099818715
0,0,0.43151371371060876
0,0,0.36095085928812887
0,0,0.3614650531778482
0,1,0.5341375927108615
0,1,0.6366381045331545
0,1,0.5842976466103277
0,0,0.28693920379179666
0,0,0.35772748820989114
0,1,0.6424199680351279
0,0,0.47233293889236455
0,1,0.5105448770370418
0,0,0.2853393150467453
0,0,0.1845036738831621
0,0,0.27486580136844274
0,0,0.2401082847966783
0,1,0.6634054938183165
1,1,0.7298997596849215
0,0,0.14274254716317597
0,0,0.4149134509651981
0,0,0.2696074540683356
0,1,0.6320633663045634
0,0,0.26569276894654803
0,1,0.5345929113615203
0,1,0.7932396436884975
0,0,0.2251953114659055
0,0,0.3934390972254418
0,0,0.266263315854187
0,1,0.8780469474399409
0,0,0.36708745730716774
0,0,0.487476248302002
0,0,0.2845556961003788
0,0,0.2338178308926756
0,0,0.26123906565725197
0,0,0.29503477588530574
0,0,0.38639080195704706
0,1,0.742605786567908
0,0,0.4062233012980484
1,0,0.42641098890093515
0,0,0.4341004761147274
1,0,0.3729138827470768
0,0,0.35671345053132864
0,0,0.26512667790849326
0,1,0.6531140045584044
0,0,0.12489287614280824
1,1,0.6262841303128505
1,1,0.679559217298951
0,0,0.46010394511444774
0,0,0.14079475928984908
0,1,0.6421509129531697
0,0,0.3044459309928181
1,0,0.4575857583496273
0,1,0.7282951076487353
0,0,0.2939560700608436
0,0,0.4357418600861187
0,0,0.42805512078556746
0,0,0.2925886755428781
1,0,0.4304041711402621
0,0,0.2014189513905249
0,0,0.16608564433404216
0,0,0.3017920097556103
0,0,0.44718992127772594
0,1,0.6981162932099259
0,0,0.39838472999245716
0,0,0.40150552552745544
0,1,0.6090071844047164
0,0,0.27502391535767085
0,0,0.0036633862003018105
0,0,0.3071586450282623
0,1,0.5663925969431628
0,0,0.1984217020217412
0,0,0.15706291445504844
0,0,0.3367019152271249
0,0,0.16751096899288212
0,1,0.8659938676004129
0,0,0.46554452293995147
0,0,0.4578682510204851
0,0,0.3204439990960243
0,1,0.8313012074240577
0,0,0.41334383026029203
0,0,0.413689293355131
0,0,0.46701743375400034
0,1,0.6928098256970143
0,0,0.32776638550330905
0,0,0.29589807360000553
1,1,0.5919264819932298
1,0,0.26558354929975697
0,0,0.35878021568650953
0,0,0.27749056888612345
0,1,0.6616363186057749
0,0,0.24825020849582274
0,1,0.5040289807453023
1,0,0.49800928829126107
0,0,0.001035652416966536
0,0,0.14761109545304107
1,0,0.3206043694215456
0,1,0.5805240520787358
1,1,0.6584894810145718
0,0,0.26067105409115393
0,0,0.418257264305561
0,0,0.35354284862790686
0,1,0.5011148091185362
0,0,0.3090940521619776
0,1,0.5475622805812177
0,0,0.3036779356022331
0,0,0.3297686190429275
0,1,0.5422338317864971
1,0,0.461923280919557
0,1,0.7492697840563219
0,1,0.696607677732183
0,1,0.5948640770736234
0,1,0.6765978874717853
0,1,0.5380513434888227
0,0,0.26956545057918746
0,0,0.45117268188703014
0,1,0.737770786895653
0,0,0.2718898616132953
0,0,0.3213991297550097
0,0,0.3872254139333525
0,0,0.26143153683200343
0,0,0.35379512430479837
0,0,0.36315632565751654
0,0,0.44815106782704617
0,1,0.5282983874012296
1,1,0.5220887674519515
0,0,0.3482887645031823
0,0,0.4949262826371398
0,0,0.4794174869734821
0,0,0.45100586515448676
0,0,0.3761181515980842
0,0,0.45491858845547156
1,0,0.40063569631254164
0,0,0.3079552572743893
0,0,0.4751396418960609
0,0,0.497851854696195
0,0,0.4644372614557725
1,1,0.5639910601493913
0,1,0.624065167876065
0,0,0.4863283565707743
1,0,0.22430398400120555
1,0,0.4536812821636596
0,0,0.44036423345719383
0,0,0.25980041220676703
1,1,0.950956146258305
0,1,0.532208962819468
0,1,0.6419787914674966
0,1,0.5530383478614515
0,0,0.4255400762378416
0,0,0.3226268935891895
0,0,0.4006018817845678
0,0,0.35536783697349783
0,0,0.17313312218838572
0,1,0.6915911106048811
0,0,0.3118174120113875
0,0,0.2955606445548366
0,1,0.5842882397455579
0,0,0.356490102662084
0,1,0.552512857679383
0,1,0.5845349882244179
0,0,0.3930048013110342
0,0,0.3333387814529717
0,0,0.28760372334205536
0,0,0.49639374181521917
0,1,0.7240445484734636
0,1,0.5975601119543027
0,0,0.21837345513596376
1,1,0.6221103996698869
0,1,0.5327467014154598
1,1,0.8367178068765562
0,1,0.5326125529553509
0,0,0.47395267284031073
0,1,0.5719042642251154
0,0,0.49977249451640976
1,0,0.3923928936682125
1,0,0.36019956928338087
0,0,0.38541606881581636
0,1,0.6116065778324121
0,0,0.2683476337110861
0,1,0.5269568522154597
0,1,0.8458960615686837
0,0,0.4320931196368055
0,1,0.7024591148787981
0,1,0.7207969728795545
0,0,0.3855201501441497
0,0,0.357235001384884
0,0,0.4898725857934495
0,1,0.6093960394868456
0,0,0.4224105426564016
0,1,0.6454854245250424
1,0,0.43657356788797036
0,0,0.12050672597544165
0,0,0.3703512298512533
1,0,0.4198773868236786
0,0,0.3693448551072885
1,1,0.6219004490357928
0,1,0.5296989336930438
0,0,0.3165739762854229
0,0,0.2373378020725906
0,0,0.4836485098507117
0,1,0.6299103949329822
0,1,0.5867951305461188
0,1,0.7602712859823054
0,0,0.42154726498690576
0,1,0.5018197020207306
0,0,0.36417444564761015
0,1,0.5106454787600301
1,0,0.4724110159418239
0,0,0.08961301269092917
0,1,0.5228286385478462
0,1,0.6870624324767313
0,1,0.542927222775629
0,1,0.5544996956327795
0,0,0.11825419389906118
0,0,0.2550472952995339
0,0,0.35599781794453167
0,0,0.36332230301969765
0,0,0.4349027923461503
0,1,0.5803201129890626
0,1,0.5227940065325843
0,0,0.3256294446084028
0,1,0.5997701023793075
0,1,0.7259138744318635
0,0,0.37566435586947106
1,1,0.7571483058472985
0,0,0.45104489282176247
0,1,0.5440193734796434
0,0,0.3276317516208392
0,1,0.6958937849839066
0,0,0.31683576165002597
0,0,0.44711610277421415
0,0,0.27378538197731217
0,0,0.40893576919904095
0,0,0.18275415067325732
1,1,0.673109876173174
0,0,0.3411273777092071
0,0,0.2553536084381517
1,0,0.04875980172256663
0,0,0.4205554998097209
0,0,0.3335320189205089
0,1,0.5655189763225517
0,0,0.14584082002385976
0,1,0.6102847845189319
0,1,0.5115695340009185
0,0,0.26855256048252246
0,0,0.33992760112920745
0,1,0.5178043824354409
0,0,0.4102127180677922
0,0,0.4135095404255769
0,1,0.5964661926553062
0,0,0.3158281815217776
0,0,0.33230889884626075
0,0,0.24795520573245458
0,0,0.3612266807340703
0,0,0.35233611174002677
0,1,0.6238507340969255
0,0,0.3534205119005772
0,0,0.43378454357564766
0,1,0.5822532470819035
0,0,0.1504166860213712
0,0,0.31112193342051003
0,0,0.45949891383717434
0,1,0.7796845130922258
0,0,0.3502804676479508
0,0,0.43153345885617517
0,1,0.5214630040633126
1,1,0.5575414499763597
0,0,0.31388438874481844
0,1,0.5957795850682326
0,0,0.3985534186554508
0,0,0.32632764239799167
0,1,0.5252111336162683
0,0,0.2458530969078507
0,0,0.43655829318209555
0,1,0.5293764395647573
0,0,0.34560222486537356
0,0,0.44545292735371644
1,0,0.382869764784465
0,0,0.4721442760140489
0,0,0.4889075122616748
0,1,0.5007096588735989
0,0,0.3962539705784887
0,1,0.5909305427436212
0,0,0.44491461201407667
0,0,0.3063231869683066
0,1,0.6170915191268072
1,0,0.3300691224719775
0,1,0.5792907401272073
0,0,0.3171187227881723
0,0,0.3381674842622322
0,0,0.0017042871651403995
0,0,0.21072217798298412
0,0,0.3591594346638616
0,0,0.25641668098111015
0,0,0.2677168468643538
0,0,0.028896943940382506
0,1,0.6327124872387944
1,1,0.6098693304216313
0,0,0.455358866547225
0,1,0.68323864122432
0,0,0.29434621778327624
0,0,0.388715327736262
0,0,0.3572271583592229
0,0,0.3991050670287874
0,0,0.47394499826997544
0,0,0.15447709991170613
0,0,0.3839866221436099
0,1,0.5174518045602899
1,1,0.7079611186571932
0,1,0.5162373077404949
0,0,0.38114073079116556
0,0,0.49839828931606456
0,0,0.36646981136238255
0,0,0.4115166838062795
0,0,0.268845307195632
0,0,0.09641004697476376
0,0,0.38783433358146696
1,1,0.710740747284212
0,0,0.3931125523019292
0,0,0.4843823558562085
0,0,0.3448626745387087
0,0,0.26554458797638025
0,0,0.4907291380222715
0,0,0.4053671758535508
0,1,0.5014526175196561
1,1,0.7614589027235934
0,0,0.4091808941482929
0,0,0.4637414693187787
0,0,0.35617235255745355
0,1,0.7206196599750725
0,0,0.46535508992704727
0,0,0.4732516699159179
1,0,0.4159027982838748
0,0,0.2824380568473504
0,1,0.5703029464387462
0,0,0.0037833225075046303
0,1,0.5525744882648308
0,0,0.21801966476613294
0,0,0.4165007814884725
0,0,0.388581159262775
0,1,0.5656213108727141
0,0,0.37852887366654253
0,1,0.8628886801773576
0,0,0.4994688124724329
1,0,0.4412921814164262
0,1,0.5700851701064396
1,1,0.6926690017722579
0,0,0.4615618714679979
0,1,0.6694653320456229
0,0,0.2392913825203797
0,1,0.7071206767991168
0,0,0.39254773734349735
0,0,0.463761109284456
0,0,0.4161390707955879
1,0,0.3680602351012952
0,0,0.38982016667107805
0,0,0.17446731966201412
0,1,0.5759315670579656
0,0,0.15996961920672623
0,0,0.18131203078159125
0,0,0.4336096254179398
0,0,0.26965059333140684
0,0,0.4300062463315787
0,1,0.6470300123764019
1,0,0.200887194018504
0,0,0.42120484419285753
0,0,0.4271177243137667
1,1,0.9273451685523845
0,0,0.007124291110643965
0,0,0.23751939013347928
0,0,0.13454287356702857
0,0,0.24166754713228253
0,0,0.46351969622163236
0,1,0.5456406793655861
0,0,0.3556219536939322
0,1,0.5381708561990186
0,0,0.302282674654706
0,0,0.2642904678290017
0,1,0.6274872215683679
0,0,0.39011700438791147
1,0,0.3303747054204155
0,0,0.43256476062015814
0,0,0.3949595429852934
0,0,0.3806022883378632
0,0,0.40499204253029436
0,0,0.08016297832175148
0,0,0.17607658723559882
0,1,0.5355856633179671
0,0,0.42162903752418923
0,1,0.5965807081075338
1,0,0.4555897705722015
0,1,0.70773358564154
0,0,0.3253303063493354
0,1,0.5335399004790498
0,0,0.28749987708250396
0,0,0.4354868967888977
1,1,0.7693511332286974
0,0,0.3193559382786108
0,0,0.23758785953949813
0,0,0.28438460745471295
0,0,0.15363885150994547
1,0,0.3577603532025619
0,0,0.38233318192291726
0,0,0.49851357052220036
0,0,0.39044349694601327
0,0,0.2708965293448052
0,1,0.6359947299782198
0,0,0.38439644384040156
0,0,0.2277001679826094
0,0,0.3648002422719196
0,1,0.5894114998982828
1,1,0.5169569655684286
0,0,0.18807755902584308
1,1,0.6386400527599402
1,1,0.8679693611564859
0,0,0.42055901807977153
0,0,0.36770611616051574
0,0,0.3912419782472221
0,0,0.2307749635965749
0,0,0.006169195878612686
0,0,0.34990632793046417
0,0,0.3897593924863866
0,1,0.5792133411478037
1,1,0.5368201381297247
0,0,0.37284293679954705
0,0,0.17238778303570665
0,0,0.3706195748195308
0,0,0.34850230922832837
0,0,0.23857583970550927
0,1,0.6422531868562691
0,0,0.4732825390425596
1,1,0.5037349011111526
0,0,0.32885647762572773
0,0,0.37156210243749693
0,0,0.41805931447558475
1,0,0.33034441893710914
0,0,0.24099586872625392
0,0,0.4476232307023887
0,0,0.37654924052234157
0,1,0.5722629915793054
0,0,0.3693719313845828
0,0,0.4271736491024532
0,1,0.5857384956674221
1,0,0.39576736023301445
0,0,0.35798761717425054
0,0,0.21283112684291333
0,1,0.5063642483216056
0,1,0.7519219025932751
0,1,0.5533758745629467
0,0,0.19398880597067092
1,1,0.5919664944270048
0,0,0.4224213588843776
1,1,0.5917463846136136
0,0,0.3565217048116622
0,0,0.2859417359404971
0,0,0.31734888802887423
0,0,0.3771700287707998
0,0,0.21920054732697242
0,0,0.005257171813361745
0,0,0.3294995532892519
0,0,0.488379724791587
0,1,0.5939933077428597
0,0,0.2815585833970257
0,0,0.4638483281429725
0,0,0.3594425378497818
0,0,0.002576655680337241
0,1,0.6715043501177134
0,0,0.427053672048061
0,0,0.006519216351271124
0,0,0.3446420339062126
0,0,0.34877326071605425
0,0,0.2880039092910827
0,1,0.6485401628795736
0,1,0.7541978870345422
0,1,0.50983703768891
0,0,0.21454577283352766
0,1,0.5155425146957696
0,0,0.004509764285948309
0,0,0.42932704001752164
0,0,0.40172240278502824
0,1,0.5640045188103321
0,1,0.7715508782362688
0,0,0.494407293373815
0,1,0.6168379324625057
1,1,0.7285751292931308
0,0,0.2563224266694794
0,0,0.36576379245451646
0,0,0.1430817523462113
1,1,0.7099857204127739
0,1,0.5604267626345132
0,0,0.3843996249415248
0,0,0.27391329460155556
0,0,0.3573206101297813
0,0,0.37069131147270157
0,0,0.33940982080667176
1,1,0.6087189070298847
0,0,0.3754442891148765
1,0,0.4797167524194229
0,0,0.35736348014291286
0,0,0.45558979886015516
0,1,0.5102856864777648
0,0,0.4469663131617994
0,0,0.4968986510492815
0,0,0.341018556741443
0,0,0.464415533911691
0,0,0.47013024061430836
0,0,0.2673814411063368
1,1,0.6629195878370479
0,0,0.21453323791527326
0,0,0.25829038169879887
0,1,0.6037137647223719
0,0,0.17962775726357308
1,0,0.37312514217595627
0,0,0.4356309210631481
0,0,0.48326534429154305
0,1,0.6198672317706718
0,1,0.5404012549074662
0,1,0.714992258334544
0,0,0.49321192373949985
0,1,0.5675174490877817
0,0,0.4276176150168052
0,0,0.27258290805766666
0,1,0.5714491243686664
0,0,0.14717411726651028
0,1,0.5873078145995945
1,0,0.25688552438433826
0,0,0.29690972393505355
0,0,0.1859263614665952
0,0,0.300215682780949
0,0,0.4111912080294494
0,1,0.570601861164107
0,0,0.30701775039591517
0,0,0.4339238696552287
0,0,0.31636802458456426
0,0,0.3243310948986135
1,0,0.3558513848158485
0,0,0.3975826654146238
1,1,0.5029014712487438
0,0,0.4302152510366739
1,0,0.45022200816622754
0,0,0.31250646928599873
0,0,0.35724289697587325
0,0,0.2942735469176822
0,0,0.4095830634812951
0,0,0.3217191905586389
0,0,0.24959558870473042
0,0,0.33145873622508193
0,0,0.33078054488426184
0,1,0.6074989937563875
1,1,0.7230840692440685
0,0,0.4785588768142796
0,0,0.4738697353028358
1,1,0.5399870344378128
0,0,0.36135691214937676
0,1,0.7028994989702477
0,1,0.5742015707861927
0,0,0.31527786833703186
0,1,0.7588830515963657
0,0,0.3086101732669954
0,0,0.4412633531756803
1,0,0.2700161271593224
0,0,0.23102669532837433
0,0,0.2604027599659202
0,0,0.4464039068273895
0,0,0.28352922459716007
0,1,0.5617517292800076
0,0,0.4051985489170137
0,0,0.39328666544768875
0,1,0.535647468438104
0,0,0.43250458454613044
0,1,0.6067736926939016
0,0,0.12656209060917695
0,0,0.17280947864919335
0,0,0.17938805575741748
0,0,0.4424210348340796
0,0,0.3525180185353614
0,1,0.7915266285728546
0,0,0.34375678828162326
0,0,0.41462419025156483
1,0,0.23937704425366826
0,0,0.30011385779005684
0,0,0.29810925355205636
0,0,0.2765567954292031
0,0,0.29624312103799105
0,0,0.44061197232997856
0,0,0.38162771036315385
0,0,0.42372029028779745
0,0,0.3621441523218872
0,0,0.3259960252053662
0,0,0.44550469327143455
0,0,0.34000187590069425
0,0,0.06135795206821446
0,1,0.621539621988403
0,0,0.27686365288476505
0,0,0.45961290020340817
0,0,0.3946411913111722
0,1,0.5525339418426053
0,1,0.6082785418112671
0,0,0.25147934679116585
0,0,0.3204158802428541
1,1,0.506325572082833
0,1,0.5012043390467738
0,0,0.4313954143622896
0,0,0.4362008482173761
0,1,0.5808662509757658
0,0,0.27680957627712
0,0,0.4726024684445567
0,0,0.003603289956217953
0,0,0.4723494617109241
0,0,0.3466331256960975
0,0,0.44824326845655244
0,0,0.24870549421903992
0,0,0.23155172379725364
0,1,0.828284445480992
0,1,0.5184190287977071
0,1,0.5168785920983215
0,1,0.6628384797390622
0,0,0.35026945870660653
0,0,0.2830319977893085
0,0,0.4766798355277497
0,1,0.5316023515257913
0,0,0.43812621921167794
0,0,0.37404331597299034
0,0,0.0025490613235741376
0,1,0.5932671683167572
0,0,0.3561875713357868
0,0,0.2587413403544413
0,0,0.45393768310389343
0,0,0.46144413772446397
0,1,0.7308490416689918
0,0,0.48653954170977987
0,1,0.5961558441513528
0,1,0.6375167883630439
0,1,0.5927334946620079
0,0,0.37250360629407825
0,0,0.4466130816249647
0,1,0.7258029171464966
0,1,0.5255029147010871
0,1,0.6015839315364553
0,0,0.49106927621135604
0,0,0.24368768101737218
0,0,0.2468851044338394
0,0,0.40192196983335804
1,0,0.2496050705371513
0,0,0.24468074272990128
0,1,0.5954302180842973
0,0,0.37880784783936605
1,0,0.4819073249477236
0,0,0.40876270705201145
0,1,0.5975596946240294
0,0,0.45859949303576597
0,0,0.456024373212363
0,0,0.4984580134798401
0,1,0.6869263450083196
1,0,0.46147994928192704
0,0,0.27972587279599415
1,1,0.5565052974240287
0,0,0.28663500219007837
0,1,0.5717752285672878
0,0,0.47676519566955067
0,0,0.48096294591543726
0,1,0.6450928439082618
0,0,0.3618718426402642
0,1,0.5040622006196478
0,0,0.30457363705639035
0,1,0.5183405616756077
0,1,0.6419163100068233
0,1,0.6785435359506667
0,0,0.15668034128141656
0,1,0.6900337686011108
0,0,0.27448855966297325
0,0,0.32640773741702667
0,0,0.23269105465532913
0,1,0.5021444671595254
0,0,0.20252446668594395
0,0,0.3771240482890976
1,1,0.6218202174972651
0,0,0.2533340152710804
0,0,0.44454204688510396
0,0,0.36565774504949194
0,0,0.4153229020787934
0,0,0.4292199581505699
0,0,0.10140270836828406
0,0,0.3435349782892345
0,0,0.11508963711228547
0,1,0.6166618708106562
0,0,0.20914549769646168
1,0,0.4592162992137085
0,0,0.11177629192743238
0,0,0.281745614140101
0,0,0.258493393246627
0,1,0.6638917213410319
0,0,0.4761306082620771
0,1,0.7504330160291542
0,0,0.3081418998937374
0,1,0.5020523902813444
0,1,0.5258536397109401
0,0,0.1335283170357607
0,0,0.35713537310345694
0,0,0.288269456379906
0,0,0.4345735808292582
0,1,0.550665218050818
0,0,0.2976075719196527
0,0,0.24972371105230348
0,0,0.274325569963868
0,1,0.6499282727540049
1,0,0.3094291073538542
1,0,0.2518348784802905
0,0,0.4189115489436507
0,0,0.3520455878436775
0,0,0.29779165550276604
0,0,0.3283989407398243
1,0,0.34590845182692587
0,1,0.5393111565082879
0,0,0.31188174592877543
0,0,0.33166601178451877
0,0,0.32269037096957814
0,0,0.41114313819250486
0,0,0.31628389828379155
0,0,0.4070310706020201
0,1,0.6307628308295414
0,1,0.6015030125302152
0,1,0.5404657787615073
0,0,0.23784824756398046
0,0,0.32091035177527755
0,0,0.18770408659959514
0,0,0.4031406506835822
0,0,0.3827801728592305
0,0,0.33952859813083625
0,0,0.20090525679285623
0,0,0.4888975139672007
0,0,0.3672830596148913
0,0,0.4409375315239649
0,0,0.39232278689356764
0,0,0.4626105203247694
0,0,0.34641904035695975
0,1,0.600540600714913
0,0,0.4043514258929005
1,1,0.6524839852838757
0,0,0.3247874960462559
0,1,0.6797464728150255
0,0,0.31819904569280716
0,0,0.27288409502025285
0,1,0.5753309610954207
0,1,0.9169398445180807
0,0,0.4419246687914184
0,0,0.060690775544523505
0,0,0.2919332748802455
0,1,0.6671085480543876
0,0,0.23547001040406945
0,0,0.35440442180190584
0,0,0.2365243767265838
0,0,0.36431941813381363
0,0,0.24961565609788888
0,0,0.40969445806324434
0,0,0.3998592666645754
0,0,0.1595596591040971
0,0,0.1878780900681698
0,0,0.303149813745109
0,0,0.2513445954833247
0,1,0.7267553152979097
0,0,0.33615549948760715
0,0,0.3100241643572643
1,0,0.4794207420211529
0,1,0.6957618076360388
0,0,0.15147117872356824
0,0,0.1212812633440962
1,0,0.33978836890513103
0,1,0.5238355771597463
0,0,0.4769228353090844
0,1,0.6364406439095975
0,0,0.45520242845938125
1,0,0.3247154839910269
1,1,0.5397850984346177
0,0,0.4011292107966153
0,0,0.4409065679340291
0,0,0.4346924785625244
0,0,0.421095852075824
1,0,0.22868127055297752
0,0,0.30341333174577945
0,1,0.5363525949752875
0,0,0.4017783265941083
0,0,0.27851879536219953
0,1,0.7295314691735602
0,1,0.5455159281510102
0,0,0.2805422629991479
0,0,0.43427512511721345
0,0,0.28476477028796326
0,0,0.4134609531172934
0,0,0.40309524741192204
1,1,0.5220690676010754
0,0,0.34884458151423975
0,0,0.3320951554113214
0,0,0.37243868983013906
0,0,0.1915825315526665
0,0,0.38797867834011374
0,1,0.6044704920096042
0,0,0.42375416248282066
0,0,0.3060187921048259
0,0,0.25062784085819373
0,0,0.3242239900836168
0,0,0.27140427618237084
1,0,0.4824340766267967
0,0,0.0033115059827319277
0,0,0.23774512690534583
0,0,0.372020740976395
1,1,0.6899958955048328
0,1,0.5071316424764515
0,0,0.37578079910612106
1,0,0.4352964080973656
0,0,0.3263347699720871
0,0,0.41648158965308624
0,1,0.7319293027476004
0,1,0.5834617710081328
0,0,0.25058086495343485
0,1,0.6128414155800124
0,0,0.18971941774384155
0,0,0.06422691691352321
0,1,0.542250656866566
0,0,0.3373758796629156
0,1,0.5792210354909486
0,0,0.34252844007238176
0,0,0.28631040272870306
0,0,0.2707305424463116
0,0,0.40979412130301823
0,0,0.32622533058700576
1,1,0.6278167809761938
0,0,0.3640003857610897
0,0,0.47866913104002506
0,1,0.5557488191259727
0,0,0.2272291126275652
0,0,0.021041781720538267
0,0,0.3024751421225032
0,0,0.15558919487704406
0,1,0.6987683283975596
0,0,0.4230205027454396
1,0,0.36962246200456433
0,0,0.3885433828536106
0,1,0.7021832794037695
0,0,0.25704335691240554
0,0,0.3959553380923064
0,0,0.31654879681765
0,0,0.13370561511100085
0,1,0.5041322116691365
0,0,0.4140465028989183
0,1,0.5974493201707455
0,0,0.44564328660581065
0,0,0.3560838223185587
0,0,0.32790394664799927
0,1,0.5000467661165341
1,0,0.3773440724471852
0,0,0.39961622936824576
0,0,0.18200817555136642
0,0,0.20013967982676906
0,0,0.31849772121420866
0,0,0.18998199183806913
0,1,0.6193863095314609
0,0,0.24357350239354905
0,1,0.5319126013257743
0,0,0.20882649879265372
0,0,0.31515835437779754
0,0,0.39449334092920196
0,0,0.39590116852662555
0,0,0.49496120520109693
0,0,0.43603923368542064
0,1,0.8788053069607005
0,0,0.3577869007905459
0,0,0.35104926462788805
0,1,0.69174306311854
0,1,0.7524452770099437
0,0,0.3164500824173674
0,0,0.3832723676652845
1,0,0.2969359631899978
0,0,0.3533798605525342
0,0,0.48073850811245894
0,1,0.7759539301585858
0,0,0.18561008181402472
0,1,0.5481643546133992
0,0,0.4765164506360287
0,0,0.3503464094084463
1,0,0.3405340507294517
1,0,0.34815645081079755
0,0,0.38093008769674247
0,0,0.4483353475088136
0,0,0.4126441172441042
0,1,0.7015296771782984
0,0,0.48109083046391954
0,1,0.7154950473623785
0,0,0.21163436432856503
0,1,0.8353318450523552
0,0,0.24536892680887112
0,0,0.20717652140961476
0,0,0.4311888314896072
1,1,0.52112617615459
0,0,0.18720695981674126
0,0,0.4087545344770403
0,0,0.2894385767774525
0,0,0.1686198615758144
0,0,0.42347859842514624
0,0,0.3772690829426305
0,1,0.6453075172616325
0,1,0.6019068608988105
0,0,0.2837844913798634
0,0,0.24967778824681858
0,0,0.41315708007559493
0,0,0.29369670475114373
0,0,0.14672685231451577
0,0,0.21717796968667472
0,1,0.5081926610683613
0,0,0.38534626770616903
0,0,0.19318540124209158
0,1,0.6295753477323122
0,0,0.3175801994304501
0,0,0.4061953385832917
0,1,0.6496516010198671
0,0,0.30172943938636926
0,0,0.3690916089779583
0,1,0.7080145446655121
0,0,0.33672020745424075
1,0,0.28552540481616456
0,1,0.6246861488197812
0,0,0.30249053203175374
0,0,0.4048525323547103
0,0,0.2694065546677388
0,0,0.3363281557836997
0,1,0.707835068737543
0,0,0.08320994671851871
0,0,0.3745624529696825
0,0,0.0030104567076623535
0,1,0.502608811930081
0,0,0.3718066352075492
0,0,0.4337850650425968
1,0,0.37675482879192684
0,0,0.41243032399878476
0,0,0.48746367569669
0,0,0.18118270349141682
0,0,0.14319870279462715
0,0,0.34264219497367554
0,1,0.7464702788113097
0,1,0.5405917930365159
0,0,0.2636332336598099
1,1,0.7476840510297905
0,0,0.46032892995524
0,0,0.15707502069040366
0,1,0.7002515177713364
0,0,0.006614514157052697
0,0,0.12028414707287345
0,0,0.34141935914263005
0,0,0.4262468708156199
0,0,0.49823063098526765
0,1,0.780335354595819
0,0,0.11547030431947469
0,0,0.47998863094227145
0,1,0.6301074407523057
0,1,0.5692408815609485
0,0,0.4267204010935249
0,0,0.2809109447391977
0,0,0.375989317325719
0,1,0.6575012354973492
0,0,0.24953488611086827
0,1,0.640938025846992
0,1,0.5300751124630407
0,0,0.2826502203460728
0,0,0.33302389241939784
0,0,0.4200898917095837
0,1,0.5597525844062432
1,1,0.5595594082847377
0,1,0.6074763476313825
0,0,0.4649657527032279
0,1,0.5254845468805169
0,1,0.5882800053588517
0,0,0.21319347655101978
0,0,0.4772495596830355
0,0,0.28351109848001776
0,0,0.454346231348366
1,0,0.35007352006660775
0,1,0.7425578939153742
0,1,0.5710206448769503
0,0,0.26121201344495437
0,0,0.157923076019822
0,0,0.25463299775226683
1,0,0.47013375996308376
0,0,0.21317761077384775
1,1,0.5938528365649748
0,1,0.7169016785847994
0,1,0.5283383072400986
0,1,0.7108413078338782
0,1,0.5733511978290056
1,1,0.6913953600698786
0,0,0.46048711178605367
0,0,0.38744371012492457
0,0,0.353248499727272
0,0,0.3541082324792283
0,0,0.2764633529882569
0,0,0.2565502702864098
0,1,0.5857439374736185
0,0,0.27927682262971154
0,0,0.49284147961094216
0,1,0.68946835316221
0,0,0.24767943212945015
0,0,0.2823974293701737
0,1,0.7381602689476476
0,0,0.3306146606243338
0,0,0.44448812649254205
0,1,0.5707136132963342
1,1,0.518877680970911
0,0,0.41643315231766925
0,0,0.41661498556534937
0,0,0.26199183813131516
0,1,0.5867764156101781
0,0,0.4092852628717467
0,0,0.4228943519246736
1,0,0.37047691847575903
0,0,0.048176249094296096
1,1,0.6582682518540023
0,0,0.34371043680514823
0,0,0.004904090707890464
0,0,0.4202453045501469
0,1,0.5526369621010941
1,1,0.6280492984971927
1,0,0.1434603401737821
0,0,0.36718198228464777
0,0,0.27909297868938504
0,0,0.422335212614475
0,0,0.4375710390427434
0,1,0.7206234746510352
1,1,0.8254454875661209
0,0,0.3414260660708965
0,0,0.40004517162444864
0,1,0.6796694764721889
0,1,0.5549643670749181
1,1,0.657718832446884
0,1,0.5660615230829537
0,0,0.45979418807024197
0,0,0.2105987974990502
0,1,0.5875437131610219
0,0,0.34177424281755575
0,0,0.163315414129198
0,0,0.35749005729185485
0,1,0.5193196327651115
0,0,0.37528103468300333
0,0,0.3147679520578265
0,0,0.43476920950173126
0,0,0.0035358587239399403
0,0,0.4874186680777402
0,0,0.37943731763096966
0,1,0.7980380864362111
0,0,0.3931621222193614
0,0,0.3892423240951811
0,0,0.15238603909528767
0,1,0.5975145881565626
0,0,0.34552962353846195
0,1,0.5566145124258502
0,0,0.25066357267091033
0,1,0.526406672849193
0,0,0.369703986231898
0,0,0.27590733854728205
0,1,0.5365769175260261
0,0,0.4512904780602572
0,1,0.6798410705770447
0,0,0.36803728002007813
0,0,0.3513407613236559
0,0,0.23612332835008853
0,0,0.2693207907887725
0,0,0.2489137351517818
0,0,0.34819070014035736
0,0,0.4415147165036491
0,0,0.425803077780551
1,0,0.19265483062878133
0,0,0.3685988940808471
0,1,0.6586387625712407
0,0,0.22710561966185694
0,0,0.4191802472461006
0,0,0.4050796312434976
0,0,0.4237122003150382
1,0,0.4682267747515752
0,0,0.2983169943354077
1,1,0.7024903620334694
0,1,0.5484293837951518
1,0,0.4186776899463027
0,0,0.4203220722996612
0,0,0.421137292487205
0,0,0.43670550246525713
1,1,0.7465719838938616
0,1,0.6322018276473688
0,0,0.23933136822685558
0,0,0.286593429199373
0,0,0.44026325983798675
0,0,0.42542453219966425
0,0,0.4477586557438477
0,0,0.3273338399606585
0,0,0.32920635094022355
0,1,0.6364910258028099
0,0,0.29985306705597564
0,0,0.00660250976189552
0,1,0.5229008201508845
0,0,0.4031386567253174
0,0,0.47663411730591104
0,0,0.2743623433421412
1,1,0.5338754847170106
0,0,0.3910732451509234
0,0,0.4016376421955425
0,1,0.5403919219724745
1,0,0.35652778040154065
0,1,0.6514735458359197
0,0,0.28807340489249333
0,1,0.5458112372679963
0,0,0.3537405310305591
0,1,0.6646253753284025
0,0,0.4617957698485618
0,0,0.4408964850671319
0,1,0.5490228764075384
0,0,0.47231513757192156
0,0,0.4245997224924037
0,0,0.4094839894218786
0,0,0.2466180908641332
0,1,0.5193459413773298
0,1,0.5093856270984699
0,0,0.34673496424397304
0,1,0.6901858365060144
0,1,0.5577053675675601
0,0,0.4100080086330489
0,0,0.39982442308633515
0,1,0.7134631547218782
0,0,0.25914736293556595
0,1,0.58541088910286
0,0,0.4802881097364183
0,1,0.5070334281788241
0,0,0.3245091384708745
0,0,0.45592255156043865
0,1,0.6080383163478548
0,0,0.36361616547416226
0,0,0.22714033656035462
0,1,0.6109431829746693
0,0,0.10523065194188663
0,1,0.5957759393406639
0,1,0.5389841608273114
0,1,0.8005156411491692
0,0,0.30976509103720706
0,1,0.5362647319086369
0,0,0.32719751759199284
0,0,0.27006851678493826
0,0,0.38965184973359107
1,1,0.5415493878008262
0,1,0.5445972324466648
0,1,0.5731444156167901
0,0,0.005074459908329071
0,0,0.31901822765110904
1,1,0.760224516125599
0,0,0.4097886423941208
0,0,0.48413288094775947
1,0,0.3705575862300862
0,1,0.5113731917873335
0,0,0.268685349665353
0,0,0.2622159030851974
0,0,0.41978597893393405
0,0,0.32344402811194406
0,0,0.24524529716200621
0,0,0.3807450561893975
0,1,0.5139845654239822
0,0,0.3449215548877958
0,0,0.30127693133473016
0,0,0.19050100163248085
0,1,0.5017387467798594
0,0,0.20917940024662157
0,0,0.003219232028038613
0,0,0.3445849659557808
0,0,0.21921915360526834
0,0,0.40931661187186436
0,0,0.48509444879256897
0,0,0.3705122005053267
0,1,0.652473555253897
0,0,0.3454542121722801
0,1,0.6890642101732413
0,0,0.43238047232727006
0,1,0.7210562153620672
0,0,0.2804596023378207
0,0,0.4326316518535642
0,1,0.7023271962382319
0,1,0.5711521400228036
0,0,0.3198256360583886
0,0,0.44744541441985813
0,0,0.4810803206291836
0,1,0.5104211472187449
0,0,0.0042608312045953785
0,1,0.6113939821092225
0,0,0.4422831446024831
0,0,0.4502666767418619
0,0,0.3090278829033839
0,0,0.34884215909471167
0,0,0.27741201497995205
0,0,0.4313955967434657
0,1,0.5396455475064134
0,1,0.5308338828190396
0,0,0.44021642245660036
0,0,0.3563291728605776
0,1,0.5369695972620278
0,1,0.5424935048146026
0,0,0.3611234725751772
0,0,0.36424926474906383
0,0,0.42572874461404303
0,1,0.5330671671831101
0,0,0.36263687330735084
0,1,0.618744769664581
0,0,0.4255516368531176
0,0,0.38793781168344155
0,1,0.6214891388962704
0,0,0.2379777496234309
0,0,0.007517019548904077
1,1,0.5851586811829709
0,0,0.49208582517761446
0,1,0.5985804433191917
0,1,0.5415542731537002
0,0,0.4917244775394541
1,1,0.6830158609586102
0,0,0.2835941453668793
0,0,0.2541279161882512
0,0,0.3691381381951801
0,1,0.5911781601771556
0,0,0.2197819888623654
0,0,0.49479388030405264
0,1,0.717290600434718
0,0,0.49710258617474307
1,1,0.5724890257441329
0,1,0.5164937053796069
0,0,0.4619388107086897
0,0,0.2591375995180655
0,0,0.4212650201745835
0,0,0.35240420534983796
1,0,0.3018751220486903
0,0,0.48036674623872755
0,0,0.4055698426331733
0,0,0.3465793780434353
0,1,0.6161908458453011
0,0,0.30644585684445563
0,0,0.3899114898828675
0,0,0.3187708774234038
0,0,0.2629650418112187
0,0,0.44005753023344313
0,1,0.5469836938162081
0,1,0.7052130382720734
1,0,0.35463637634844236
0,0,0.310128337478888
0,0,0.2817882467435259
0,0,0.36207079501210493
0,1,0.8025510949828963
1,0,0.3090342667022568
1,0,0.39839800453618873
0,1,0.5404091060489453
0,1,0.6538339763910297
0,0,0.23977426864382112
0,0,0.36993181433509437
0,1,0.6335092583355943
0,0,0.30824774813575145
0,1,0.562485817600323
0,0,0.2982479093746043
0,1,0.5181923100218911
0,0,0.008236431003451419
0,0,0.3494958294168927
0,1,0.6675963502511542
0,0,0.33454668814971417
0,1,0.639797535737666
0,1,0.5222233561981212
0,0,0.29359743723942616
0,0,0.30040363898637534
1,0,0.4826533693371331
0,0,0.39290791401880376
0,0,0.3324754270836127
0,0,0.24846247793492288
0,0,0.2359413835625664
0,0,0.41759108009339097
0,0,0.2160931639549783
0,1,0.5654291052572789
0,0,0.4504479688136427
0,0,0.4145139104112058
0,1,0.5629840324741052
0,0,0.2926139854385628
0,0,0.23178134778035375
0,1,0.6049325182953065
0,0,0.28798986154299383
0,0,0.4580283300593798
0,0,0.37725593979589545
0,0,0.39506350161615816
0,0,0.15732065413070043
0,0,0.41405219769597024
0,0,0.3651825291985978
0,0,0.42180164282551114
0,1,0.6007881415625237
0,0,0.39895769033063666
0,1,0.6270546413521998
0,0,0.2748504063695261
0,0,0.35561438502000786
0,0,0.1773416076186103
0,1,0.5277300167903678
0,0,0.26747906499892476
1,1,0.7748725951709559
0,0,0.10651671788299692
0,1,0.5216276755433622
0,0,0.34529642761908885
0,0,0.40749495048523326
0,0,0.21434722572907478
1,1,0.5673646233999494
0,0,0.0042145459828619065
0,1,0.5317682728202039
0,0,0.4523455881009147
0,1,0.5880373201545123
0,0,0.21716698719476227
0,0,0.30582981885281735
1,0,0.412107565968045
0,0,0.31149317647582
0,0,0.4609693382461765
0,0,0.3871048388772831
0,0,0.1375078390398143
0,0,0.1764882126071282
0,0,0.45637416513214635
1,0,0.4752950251539814
0,1,0.5144065858659944
0,0,0.4934101906074068
0,1,0.6895191832344449
0,0,0.14653574113210838
0,0,0.4211943361618561
0,0,0.29884257651837776
0,0,0.25586271186804255
1,1,0.5366220690471648
0,1,0.7425708212184259
0,0,0.4721297604613767
0,1,0.6557256498220795
0,0,0.37344261091570596
1,1,0.8362679728809339
1,0,0.3671030365752216
0,1,0.6787718938987913
0,1,0.5661094343696522
0,0,0.24914389187527985
0,0,0.24495008211982763
0,0,0.4526501200855382
0,1,0.5016925640364533
0,0,0.45626985303890444
0,0,0.18005662803909278
0,0,0.005332208615698959
1,1,0.6579621575663301
0,0,0.2921951057205741
0,1,0.6271759445099166
0,0,0.4774748582088679
0,0,0.005941801839498376
0,0,0.12814172246425254
0,1,0.8156866407797387
0,1,0.5996329291903308
0,0,0.16230505533979953
0,0,0.3754080634301629
1,0,0.32964529846431
0,1,0.5054878851536866
0,1,0.5637322615679456
0,1,0.599737880893369
0,1,0.5259332010165619
0,1,0.5263040160823057
0,1,0.6309501355664643
1,1,0.7975909487351193
0,1,0.5327199002051064
0,1,0.5393492534171083
0,0,0.2797896250842427
0,0,0.3405123384969606
0,1,0.5101015201401347
0,0,0.46249584278208106
0,0,0.3375541782456775
0,0,0.3550319298166119
0,0,0.2992624691627323
0,1,0.5810468773239723
0,1,0.535922922123789
1,0,0.35311977945790246
0,0,0.49293033210358206
0,0,0.4966191475433937
0,0,0.4619378859388816
0,1,0.7376337666806347
0,0,0.42022698361266464
0,0,0.3459030167047306
0,0,0.3703727040924963
0,1,0.5159372837818547
0,0,0.30554396108050463
0,0,0.4739082880874209
0,1,0.5921581971294245
0,0,0.011635565781831012
0,0,0.33014207074701446
0,1,0.5280625704631415
0,0,0.45863928775541635
0,0,0.009675784832513646
0,0,0.4264705286758146
0,0,0.16506034625609103
0,1,0.6215508445528565
0,0,0.3282457654332008
0,0,0.38145186493186906
0,0,0.49239552531087905
0,0,0.2397203294513571
0,0,0.2446688491872175
0,0,0.3535163670648183
0,0,0.28401525319434306
0,0,0.33497492146648067
0,0,0.2887512773701624
0,0,0.47266204987377824
0,1,0.5623867307257067
0,0,0.31083514702245374
0,0,0.26105537139973584
0,0,0.43459374945556717
1,0,0.48831792879588903
0,0,0.43924611709621164
0,0,0.3697623916731619
0,0,0.30548454094406957
0,0,0.24427600429085708
0,0,0.4623555182616704
0,0,0.3574697283920029
0,0,0.28841649153661975
0,0,0.3859636665281562
0,1,0.7207560534032114
0,1,0.5300155164682673
0,1,0.8722009180262715
0,1,0.5931377692247052
0,0,0.41401808654760364
0,0,0.35245233815025173
0,0,0.15241493919260415
0,0,0.19307845011931316
0,1,0.5002405631515102
0,1,0.6770674980845127
0,0,0.4632342080256291
0,0,0.17317220045903797
1,1,0.8015042548569103
0,0,0.26870721555479243
0,1,0.5174675385300452
0,0,0.44779917052408386
0,0,0.001790261741847351
1,0,0.37866144052758965
0,0,0.40702027395717166
0,0,0.3256112160746746
0,1,0.6271937044272609
0,1,0.6743284317695994
0,0,0.4510475819735765
0,0,0.4421447211590386
0,0,0.30000097654268876
0,0,0.2553996173049584
0,0,0.27475375317065936
0,0,0.007517409063629115
0,1,0.521586091716028
0,1,0.6364391037716828
0,0,0.31401166681559967
0,0,0.1575226225686307
0,0,0.29060468279895124
0,0,0.32011623481285795
0,0,0.46857435171220807
0,0,0.404817905352098
0,0,0.296213917163887
0,1,0.7560077242543608
0,0,0.30553995725240035
0,1,0.5950638187461775
0,0,0.14231922867596442
1,1,0.684496216130437
0,0,0.45498945831535514
0,0,0.43763611211612025
0,0,0.176267900610173
0,0,0.44765193035474393
0,0,0.29821644496813904
1,1,0.8728544443403485
0,0,0.3655870816386805
0,0,0.27891300419712795
0,1,0.6275394748248576
0,0,0.39085972543986913
0,0,0.1852087505026604
0,0,0.42276202473014657
0,0,0.36954797423961094
0,0,0.31294990284411056
1,1,0.5168180093700288
0,0,0.017271273243342475
1,0,0.3687471260481089
0,0,0.4582033423865518
0,1,0.6166211496770908
0,0,0.30478132905572325
0,0,0.42198165749382127
0,0,0.4833746718009378
0,0,0.2902115063915489
0,0,0.33137330234001233
0,0,0.3171801975036175
0,1,0.5328549681539276
0,1,0.5120810732745251
0,0,0.47389009621882483
0,0,0.4953029144730622
0,0,0.44511018086940374
0,0,0.4913027580800464
0,1,0.63327594555444
0,1,0.6043446870314403
0,0,0.14935506807522425
0,0,0.32386196011371365
0,0,0.32285807169184016
0,0,0.11793250357493974
0,1,0.8873260801962565
0,0,0.38665174797878404
0,0,0.004436287655927235
0,0,0.38510116332134536
1,0,0.424748137894097
0,1,0.5726780324046891
1,1,0.6473821138183773
0,0,0.3860060494437659
0,1,0.5343045603678008
0,0,0.2990679398319309
0,0,0.40292436651139135
0,0,0.3758359417676079
0,0,0.4897264551857667
1,0,0.27815800589135137
0,0,0.4167661249598203
0,1,0.785194952038201
0,1,0.7162740666338374
0,0,0.3613730321311948
0,0,0.43384700592635245
0,0,0.26999994741174377
1,0,0.4912435107302424
0,0,0.4291134786438462
0,0,0.4990901408139704
0,0,0.34727971026114396
0,1,0.6639723789535945
0,0,0.2576760211387088
0,0,0.4351013632796418
0,0,0.4946167699319469
1,1,0.6262625175392904
0,0,0.057831585796780216
0,0,0.16129156238021497
0,0,0.25587025003174224
0,0,0.38506221526365814
0,1,0.5743331346910724
0,0,0.3101489660981106
0,0,0.3680524332770046
0,1,0.500827620723765
0,0,0.315727690307209
0,0,0.1408476757678353
0,0,0.24651960131839754
0,0,0.4393946112524809
0,0,0.4762877809313791
0,0,0.2274739540842979
0,0,0.15354499187058002
0,0,0.21541144528632597
0,0,0.3075075771894215
0,0,0.46177400364861765
1,1,0.732998578684846
0,0,0.37776479615462916
0,1,0.625135743549735
0,0,0.2937819060182854
1,0,0.2660026423608422
0,0,0.48210507353884363
0,0,0.41675726371789223
0,0,0.358289482565197
0,0,0.4451935301241609
0,0,0.2741251115749066
0,1,0.6438458087606689
0,1,0.5385007839602384
1,1,0.5686282120444542
0,0,0.342086526947573
0,0,0.3807484258687752
0,0,0.31743502475097374
0,0,0.2830600699645709
0,1,0.6134735935955709
0,0,0.24240328739116487
0,0,0.09651151272452343
0,0,0.3655511875280299
0,0,0.44398394517564616
0,0,0.4623787441709333
0,1,0.5006816250395892
0,0,0.4333187486828048
0,0,0.07771981257960818
0,1,0.6918961272190252
0,0,0.27537488154745055
0,1,0.5553155613719318
1,0,0.2321371050153255
0,0,0.495238594265411
0,0,0.4805212002515719
1,0,0.3666320736813446
0,0,0.18819617777314773
0,0,0.4015778319060284
0,0,0.43984452491399234
0,0,0.2547599070527263
0,0,0.25131752929088297
0,1,0.5701783864203428
0,1,0.5274950378993811
0,0,0.39800004172692294
0,0,0.13504185824197343
0,0,0.20558381995262232
0,0,0.21122406461385063
0,0,0.005633500992317
0,0,0.03271801957059817
1,1,0.5151649259689243
0,0,0.4262450487766521
0,0,0.2732349973684948
0,1,0.6671566669633996
0,0,0.28423082909396563
0,0,0.45616322070859056
0,0,0.17578003325147373
0,1,0.5284966093209936
0,0,0.345453558159193
0,1,0.6676272979615908
0,0,0.37131733662550587
0,0,0.425152661046361
1,1,0.5648456549965097
0,0,0.35766482099860963
0,0,0.34479337351373573
0,1,0.5650052996992693
0,0,0.35739412185852154
0,1,0.5929534950476345
0,0,0.42063203675005356
0,0,0.2930421522731339
1,0,0.42670264447417283
0,1,0.6633521716498143
0,0,0.35838611802457293
0,0,0.4875083561204201
0,0,0.42362156329665535
0,1,0.7619097559774057
0,0,0.388581473832945
0,0,0.3630042230966628
0,0,0.4296386070206507
0,0,0.434831928173505
0,0,0.47683207836445646
0,1,0.5261705114899103
0,1,0.5768082086730726
1,1,0.7407993265799023
0,1,0.5548634572773155
0,1,0.6906850079593359
0,1,0.5667200564170853
0,0,0.4214222469918481
0,0,0.34742603214263323
1,1,0.6498017101928547
0,0,0.21131401382062942
0,0,0.49223079862139435
0,0,0.19776885865803404
1,1,0.5656362334064637
0,0,0.36480456034182196
0,1,0.8428118421321328
0,0,0.3022175673623451
0,1,0.6745530322239479
0,0,0.3504764875652727
0,0,0.46885225051936175
1,1,0.5318663443942493
0,0,0.3742974962153763
0,0,0.4551688999752704
0,0,0.49661006626320275
0,0,0.35302374681469834
0,0,0.2833480129226085
0,0,0.3070594076269678
0,0,0.3869056156173394
1,1,0.6580147465549452
0,0,0.35747477675981487
0,1,0.7892774306726663
1,0,0.38369272008094524
0,0,0.4657219960860042
0,0,0.4257937496691955
0,1,0.5051331125292295
0,0,0.2740908757312962
0,0,0.005510254479588283
0,0,0.3904663602167702
0,1,0.6930618621846665
0,0,0.4926635976846555
0,1,0.5463518974258657
1,0,0.4421223010024693
0,0,0.29152601155229496
0,0,0.3683500960216812
0,0,0.3340884882353772
1,1,0.6816526396985322
1,0,0.34412816892796494
0,0,0.4733647713968455
0,0,0.17869816582367587
0,1,0.7029245088016648
0,0,0.28539000607751636
0,0,0.38196685142478404
0,1,0.6633419851541668
0,0,0.2715038410388839
0,0,0.2692973949250367
0,0,0.4500876413474476
1,0,0.24957073879670083
0,0,0.40287114836114907
0,0,0.3348985446183871
0,1,0.5805064491296701
0,1,0.512978800419683
0,0,0.43739851277633024
0,0,0.0690874430185039
1,0,0.1537675945396463
0,1,0.5403902899820815
0,0,0.4466465863189977
0,0,0.3806862462718903
0,1,0.5964033850586508
0,0,0.24517642390915886
0,0,0.3733067823708268
0,1,0.589548673258295
0,0,0.43137232934651093
0,0,0.347919874046073
0,0,0.3560929770178363
0,1,0.513349641523619
1,0,0.37848618282892454
0,0,0.45227250714074607
0,1,0.5042182656491214
0,0,0.307882769236137
0,0,0.32058854148094085
0,1,0.8160058188188811
0,1,0.5207928205004991
0,1,0.6492580447612373
0,1,0.5374742375197936
0,0,0.326417153392824
0,0,0.3176662076258609
0,1,0.5032552794790708
0,0,0.3170601562560587
0,1,0.6973477891915424
0,0,0.37946037060117854
0,1,0.8274412662009945
0,1,0.5208480811409216
0,0,0.479493236664805
0,0,0.3515898298070745
0,1,0.5815578709293272
0,0,0.42373549083660655
0,1,0.6126281737272466
0,1,0.5391533315920852
0,0,0.33658127638611296
1,1,0.7243024481551699
0,0,0.16326381179611618
0,0,0.23921605254617076
0,0,0.35826834037982
0,0,0.28563262354688745
0,1,0.53675060562668
0,1,0.5452447743798319
0,0,0.42518808115036
0,0,0.24927053514931224
0,0,0.24612036604322415
0,1,0.5367477349914926
0,1,0.567219593628315
0,0,0.497518514716981
0,0,0.46247076656167535
0,0,0.007457365075963505
0,0,0.29775207027480927
0,0,0.4226652763125419
0,0,0.4341808850760848
0,0,0.1845896621157606
0,0,0.3586833143813798
0,1,0.525367715211055
0,1,0.6124473127077878
0,0,0.40132436757400447
0,0,0.3030807436308849
1,0,0.47209595394345255
0,1,0.5100256978974117
1,1,0.5587573563631358
0,0,0.0658197382122861
0,0,0.3579113337607561
0,1,0.6251930757737245
0,1,0.7841782127233233
0,0,0.3201522709492008
0,1,0.7722648466756824
0,0,0.2378797092641537
0,1,0.6505218147808625
0,0,0.41809614553215285
0,1,0.5642940674966235
1,1,0.5416369618758613
0,0,0.37841465181759965
0,0,0.23397937956434858
0,1,0.7758517973134934
1,0,0.12564803744871963
0,1,0.5491567410012818
0,0,0.40089154809731914
0,0,0.31914883950221423
0,0,0.3694592402416607
0,0,0.28768610681217494
0,1,0.777904384706736
0,1,0.5068928204367122
1,1,0.5278910387021407
0,1,0.5246674652267265
0,0,0.48841816022658446
0,0,0.010410032314573806
0,1,0.6167447776436047
0,0,0.0038474435120482253
0,0,0.33789993609199215
0,1,0.7078745118886135
0,0,0.43430905877436604
0,1,0.5173493703937477
0,0,0.2548140465325303
0,0,0.3387649890472333
0,1,0.5437660070213595
0,0,0.3313427463707631
0,0,0.41076199386723455
0,0,0.06047290644853019
0,1,0.5689109056969438
0,1,0.6208140275047881
1,1,0.9255549019442219
0,0,0.26105165368818467
0,0,0.37204403380671686
0,1,0.6262129093196368
0,1,0.5574803483308408
0,1,0.5636098066678334
0,0,0.361977706748944
0,1,0.6306446036948586
0,0,0.004314343342389561
0,0,0.15644639110626518
0,1,0.6210167361483069
0,1,0.7541497584847165
0,1,0.6247166900825967
0,0,0.4295601784585417
0,0,0.1706784709537999
0,0,0.21727515134112005
0,1,0.6564919922073377
0,0,0.30085694679274566
0,0,0.387057188776409
0,0,0.37153912788245225
0,0,0.3256565152222537
0,0,0.0024369223394565573
0,1,0.6645303531531283
0,1,0.577744616847153
1,0,0.3690466580662083
0,0,0.314661400911949
0,0,0.305638131520938
0,0,0.24939587915634664
0,0,0.47416151594624584
0,0,0.20807643861813457
0,0,0.4552915001371402
0,1,0.7168231084761225
0,0,0.47283911006615975
0,0,0.3094419948667294
0,1,0.6559644451634504
0,0,0.45325071228591624
0,1,0.5675669677631349
0,1,0.5219870532570557
0,1,0.8824136215473397
0,0,0.386536248065875
0,0,0.1259712477728715
0,0,0.21037508482329603
0,0,0.25073658308750063
0,0,0.008112910213349664
1,1,0.9127111232751829
0,1,0.5611954337390702
0,0,0.249876206742948
0,0,0.15021310277465016
0,0,0.14701184931590583
1,1,0.9606935104649941
0,0,0.4725582268873785
0,0,0.40277635701068804
0,0,0.2947642696199168
0,0,0.38797453000520465
0,1,0.5714423424046289
0,1,0.5496487226853038
1,1,0.5440921143752584
0,0,0.21547166005284896
0,1,0.6684778761430661
0,0,0.14133215773656171
0,0,0.21386200563344002
0,0,0.3388228670348223
1,0,0.22756808403456505
0,1,0.6424135137549649
0,0,0.34125639566935073
0,0,0.08966275661201459
0,0,0.04483891886158802
0,0,0.46191498584126284
0,0,0.404733499342596
0,0,0.2527443151212486
0,1,0.6144607979608241
0,0,0.06002720144732084
0,0,0.304115436895186
0,1,0.642124177570709
0,1,0.6102911750179134
0,0,0.29942144958705713
0,0,0.29210354082647233
0,1,0.7821074210946409
0,0,0.28738336211949633
0,0,0.4073628237782892
0,1,0.6969112532283603
0,1,0.5353334820340256
0,0,0.3499013566023978
0,0,0.4723859826392729
0,1,0.5162946520936509
0,1,0.9332661609310862
0,0,0.47351785831054916
0,0,0.1553760655360966
0,0,0.39732398504099903
0,1,0.5738155172954315
0,1,0.6136377278190399
0,0,0.3630551007822369
0,1,0.5695238147594036
0,0,0.0032687952324209598
0,0,0.380212784271709
0,0,0.4906805413465767
0,0,0.336588734376473
0,0,0.2950986644070204
0,1,0.5566945015569598
0,0,0.3143923371019759
0,0,0.3454754309759861
0,1,0.6557991255650296
1,1,0.883897690513895
0,0,0.02538150921079558
0,0,0.48561161392097246
0,0,0.46663965158035714
0,1,0.5800561928732523
0,0,0.4625711350302885
0,0,0.29737412313897266
0,0,0.3171506243888644
0,0,0.4869293458193031
0,0,0.3571193737758678
0,1,0.691482606600974
0,0,0.22852137126436162
0,0,0.4304153675461882
0,0,0.3934956121793986
0,0,0.006888064653316229
0,0,0.3444978031575773
0,1,0.5051848229694043
1,1,0.5667913239550558
0,1,0.5526049094728736
0,1,0.5788187490354004
1,1,0.7469587601505409
1,1,0.506294593902998
0,1,0.5753891274546584
0,0,0.3688088267541297
0,1,0.6427273554134145
1,1,0.5386810523593802
0,1,0.5008937623327319
0,0,0.2571800871398091
0,0,0.29348125267038633
1,0,0.07557710691646315
0,1,0.5370529130460566
0,0,0.3806678054683175
0,1,0.6637082382823372
0,1,0.6434967540290261
0,0,0.08447504359225991
0,1,0.6398211300105049
0,0,0.04070422635823327
0,0,0.38275751057803026
0,0,0.2045802141090009
0,0,0.46767555502932934
0,0,0.0318320188057117
0,0,0.41721613331549273
0,0,0.4856432934230306
0,0,0.36148197294820344
0,0,0.3410741221164748
0,0,0.36344072117587767
0,0,0.37890507298625886
0,1,0.5411257461653596
0,1,0.71603434767062
0,1,0.5700388347822113
0,1,0.8274722809444782
1,1,0.5319507765203517
0,1,0.5074856131032234
0,1,0.5758364129381848
0,0,0.09626085930929323
0,0,0.2612920166200433
0,1,0.6189917938777553
0,0,0.4853977810006873
0,0,0.2728623182364065
0,0,0.454672274519869
0,1,0.6381642578777118
0,0,0.4538116696355398
0,0,0.2819463894539107
0,0,0.34081288035268503
0,0,0.4048805821498961
0,0,0.4567710881470291
0,0,0.2467081376134814
0,1,0.8191699563683132
1,1,0.6846376376575085
0,0,0.4814970171037593
0,0,0.15423037288135905
0,1,0.5265485995179497
0,0,0.3875711765483367
0,0,0.33400771803353674
0,0,0.4472721290894308
0,0,0.304497445749847
0,0,0.47706067291265813
0,0,0.4803788157672614
0,0,0.002833437438617325
0,0,0.21448018426593307
1,1,0.7502905780332073
0,1,0.6068552642931277
0,1,0.6483106577321188
0,0,0.24909694399072974
0,0,0.3904613333673999
0,0,0.1974996480380209
0,1,0.678936879796495
0,0,0.0720520927220139
0,0,0.07938132277607021
0,0,0.4905924858648933
1,0,0.24604464815075416
0,0,0.2448109819575564
0,0,0.32356256575319287
0,0,0.4617861182636089
0,0,0.15137575613842444
0,0,0.47512909943068926
0,0,0.3970270169530779
0,1,0.6652337132415473
0,0,0.3533627643202646
1,1,0.9606100386426772
1,0,0.29158337096991793
1,1,0.57082138903081
0,1,0.5171940878134911
0,1,0.5392634932149625
1,1,0.8381856331813586
0,0,0.4531596658145431
0,0,0.2946918470772413
0,0,0.31347778414070976
0,0,0.17696921752279351
0,0,0.28102612307153674
0,0,0.3082584300384574
0,0,0.3662880125522124
0,1,0.6532360838057935
0,0,0.23270530638549805
0,0,0.32038474359997254
0,1,0.5189562525360758
0,1,0.6522488583483956
0,1,0.6803611135166235
0,1,0.6058399617265987
1,0,0.26408991992752207
0,1,0.6711635878357993
1,0,0.4553690835938794
0,0,0.4295566443972773
0,0,0.48913673015995074
0,1,0.5362322715199346
0,1,0.5510766006311333
0,0,0.4918004083785465
0,1,0.6536963587093294
0,1,0.7543966265216259
0,0,0.08456769413665341
0,1,0.6263637098604564
0,0,0.2725735954566393
1,1,0.7909072425061351
0,1,0.6104291619215977
0,0,0.19303952591357013
0,0,0.3143606297054575
0,0,0.31867811746607344
0,1,0.5037690363902858
0,0,0.14280062810002267
1,1,0.8018372234173197
0,1,0.5713948369993536
0,0,0.4813048407308849
0,0,0.45616034359586205
0,1,0.8362880658454179
0,0,0.48947351028074326
0,0,0.4897891521906184
0,0,0.2234749239727251
0,1,0.7354580510623449
0,1,0.5979669542717354
0,0,0.05833380662799541
1,1,0.6025243801310379
0,1,0.5823494536290303
1,0,0.2629161238841762
0,0,0.4476193802767607
0,0,0.3906341253337752
0,1,0.6978970452229231
0,0,0.43012901868293835
0,1,0.5024361378653188
0,0,0.493648791278078
0,0,0.2191783370277534
1,0,0.20994723626089346
0,0,0.4468223947761116
0,1,0.6044412503620885
0,0,0.25364549838056916
0,0,0.007895488075856924
0,0,0.45795490195027877
0,0,0.3665377381557662
0,0,0.3303997897771248
0,0,0.2836787559547639
0,0,0.42087964506534065
0,1,0.7598488988629237
0,0,0.30373474392906197
0,1,0.8921997971555091
0,0,0.4568887236291591
0,0,0.32952501692376307
0,0,0.46018838197836953
0,0,0.17422255298289532
0,1,0.804842516695016
0,0,0.19231099802131174
0,1,0.5366894207464803
0,0,0.34213065244244023
0,1,0.5901428576736512
0,1,0.5946047858726103
0,1,0.5667254845955837
1,1,0.9411173416363783
1,0,0.16554270952291386
0,1,0.7575235393488329
0,1,0.5919936899308582
0,0,0.4265360074117767
0,1,0.6170013066676908
0,0,0.18158114946077777
0,0,0.29257636943759463
1,0,0.275122563580208
0,1,0.5463390086958636
0,1,0.8563004640521955
0,0,0.3615654054088245
0,1,0.5036912339727212
0,0,0.3486357999846749
0,0,0.18021566745332437
0,1,0.5310137536601568
0,1,0.824051114512701
0,1,0.5307751325126205
0,1,0.6654709079756783
0,0,0.45448079542579567
0,0,0.25952922035690834
0,0,0.23194454473399478
0,0,0.2821861816047859
0,0,0.17326659113298748
0,1,0.6420257584934953
0,0,0.32015759565943575
0,1,0.6156909834368226
0,0,0.21542978761642967
0,0,0.14227195458967648
0,0,0.3130366086546263
1,1,0.933456448467967
0,0,0.4197721683715882
0,0,0.27784544212412743
0,1,0.6599530563689546
0,0,0.20886331884237563
0,0,0.30033245077032894
0,0,0.3309060329111988
1,1,0.902500798194444
0,0,0.4450497320002613
0,0,0.2059746067320569
0,0,0.43859562188666956
0,1,0.5002687114952299
1,1,0.5762868013043132
0,0,0.32958944178981814
0,0,0.36786129833538467
0,0,0.2832885064449228
0,0,0.39492397957049874
0,0,0.29775552041104836
0,1,0.7061709523816896
0,0,0.3624180162835319
1,1,0.6323276362802036
0,0,0.19997425321880252
0,0,0.22878155063364408
1,1,0.7428184979135282
0,0,0.3424755363359952
0,0,0.3810538533063649
0,0,0.30617160995329945
0,0,0.35975444835064824
0,1,0.7740673783039252
0,0,0.3491353551882642
0,0,0.33225006522681905
0,0,0.39309937402413014
0,0,0.2703368958060055
0,0,0.17247259066462997
0,0,0.44534348780540817
0,0,0.385037819478037
0,1,0.728682526973962
0,0,0.2795946248468521
0,0,0.43260758164337454
0,0,0.24839718825004123
0,0,0.4495839743610764
1,0,0.38482632428845986
0,0,0.00695705936929286
0,0,0.4635376210658661
0,0,0.336232190204769
0,0,0.4371005347975644
0,0,0.04944101406980296
1,0,0.2492802780178746
0,1,0.7520669785164985
0,0,0.46299874918874273
0,0,0.3612503558029568
0,0,0.33337067030665307
0,0,0.49974695941813385
0,0,0.3891326263528891
0,1,0.7143603549215186
0,0,0.36833288223475186
0,1,0.7565621523778085
0,0,0.27833493085166544
1,1,0.9460037197050228
0,1,0.6000760999797418
0,0,0.415808346103996
0,0,0.10183419640980682
0,1,0.618615240099429
0,1,0.7582393075334847
0,1,0.7068688851394698
0,1,0.5632402365526865
0,0,0.20958256533379904
0,0,0.2858936293852124
0,1,0.5439541862490317
0,0,0.006909932016471619
0,1,0.7325970562074513
0,0,0.4893525239089311
1,0,0.36091158498660814
0,0,0.41622876801008735
0,1,0.7934042158183453
0,0,0.3635816781804516
0,0,0.004674500318748085
0,1,0.6021835751956229
0,0,0.407704660904479
0,0,0.0024852468751007505
0,1,0.5596979146879727
0,0,0.36103770417456305
0,0,0.4718777856327267
1,1,0.6459450210015492
0,0,0.052537651438222026
0,0,0.4214290332937527
0,0,0.28461660172540365
0,1,0.9665816367049297
0,0,0.41523471409240087
0,1,0.5078672746047848
0,0,0.4334732641045259
0,0,0.3591738525401333
0,0,0.44573811814229053
1,1,0.7010651827061262
0,0,0.4136772553297152
0,1,0.6258380152088154
1,1,0.5767405584369423
0,1,0.5266762850700114
1,1,0.5478946736670881
0,1,0.512108411789604
0,0,0.3353693159315158
0,0,0.3286066870272298
0,0,0.41393870574684516
0,0,0.3647466979718436
0,0,0.4193439152769279
0,1,0.6022187608749998
0,0,0.48391941865930577
0,0,0.4014864547530506
0,0,0.2043592930234819
0,0,0.23106666901733888
0,1,0.5036984697597265
0,0,0.41963388479636027
0,1,0.537076686865509
0,1,0.5644306108326235
0,0,0.3510464571057323
0,0,0.24451262601506438
1,0,0.42696665228438707
0,0,0.30000783686011656
0,1,0.6276135265524087
1,1,0.5306564187126325
0,0,0.2055786118620382
0,0,0.4697688453455402
1,0,0.40017988050192094
0,1,0.7710413798486399
1,1,0.6261089807113334
0,0,0.24920400323227263
0,1,0.5347785097967888
0,1,0.6359724896663578
1,0,0.4979510249841314
1,0,0.44227892890899595
1,1,0.5823922624271233
1,0,0.22510660613720287
0,0,0.348359989866654
0,1,0.7206537951297451
0,1,0.568586379312435
1,1,0.6596593033664624
0,0,0.44090481151711375
0,1,0.5415882520558737
0,0,0.3111950899005806
0,1,0.5835378146223289
0,1,0.8912483633200303
0,0,0.47244683202082005
0,1,0.6419321206072065
0,0,0.10672503681575102
0,0,0.2242638891185119
0,0,0.4198018771695237
0,0,0.32509136993194215
0,0,0.23976504889404213
1,0,0.45377643434499976
0,1,0.518544909217397
1,1,0.7868632382526561
0,1,0.5715776634530133
0,0,0.16873195286337944
1,0,0.32132979091444186
0,0,0.004819528588729186
0,1,0.6451112428804573
0,0,0.43026658341552726
1,0,0.4577269754923971
0,1,0.5690834637246184
0,0,0.22658485092553993
0,0,0.4169510880643312
0,0,0.46317008821456507
0,0,0.3121661183290473
0,0,0.4251889620000783
0,0,0.4697524287969098
0,0,0.2841974648573957
0,0,0.3923310350609584
0,0,0.4037041363327787
1,0,0.4473168129286352
0,0,0.4974092199783424
0,0,0.38109095803522186
0,1,0.6164125260018967
0,0,0.271147402503867
0,0,0.320692373504864
0,0,0.13919733169055049
0,0,0.21099838198586027
0,0,0.40767347040374036
0,0,0.17844199287626517
0,0,0.4407007420127832
0,0,0.45145528294109966
0,0,0.3469945818726798
0,0,0.09625655620146699
0,1,0.6689985108842059
0,0,0.4782440003198483
0,0,0.24301299033341678
0,0,0.24414816509189627
0,0,0.49994282866264467
0,1,0.6815384859781505
0,1,0.7400177341299057
0,1,0.5709411623331534
0,0,0.3891162098671449
0,1,0.541776253919933
0,1,0.5372765155682694
1,1,0.6760753674594265
0,0,0.36824466294662295
0,0,0.365536588846683
0,0,0.1446565742936386
0,0,0.20600935203566387
0,0,0.43511520291883266
0,0,0.0035148162291954044
1,0,0.20455745350057777
0,1,0.7223304486906875
0,1,0.5972462008581855
1,1,0.5181952454946946
0,1,0.79807087266624
0,1,0.5908001175807559
1,1,0.6832147808293696
0,0,0.33897908819801603
0,0,0.294425400079603
0,1,0.5264357639758714
0,0,0.47525096026987607
0,0,0.2131717350087624
0,0,0.390130698507836
0,0,0.4639992996644637
0,1,0.5375203410581622
0,0,0.4091750587791191
0,0,0.4107622610492457
0,1,0.546021522412007
0,0,0.00937479862847299
1,1,0.6404020008465156
0,0,0.3147987578969516
0,0,0.28379475973348944
0,0,0.49815581573774176
0,0,0.4195049407038409
1,1,0.7341211765799349
0,0,0.003073047251970104
0,0,0.40924680076391695
0,0,0.3987227234017403
0,1,0.638561861103114
0,1,0.6173143164081746
0,0,0.30456707850048464
0,1,0.6704059854961177
0,0,0.17438396522036337
0,0,0.4614407491645374
0,0,0.35321583310245935
0,0,0.17310164861038882
1,0,0.33924438958730124
0,0,0.3102716583754804
1,1,0.5841453227819198
0,0,0.4576132290991306
0,0,0.4186894648281884
0,0,0.2694400399055972
0,0,0.48838164783591265
1,0,0.4087994484420357
0,0,0.45451557153120264
0,0,0.3440203632288713
0,0,0.0013347033414750538
0,0,0.45358610735215515
0,0,0.49216308459225017
1,0,0.3223691206226888
0,0,0.4338041970165237
0,0,0.14906009696632452
0,0,0.2794031275650193
0,0,0.43151547864320394
0,1,0.7764209499418353
0,0,0.24886670540904451
0,0,0.3445838692269615
0,1,0.7015171001156827
0,0,0.3905535820932296
0,0,0.37455077983653834
0,0,0.40151102488540835
0,0,0.4740285675750032
0,0,0.4998161643842162
1,1,0.7884659982596987
0,0,0.34799144146596567
0,0,0.4371840416501145
1,1,0.752604549323613
0,0,0.45096599952916055
0,0,0.33451829715117026
0,0,0.4699885679472745
0,0,0.4405538196157421
0,0,0.3103415910018501
0,0,0.3793770172434848
0,0,0.42868272008188635
0,0,0.49121655856463387
1,1,0.6092111938531732
0,0,0.33794013831455133
0,0,0.3808400731527289
0,0,0.3867560927182716
1,1,0.7090450125575032
0,1,0.5629567015290711
0,0,0.19198899654404775
0,0,0.4626613486978204
0,0,0.4489484984020245
0,0,0.4354391738367323
0,1,0.7732745760819444
0,0,0.38948559699860574
0,0,0.39669977390847755
0,1,0.5976020351294679
0,0,0.29984465395128823
0,0,0.2560848931497562
0,0,0.4494986064419259
0,0,0.36444747894165336
0,0,0.4517759536088024
0,0,0.20666846401855174
0,0,0.2353965423422852
0,1,0.5800270218114684
0,0,0.48381996812971595
0,0,0.39678150993569133
0,0,0.42863566110137585
0,0,0.3717024226961824
0,0,0.41169664775558573
0,1,0.6371945141852429
0,0,0.004752741432563542
1,0,0.4254014372125689
0,0,0.15228948970015194
0,0,0.4154083994719927
0,1,0.5597739686162154
0,0,0.39858411987002024
0,0,0.23867878311790167
0,0,0.1600855751808652
0,0,0.2595677730396751
0,0,0.24645190864683444
1,1,0.7470003380826793
0,0,0.16868968536416
0,1,0.5463199153764091
0,1,0.5705342391377598
0,0,0.30913382359550046
0,0,0.3455325705459896
0,0,0.3680469548750933
0,1,0.7080367513511702
0,0,0.1658545855054868
0,1,0.8402684575454827
0,0,0.3854361691693607
0,0,0.4036195760105729
0,0,0.47465458599928145
0,0,0.3974541584196814
0,0,0.4729147721521044
0,0,0.39571340464985705
0,0,0.2675129122426233
0,0,0.4411359278591766
0,1,0.53264292122933
0,1,0.5623661566068082
0,0,0.07145512292064683
0,0,0.24386537782019882
0,0,0.46639245071820606
0,1,0.6662670580947048
0,0,0.2734312678462966
0,0,0.4101717469662614
1,1,0.5103580481706165
0,1,0.6913415521167234
0,0,0.36171659770232956
0,0,0.26098116303314856
0,1,0.7658288933717375
1,1,0.7972939767685472
0,0,0.3980732494385221
0,0,0.28178177982040986
1,0,0.13391003507625687
0,0,0.3958699130892495
0,0,0.3855922537179273
0,1,0.5574761156758103
0,1,0.6121555924591842
0,0,0.4652945990447591
0,0,0.4769808632928855
0,0,0.45265015034560213
0,1,0.5867157308083941
0,0,0.09070781345179312
0,0,0.28457348409143124
0,0,0.289319833468186
1,0,0.3552719841755835
0,0,0.32912158384039747
0,1,0.6134173570160794
0,0,0.45500970960395315
0,0,0.29872225711192096
0,0,0.21330353415531536
1,1,0.6688058041938297
0,1,0.629033551724027
0,0,0.2846948735244099
0,0,0.44710841708849647
0,1,0.5418735873946686
0,1,0.7416483348070569
0,0,0.3921646833077668
0,0,0.351211328910825
0,0,0.3027365467222078
0,0,0.26331469340148767
0,0,0.2888031701606907
0,0,0.3996960611272328
0,0,0.007569599028405706
1,1,0.7756405730430436
0,0,0.2712764518914795
1,1,0.7350642980901051
0,1,0.7106827855731475
0,1,0.5374234477472601
0,0,0.15008633946368338
0,1,0.89413736232267
0,0,0.38520401190825077
0,1,0.8049432803405427
0,0,0.4571504001516333
1,1,0.6608033113801963
0,1,0.5286100042723322
0,0,0.4818579758019788
1,1,0.5363508347022325
0,0,0.4625293862918626
0,1,0.5557251441802965
0,0,0.39472947417721527
0,1,0.5177455067663158
0,0,0.49672429621999376
1,1,0.845401707565741
0,0,0.3472501793102181
1,0,0.4716304119887645
0,0,0.29206341898435273
0,0,0.4885368657040327
0,1,0.5808362360622157
0,0,0.19528194266578566
0,0,0.22271147408034947
1,1,0.7680398450076277
0,0,0.18949530019738595
0,0,0.46145607719471066
0,0,0.408269958742006
0,1,0.743963238159153
1,1,0.7407739564958156
0,0,0.3363344687839253
0,1,0.5799137595574398
0,0,0.47276660595407843
0,0,0.2854487163135108
0,1,0.6744932531913679
0,0,0.33423031382522983
0,0,0.34094590629338345
0,1,0.5405036083562076
0,1,0.5615745847091191
0,0,0.322799022077275
0,1,0.7313109869731722
0,0,0.1802678888640536
0,1,0.7553038083520207
0,0,0.45276757994358446
0,1,0.684563981681078
0,0,0.27458306337863997
0,0,0.20217277918880944
0,1,0.6024762711731424
0,1,0.5604116262565113
0,0,0.4695343413351409
0,0,0.19587989893684088
0,1,0.5931104362699896
1,1,0.8313798079937225
0,0,0.45265491758796034
0,1,0.561233760051787
0,0,0.4159333110905298
0,1,0.6249913151428175
0,0,0.27098166304417187
0,0,0.3995710404673829
0,1,0.6234353607875774
0,0,0.35786086194425093
0,0,0.32669280067125317
0,0,0.2142875098224217
0,0,0.3930302580129985
0,1,0.5145801643774022
0,0,0.3945887937646994
0,0,0.47101709842337397
1,0,0.3936136083630614
1,0,0.40854364571759855
1,0,0.4303536512163533
1,1,0.6315444567963183
0,1,0.5158819915843263
0,0,0.30355906414665107
0,0,0.31621928905864016
0,1,0.5678108148213968
1,0,0.37967503067805036
0,1,0.9310588782738015
0,0,0.352107360460546
1,1,0.6886300829939513
0,1,0.6215100778733762
0,0,0.43183502578891414
0,0,0.49629299774647034
0,0,0.3358230278018903
0,0,0.22653011615894605
0,0,0.405691850072906
1,0,0.458992925105065
0,1,0.5320800260901256
0,0,0.3135125635550714
0,1,0.6521204152336911
0,1,0.6525929168563565
0,0,0.19653363722367315
0,0,0.33409742516956736
0,0,0.010325145930353882
0,1,0.5809223575977517
0,1,0.5400146075062597
0,0,0.420519701879148
0,0,0.44783221848565147
0,0,0.29544650515111254
0,0,0.30473672748691205
0,0,0.2322782710963017
0,1,0.6031420668801908
0,0,0.3736313941521744
0,0,0.45915297224865953
0,0,0.22304725660031857
0,1,0.5127453674252684
0,0,0.2656803697814216
0,1,0.7296112989570386
0,1,0.526902804794813
0,1,0.5051413248021566
1,1,0.5394266818541884
0,0,0.2485387956302482
0,1,0.7280465572888648
1,1,0.5783456565019873
0,0,0.4653074464507883
0,0,0.406641254538668
0,0,0.4460499569931476
1,0,0.33262680491424446
0,0,0.2561755100338206
0,0,0.24818868870600969
0,0,0.2667110655452858
0,1,0.5873596726901129
0,0,0.34742912784219276
0,0,0.3282585021080193
0,1,0.6100116308625474
1,1,0.740155902679805
0,0,0.4455716139282673
0,1,0.6916783346094147
0,0,0.3043798774299502
0,0,0.3985120731561759
0,0,0.3789465433585756
0,0,0.43048447521512095
0,1,0.556614748734616
0,0,0.29267914558654357
0,0,0.4651875872414255
0,0,0.18608337396752916
0,0,0.24364416707460426
0,0,0.4104810197354129
0,1,0.5297197168972948
0,0,0.45279400132685843
0,1,0.586536420305974
1,1,0.8446671836727981
0,0,0.4205476573922208
1,0,0.285912862006962
0,0,0.30972863387648164
1,1,0.9356972715103276
0,0,0.3573593254406729
0,1,0.6040903771766765
0,0,0.40106149945421243
1,1,0.5545234918200433
0,1,0.5763868038119909
0,0,0.1765869742670018
1,1,0.5073636107688629
0,0,0.14535724714059514
0,0,0.04457626145165575
0,0,0.26824942837325055
1,1,0.7163174507069203
0,0,0.4487130856528987
0,0,0.4596046791188703
0,1,0.6014100347002982
1,1,0.8514161798400068
0,0,0.3696748494106086
0,0,0.18615523507472934
0,0,0.3871588745607633
0,1,0.5141732649922838
0,0,0.28490587324164734
0,0,0.2653323464916586
0,0,0.2722295113152267
0,0,0.42035637372185963
0,1,0.627712887285076
1,1,0.5440681551092397
0,0,0.4701590403545958
0,0,0.3543442901235702
0,1,0.7724005262798096
0,0,0.4562199394201399
0,0,0.4997556449287112
0,0,0.31683483756913966
0,0,0.23174082729613016
0,1,0.7419478247784919
0,0,0.4659286607315377
0,1,0.6303859581568519
0,0,0.22499379591535093
0,0,0.3964160508996626
0,0,0.4850338733442161
0,1,0.6516770040686966
0,0,0.39983007681696137
0,0,0.40563996537371716
0,0,0.35034219758285684
0,0,0.4527130526226425
0,0,0.3959496798401536
0,0,0.49388973323924223
0,0,0.18823641065055768
0,1,0.5327769278184369
0,0,0.1951292394545596
0,0,0.47888727858392405
0,0,0.45094380044264337
0,0,0.3075388470662096
0,0,0.2500530786823887
0,0,0.38280299649636296
0,0,0.4468490551615947
0,0,0.42628071730661937
0,1,0.6268705768328299
0,0,0.4232228064271642
0,1,0.5653729374872745
0,1,0.5344804382400736
0,1,0.591298561976701
0,1,0.5247311194131683
0,0,0.4844713306327786
1,1,0.8269374090720004
0,0,0.39115741810328764
0,0,0.4186470070712227
0,1,0.5601915323386866
0,1,0.6237298678360967
0,0,0.3678427963158267
0,1,0.5908571626017676
0,0,0.30282244105671563
0,0,0.34988265194802104
0,1,0.5892839338303288
0,0,0.3986776602923006
1,1,0.5823283579925419
0,0,0.3252185582543278
0,0,0.2863645239108954
0,0,0.08743647840469042
0,0,0.42994785691096526
1,1,0.5330322624651559
0,1,0.5171044511122586
0,0,0.17766875418725483
0,1,0.7583890780308651
0,1,0.6023846286748216
1,0,0.47260482603285087
0,0,0.2758289388144597
0,1,0.5898579054742585
0,1,0.6723267993826009
0,0,0.201478115448585
0,1,0.5606415339152282
1,1,0.6396390863375789
0,0,0.3810614890624951
0,0,0.4240837099778144
0,0,0.29722732060488566
0,0,0.28840695041273257
0,0,0.23361768476200517
0,0,0.44626265706076623
0,1,0.500289358332021
0,1,0.5040712426031003
1,1,0.7763577180049086
0,0,0.30897473937285114
1,1,0.689273274145379
0,0,0.38479524834082746
0,1,0.7777187941785259
1,1,0.7604294469415098
0,0,0.3401392146328572
0,0,0.35416321909373266
0,0,0.3729454332090277
0,0,0.3601818306117129
0,1,0.6239958667853567
0,0,0.2620690701102626
0,0,0.29681391517352
0,0,0.4991629108693156
0,1,0.5366809573362108
0,0,0.3204867574785089
0,0,0.22233058854205406
0,1,0.551009355896843
0,0,0.4733745169672843
0,0,0.36224830530642854
0,0,0.4406157856965887
0,0,0.3430838593338569
0,1,0.507874321733674
0,1,0.5163100097576099
0,0,0.28090916260153403
0,0,0.24114745211258162
0,0,0.32847620939142763
0,1,0.8118506644433744
0,0,0.32701183558632396
0,0,0.005698467019930727
1,1,0.5441097295654795
0,0,0.24201754744070805
0,1,0.600822253749808
0,1,0.5754734551678576
0,1,0.6086791963905431
1,0,0.3072473154479599
1,0,0.4320842251485145
0,1,0.5343190494506058
0,1,0.6051984230606067
1,0,0.4728946018662395
0,0,0.4351050180239422
0,0,0.4361229588424897
0,0,0.44119922539781165
0,0,0.23124093339738946
1,1,0.7034884523925116
0,1,0.5814386676685745
0,0,0.4427252902994395
0,0,0.3909550672060908
0,0,0.40863174929524365
0,0,0.2751241241773654
0,1,0.5472845769011283
1,0,0.27390543708849996
0,0,0.473697678373062
0,1,0.5393873231240695
0,0,0.22825358881599436
0,1,0.5196164548732044
0,0,0.29264538810281515
0,0,0.2945076451527578
0,0,0.48820111555649576
0,0,0.24601957197455868
0,0,0.08385400638157443
0,0,0.49422023364258616
0,0,0.361844513133612
0,1,0.7567837046641769
0,0,0.32566537719885164
0,0,0.4583750535907773
0,0,0.2573393940130074
0,1,0.7345869665028805
0,0,0.4443126536318986
0,0,0.32863671145103374
0,0,0.26481595553528403
0,1,0.6959092701399586
0,0,0.26871806900705564
0,1,0.5370464646845945
0,1,0.5136768121872556
0,1,0.5264373798680448
0,1,0.6017346602233576
0,0,0.130798195014466
1,1,0.6403948231563821
0,1,0.6311682070085279
0,0,0.44188393565900663
0,1,0.6193095163100736
0,0,0.4331700404495521
0,0,0.15081184458198318
0,1,0.5483935146448949
0,0,0.34797257162655076
0,0,0.060513943032368275
0,0,0.4588776706824677
0,0,0.4298873876837789
0,0,0.48219273877746144
0,1,0.6079872834995745
0,0,0.4171848208844119
0,0,0.30417197460867246
0,0,0.299358911555294
0,0,0.27666853669364067
0,0,0.37362704985198414
0,0,0.2630599573832315
0,0,0.4056931293383899
0,1,0.7240490330883221
0,1,0.509975952362447
0,1,0.5449258105532335
0,0,0.12348400496917354
0,0,0.24645796968832534
0,0,0.14050416050650866
1,0,0.38828344779377466
0,0,0.21968918134092694
0,1,0.6473507515129246
1,1,0.5120369949719131
0,1,0.7744605112320689
1,1,0.9366438232158533
0,0,0.47690019023231667
0,1,0.5977035702827748
0,0,0.36420000403393377
1,1,0.6271864468918494
1,0,0.26963444567018435
0,0,0.35641506458109806
0,0,0.35034936528625704
0,1,0.5537965225670172
0,0,0.2051787519690728
0,1,0.579877478322039
1,1,0.7058031552218474
0,1,0.6671036316546789
0,0,0.35126354161968953
0,0,0.3268371553255621
0,1,0.5288797687223693
1,1,0.5564692896663764
0,1,0.6015360237952015
1,0,0.36907975142742694
0,0,0.2931021161576139
0,0,0.49552481526544756
0,0,0.40252125921584725
0,0,0.22429512660530077
1,1,0.7640047706338806
0,0,0.43061964245091694
0,0,0.4371911987230552
0,0,0.41452875717937643
0,0,0.4810973452388338
0,1,0.5191173285591687
0,0,0.40074186202670087
0,1,0.5256986584691429
1,1,0.636508866905511
0,0,0.2620397586719023
0,0,0.19319297757683954
0,0,0.3385309935755384
0,0,0.44497576566948954
1,0,0.45513030247388275
0,0,0.2698635932756917
0,0,0.3344082754221388
0,0,0.4528339520108339
0,0,0.18613532466476085
0,0,0.35595374506334215
0,1,0.5311486699917286
0,0,0.30580189430931937
0,1,0.6585628643240882
0,0,0.45925805336523007
0,0,0.4934786755086158
0,1,0.7085176245756738
0,0,0.49594509101508744
0,1,0.7275171139472203
0,0,0.26364129015195814
0,0,0.448695354028077
1,0,0.4902095520077357
0,0,0.40336981569559205
0,1,0.6029364106548711
1,1,0.707646308472986
0,0,0.1742025690655007
0,1,0.595444065455297
0,1,0.5384420490380231
1,1,0.5149469771894003
0,0,0.4673197256483896
0,0,0.4064000642324181
0,0,0.41256677455374
0,0,0.406578797778475
0,0,0.24017618279119296
0,0,0.3483619829633541
0,1,0.5071012507282777
0,0,0.374849285714283
0,1,0.5289227838440008
0,1,0.6778679598416899
0,0,0.44347066427380805
0,0,0.41830332786451324
0,0,0.2549575430903742
0,1,0.6390102205191757
0,1,0.7274298347913316
0,1,0.9074476313957435
0,0,0.4018650848190608
0,0,0.45549031482209684
0,0,0.40902445001131943
0,1,0.5458424243927256
0,0,0.21076772146818115
0,1,0.5821600714940334
0,1,0.6388134596765562
0,1,0.5376382089152496
0,1,0.5716233103987113
1,0,0.36118202338989286
0,0,0.33343899230273855
0,0,0.48265360508687316
0,0,0.38349254424034224
0,0,0.48382088302633286
0,0,0.49157905316418915
0,0,0.4832663675541827
0,0,0.36959476615937314
0,0,0.35731741576069953
0,0,0.4019851363400881
0,0,0.4233308218137216
0,0,0.3840545286872056
0,0,0.4235714551483797
0,1,0.6276215032398843
0,1,0.6553194789900066
1,1,0.7859078590108687
0,0,0.37598666296354694
1,0,0.3723624458243506
0,0,0.29932418207723954
0,0,0.4892370042096039
0,1,0.696984594331875
0,1,0.6036261206891793
0,1,0.5262841530059836
0,0,0.4352257616542629
0,0,0.12154855240744364
0,0,0.20383898391889504
0,1,0.7988706251106129
1,1,0.9028685507596126
0,0,0.2601277886366044
0,0,0.34927683361905243
0,0,0.46162953023242614
0,0,0.4342893641334646
0,0,0.42699601113613306
0,0,0.49691934137584404
1,0,0.3519086115237085
0,0,0.46790746618941015
0,1,0.5166189786868151
0,0,0.29232890908086434
0,0,0.004428844143277852
0,0,0.252453311718244
0,0,0.3043316214723461
1,1,0.5485339849464564
0,0,0.35733316608099264
0,0,0.3184832143751155
0,0,0.41446544436945837
0,0,0.4805872301398854
0,0,0.2514863002730225
0,1,0.5213592973792147
0,1,0.5155091335881574
0,0,0.3984026935865338
0,0,0.46735587241324494
1,1,0.8576993967313279
0,1,0.5081550925254231
0,0,0.421356928197638
0,1,0.850631496647828
0,0,0.39718486025612104
0,0,0.4929075809153273
0,0,0.3262963295852323
0,0,0.46249818915263186
0,0,0.44588428990221535
0,0,0.3090800321739149
0,0,0.24056977705446192
0,0,0.48984993948709554
0,0,0.25196665244401545
0,0,0.37182404882220954
0,1,0.6233921719818037
0,0,0.33355389170884003
0,1,0.5441600985435423
0,0,0.4575708603120632
0,0,0.4417957266853432
0,1,0.5751492777082291
0,0,0.332135853046704
0,1,0.5245583780259748
0,1,0.5766895200368757
1,0,0.40511892673887007
0,0,0.47456322355149844
0,0,0.41620799884492643
0,0,0.35966833311552704
0,0,0.33669341179579265
0,0,0.4546156646974837
0,1,0.5965592570257945
1,1,0.6272124977003092
0,0,0.42678054652730174
0,0,0.3143879563041277
0,0,0.256837153889686
0,0,0.4272151524735854
0,0,0.4565179431175502
1,1,0.5511103852506233
0,1,0.5495412125171569
0,1,0.5580447699376021
0,0,0.39468762612868913
0,0,0.2970909504886041
0,0,0.49644598794089784
0,1,0.5367671059296096
0,1,0.5908978063683462
0,1,0.5460392326315021
0,0,0.4685400506075884
0,0,0.41713224314165753
0,1,0.5650240132758828
0,0,0.31714999239590413
0,0,0.43835623909393406
0,0,0.44477291693800725
0,0,0.2461326201646752
0,0,0.31993914014275876
0,0,0.46144050489153887
0,1,0.5915680526982094
0,0,0.3162108317122689
0,1,0.5016130905249025
0,0,0.4232850189796623
0,0,0.2947272867357406
0,1,0.6085274586414243
0,0,0.35956533808268537
0,1,0.7074188657957814
0,1,0.583636673783851
0,0,0.3416296088244399
0,1,0.7432365098268858
0,0,0.414363542518785
0,0,0.4405494380351027
0,0,0.3484287259666504
0,0,0.2756163102897434
0,1,0.5175904028201177
0,0,0.2982910157196982
0,0,0.4095641253398442
0,1,0.6710010900115316
0,0,0.09843573298644971
0,0,0.23289664663185852
0,0,0.48907471596571434
1,0,0.4950668615857254
0,0,0.43755795611858306
0,0,0.43801886742359863
0,1,0.5580553783980318
0,1,0.663139886695443
1,1,0.5307221476073248
0,0,0.2689978791091345
0,0,0.05264332778294676
0,1,0.6821110558478071
0,0,0.30220117146009734
0,0,0.2070474570099656
0,0,0.36395539578446423
0,1,0.5236878014757372
1,1,0.5210241796386773
1,1,0.6821887556271035
0,0,0.36336222176725763
0,0,0.4732149274899163
0,1,0.7284254485165512
0,0,0.4251268555349495
0,0,0.42265240277356747
0,1,0.5398142624058119
0,0,0.24514415146263774
0,0,0.30497434971014714
0,0,0.480858902327583
0,0,0.47031216377052754
0,0,0.437868055298289
0,1,0.5002438148627613
0,1,0.5397251062616476
0,0,0.4502977689594277
0,0,0.47816930950330727
0,0,0.40617615293868603
0,0,0.4416913124453103
0,1,0.5590337662558461
0,1,0.5021965241278136
0,1,0.6545150928554005
0,1,0.6763295984433081
1,1,0.5067046987400122
0,0,0.3957770508789666
0,1,0.5108834055644172
0,0,0.4756342498025619
1,1,0.8211643628701819
0,1,0.5341759586830659
1,0,0.2936514879497403
1,1,0.579473336263281
0,1,0.588147196160668
0,0,0.13202164343198305
0,0,0.37485801274670427
1,1,0.6102128916617662
1,0,0.39886613853499436
0,1,0.6537392268924742
0,1,0.5550299570435364
0,0,0.4675812814041846
0,0,0.2837572431978415
0,0,0.2871807343020651
0,0,0.2901709626910808
0,1,0.5478092502822187
0,0,0.3432195005455532
0,0,0.3401516920518086
0,0,0.4198437442284203
1,1,0.7097515278354825
0,1,0.5715305558813872
0,1,0.6430713468997327
0,0,0.49557324141778814
0,0,0.34971793828966946
0,0,0.4342586143905365
0,1,0.5856775301549477
0,1,0.6730002671834276
1,1,0.8032943459381039
0,0,0.42405592408792714
0,0,0.3802960541783715
0,0,0.006093189422203222
0,1,0.5821986888256369
0,0,0.426493524128474
0,0,0.3721686936222453
0,0,0.3388840231116304
0,0,0.38520759516714265
0,1,0.7965638068762888
0,0,0.4001346022313855
0,0,0.4687268742911582
0,1,0.6349460923324762
0,1,0.5767823413019559
0,0,0.3980078486824334
1,1,0.8099278087805044
0,0,0.010683753168694863
0,0,0.47576662641383666
0,1,0.5615115971990261
0,1,0.5497267516495722
0,1,0.639355222602466
0,0,0.4834194006306368
0,1,0.5943391731627858
0,0,0.37887909452654767
0,0,0.014504819291492655
0,0,0.45033299539817756
1,1,0.7496068497645452
0,0,0.1938233132724463
0,1,0.551919691433136
0,0,0.4737938981288976
0,1,0.6421073611490113
0,0,0.17146821508012342
0,0,0.43585816296109947
0,0,0.4249894175716944
0,0,0.4924459498908214
0,1,0.5120325249819029
0,0,0.08607793243264947
0,0,0.2317054019148548
1,1,0.7567430114715817
0,1,0.7629517948798662
0,0,0.49712439762207333
0,0,0.40739431055275477
0,1,0.885282193115015
0,1,0.5251461059173648
0,0,0.320953833327125
0,0,0.24604157506109925
0,0,0.27084149078646086
0,0,0.3627763690142226
1,0,0.3713020582168116
1,1,0.8262513727217483
0,0,0.47129705541941236
0,0,0.17079107768768093
0,1,0.5709891605375227
0,0,0.22390179536077612
0,0,0.10065667304973332
0,1,0.5248726716816458
0,0,0.0011216081715325042
0,0,0.4233611204324619
0,0,0.41719150039278174
1,0,0.20227477243425146
0,1,0.5051035669275287
1,1,0.5018122346546735
0,0,0.2758850531585025
0,0,0.33031068996939345
0,1,0.5254219500279088
1,0,0.44446706429871136
0,0,0.4704199770420441
0,0,0.007152056798471993
0,0,0.47515758148376674
0,1,0.503968223694772
0,0,0.34213865757716705
0,0,0.3317310779974003
0,0,0.49960194514045775
0,1,0.562437075007681
0,0,0.3042796771909783
0,1,0.554546062041289
1,0,0.45467145300103357
1,1,0.5365296741854331
0,0,0.35518847120531644
0,0,0.2209042536204607
0,0,0.0057081106607799114
0,0,0.24577451167110603
1,1,0.5528556132037129
0,0,0.44929166585593655
0,1,0.5952076030785473
0,1,0.5651924990870032
0,1,0.5798374862536361
0,0,0.3439503345770864
0,1,0.6373991960649092
0,0,0.18362775996999806
0,0,0.4529209909574651
0,0,0.2381108598240308
1,1,0.7745248289796166
1,1,0.5390832795829853
0,0,0.3982283748926973
0,0,0.21825460956638806
0,1,0.6291649841458395
0,0,0.08690047765192678
1,1,0.5832360149033888
0,0,0.0035370028704872357
0,1,0.6320473039057853
0,0,0.3915499306134907
0,0,0.397706588399646
0,0,0.43528798816344255
1,1,0.6927602228305435
0,1,0.6982336424642911
1,1,0.6241668151647538
0,1,0.7890787957020781
0,0,0.39189922266712884
0,0,0.07402072940288672
0,1,0.7968993525974579
0,0,0.26564612021289435
0,1,0.543965556192812
0,0,0.23617174414431577
0,0,0.3437871227889016
0,0,0.2776638846038815
0,0,0.2937073852621695
1,1,0.8110818163104855
1,1,0.7390315743459447
0,0,0.40471203466287226
1,1,0.5341879170041067
1,0,0.3636529636042027
0,1,0.589666549551134
0,1,0.6050780818041189
0,0,0.4028410476703835
0,0,0.4741637026583529
0,0,0.479571625530711
0,1,0.5675304740695776
0,0,0.005754466684012349
0,0,0.39442385532473934
0,0,0.3756327338439321
0,0,0.3325599336402019
0,1,0.5922259883749394
0,0,0.37912822187683726
0,0,0.4041546289284625
0,1,0.6308461568255441
0,1,0.6221276941373352
0,0,0.35676843292565225
0,0,0.36193959130546405
0,0,0.08163826585749123
1,1,0.7192803529910455
0,0,0.29388109508489235
0,0,0.4613888183708259
0,0,0.22835003431116144
0,0,0.3155231668491263
0,1,0.6055847375123051
0,0,0.3238535852563732
0,1,0.6765216889416216
0,0,0.3466073033338092
0,0,0.3323468456098697
0,0,0.1685033246775366
0,0,0.23239065160044792
0,1,0.5783216076548785
0,0,0.23033720717635447
0,0,0.3773776447943124
0,0,0.3140974586051327
1,0,0.4972164372108917
0,0,0.2892062764568279
0,0,0.16222104291296818
0,1,0.5800699466934148
0,1,0.5903626114529523
0,0,0.07249065253553434
0,0,0.4465265961678869
0,1,0.7173496604959355
1,1,0.759901065755706
0,0,0.31709343787426786
0,0,0.3503839279589673
0,0,0.4131418795258126
0,1,0.8910284603868621
0,1,0.7262624084186141
0,0,0.37929582908933557
0,1,0.6917022422661928
0,1,0.6361503595551158
1,1,0.5231504055610064
0,0,0.49347576052080544
0,1,0.6845976792687868
1,1,0.8408913730312559
0,1,0.7110909970050686
0,1,0.6804318885542859
0,0,0.3479144239851123
0,1,0.6550265142545406
0,0,0.3282485061443574
0,0,0.13955502851535007
1,1,0.6944746321141313
0,1,0.6634360711442614
0,1,0.6912931619564084
0,1,0.6211544669035874
0,1,0.5409684159861923
0,0,0.4967807265186747
0,1,0.5208548639535879
0,0,0.3403578687841587
0,1,0.6208000161789514
0,1,0.8225839520935279
0,1,0.5144277790218568
0,0,0.39264300117475043
0,0,0.32267958964279936
0,0,0.48773225339606924
0,0,0.45210408717690187
0,1,0.5422490150196432
0,0,0.06980772425384689
0,0,0.42803019476147597
0,0,0.27798236264865134
0,0,0.39169196855700367
0,0,0.4827271027603039
0,1,0.7825477688289176
0,0,0.3945475098114874
1,1,0.8929500596996984
0,0,0.2406577412846884
0,0,0.2928842704489468
0,0,0.34609236971277285
0,0,0.4171132888716271
1,0,0.41058737438162296
0,1,0.6021769507016373
0,0,0.09202995493022614
0,0,0.3579441195376171
1,0,0.3839760620744115
0,1,0.5525458421580607
0,0,0.4454420296115662
0,1,0.5738552030963242
1,0,0.19052252962160784
0,1,0.6300744475417194
0,0,0.33074967227854457
0,1,0.6079902838173834
0,1,0.6658899033310313
0,0,0.4071397359467996
0,0,0.456354836255676
0,0,0.3941303375220017
0,0,0.30549414630177346
0,0,0.4958588682829524
0,0,0.40106444570376687
1,0,0.23470024441124146
0,1,0.5326544461918579
0,0,0.32994346214125564
0,1,0.5633793486326257
0,1,0.688822793467183
0,0,0.44760937908282805
0,1,0.5321021745316825
0,1,0.8260249143580035
1,0,0.3851822359496757
0,0,0.38646281485456674
0,0,0.44733310029054774
1,0,0.44854909687208516
0,1,0.5812459788683733
0,0,0.414163404545009
0,0,0.3670409907334947
0,0,0.4098877240775136
0,0,0.3446679848034887
0,0,0.1697671450683998
0,0,0.41783440905619457
0,0,0.32959541519462854
0,1,0.7553478989764314
0,1,0.6729060979848218
1,1,0.6525362141585471
0,0,0.24292464803885522
0,1,0.5471776831232472
0,0,0.4999681479013067
0,1,0.6146780703581727
1,0,0.34590392838895745
0,0,0.023124338358500685
0,0,0.3345832991563592
0,1,0.6464743323111893
0,1,0.5171582499320558
0,0,0.18230456434681044
0,0,0.3271729626224567
0,1,0.7453807405942874
0,1,0.5472977196274964
0,0,0.3840787011123582
0,0,0.4776119058363657
1,1,0.8776481654513195
0,0,0.3765764024311113
1,1,0.5349042785112168
0,0,0.42271640103922525
0,0,0.3409982245780028
0,0,0.4882014486890325
0,0,0.437432188115888
1,0,0.47681832744519004
0,0,0.4731322393132239
0,0,0.21731753073827675
0,1,0.5890693266797568
0,1,0.622973056324946
0,0,0.47138051527432334
0,1,0.68171181040502
0,0,0.4035829115841507
0,1,0.5094056991482027
1,1,0.515302082723591
0,0,0.42272372377968
0,0,0.448388193671479
1,0,0.47187529934916433
0,0,0.008265120948347969
0,1,0.6106671280522565
0,0,0.13461837772102783
0,0,0.3637837546384112
0,1,0.5680287308463269
0,0,0.4373909945667713
0,1,0.5224528453479355
0,0,0.29172095320534774
0,1,0.7192486685510621
0,1,0.6516624093423096
0,1,0.7915080743919521
0,1,0.6859624942135827
0,0,0.3313315951946292
0,0,0.2662732942609691
0,0,0.4211252535592344
0,0,0.3144413840420273
0,0,0.34624767024935454
0,1,0.5825745528847966
0,1,0.6848527838145663
0,0,0.08737987794386125
0,1,0.6407213314504886
0,0,0.2692856987102665
0,0,0.28756676594936487
0,0,0.4300695966633044
0,0,0.3059672253069832
0,1,0.6020932493892933
0,0,0.41121533699603824
0,1,0.5678665613608288
0,1,0.6645899005842212
0,0,0.28994467407808716
0,0,0.3176146147214892
0,0,0.020689249341400158
0,0,0.4705396029929521
0,0,0.263003359573152
0,0,0.15916363602261416
0,0,0.25631704843504777
0,0,0.3281362429733234
0,0,0.2378279510954817
0,0,0.18369185209420047
0,1,0.6459602083500192
0,1,0.8086103948469675
0,0,0.22642014573341404
1,0,0.3870786204914891
0,1,0.6396217266481034
0,0,0.012953927013491842
0,1,0.620710490910758
1,1,0.5510387711517152
0,1,0.5340718826883736
1,0,0.4560920929647363
0,1,0.5834132702672179
0,0,0.2607856648300469
0,0,0.14377498894506116
1,0,0.4269566393684089
0,0,0.4169090975363642
0,0,0.4393201074616338
1,1,0.7497711500444413
0,1,0.530143134599768
0,0,0.3930747687881217
0,1,0.5445874989667906
0,0,0.22947856733514824
0,1,0.5561981489198242
0,0,0.3132645597782757
0,1,0.7175425449348136
0,1,0.7611313774549475
0,0,0.1252990453943832
0,0,0.4364111478722586
0,0,0.3848738261334545
0,0,0.3006472912299411
0,0,0.4227839649454883
0,0,0.4075676643258913
0,1,0.5318149639162061
0,0,0.33803845656218007
0,0,0.4788785950442548
0,1,0.6514511975598086
0,0,0.00335184849573415
0,1,0.5284032499134251
0,1,0.538584982476811
0,0,0.45485338238675377
0,1,0.5768950980360542
0,0,0.489697285254531
0,0,0.3589552532475033
0,1,0.7339124864984529
0,1,0.5486981483198841
0,1,0.5510524504521578
0,0,0.41817299715736855
1,1,0.5302993451706497
0,0,0.2982961155862079
1,0,0.45881979126995065
1,1,0.5694330062837606
0,0,0.32920471897714143
0,0,0.4778877143016635
0,1,0.5493561707394278
0,0,0.4778023379175999
0,0,0.31081464863749175
0,1,0.5327723255420557
0,0,0.3718213234923923
0,0,0.4296533132155583
0,0,0.3807118372556637
0,1,0.5706429778062632
0,1,0.5924312329482329
0,0,0.41838625141254915
0,0,0.4999152928811094
1,0,0.30873881067233694
0,0,0.43684748366910586
0,0,0.4302475130454872
0,0,0.3881116852599081
0,0,0.37079399628375614
0,0,0.40981540655196597
1,0,0.40632090909898777
0,0,0.4049667174912327
0,0,0.3258749020823627
0,1,0.7276423008278468
0,0,0.24184883731687912
0,0,0.38975781035332474
0,1,0.8573590823941398
0,0,0.236952518297367
0,0,0.3286637888245063
0,0,0.37532343504189514
0,0,0.0948684817567263
0,0,0.274867917967692
0,0,0.1541823866091043
0,0,0.4639591170890652
0,1,0.5470373823423946
0,0,0.28336726298186926
0,0,0.47286289000608694
0,1,0.5050977363859591
0,0,0.27627985847015046
0,0,0.3234763235774105
0,1,0.7061390725724467
0,0,0.35703009036652505
0,1,0.5686668468065843
0,1,0.5510529962148688
0,0,0.39248110183377416
1,1,0.5754122615199708
0,0,0.3724817674573599
0,1,0.5682744053280405
0,0,0.45682733961031263
0,1,0.5001925856042313
0,0,0.20363300752736443
0,0,0.006599820213812911
0,0,0.21096803907815567
0,0,0.4414212125765227
0,1,0.7695825781373969
0,0,0.34874548322518995
0,0,0.30163888350448836
0,0,0.009104516942434792
0,0,0.39834474496955186
0,0,0.21373236398809875
0,0,0.21160219660782612
0,1,0.7478092633849193
0,0,0.4966505749560833
0,0,0.09969622327362457
0,0,0.22205636906653906
0,0,0.2825195657717797
1,1,0.7643549611237893
1,0,0.4052266543612982
0,0,0.31491119632654785
1,1,0.5010149751205157
0,0,0.32466997090717004
0,0,0.1893157373817535
0,0,0.37848710951267267
0,1,0.6418714276323599
0,0,0.317116606218739
0,0,0.47190067469851
1,0,0.4916867528668563
0,1,0.5501717768395155
1,0,0.4894751896742474
0,0,0.31895213341351536
0,0,0.426866428664038
0,0,0.48895367705556053
0,0,0.32845254479869423
0,0,0.4822226043760024
0,0,0.17092207094857215
0,1,0.8885906528185452
0,0,0.17324670108693108
0,0,0.41355830944068156
0,1,0.5234856839537082
0,0,0.1989141786389933
0,0,0.47492780707897714
0,0,0.3925959345435883
0,0,0.0069323386648758424
0,0,0.25582156998989
1,0,0.4589174309453126
1,0,0.3693372674518286
0,1,0.6179185684032814
0,0,0.4755936784117448
0,0,0.11549621763564646
0,0,0.2235173221727972
0,0,0.4819994746797656
0,0,0.30478854461229815
0,1,0.7002986449558142
1,0,0.35994667661170276
0,0,0.30011786031263
0,0,0.3992411704653718
1,1,0.58792679239488
0,0,0.43294241224180263
0,1,0.5706108905713136
0,0,0.09418859688397972
0,0,0.42445511515481216
0,0,0.39309398320767736
1,1,0.8722810275692391
1,0,0.4088755430389391
0,0,0.29129339693781037
0,0,0.3362064865827969
0,0,0.4057952860654571
0,0,0.3818501872397158
1,0,0.22299419408683074
0,0,0.28803146309224104
0,0,0.4475645107623348
0,0,0.1146046938558578
0,1,0.5136544324913528
0,1,0.5999588932778315
0,0,0.2737580269235207
0,0,0.4478055572719052
0,1,0.5089596757706017
0,1,0.5996290435169996
0,1,0.5583247154422355
0,0,0.274845603789232
0,0,0.23005029695615842
0,0,0.436179546892403
0,1,0.6068154397986056
0,0,0.3687359216779734
0,0,0.046949262408383624
0,0,0.4520195818747923
1,1,0.8265611469303584
0,1,0.507492607218078
0,0,0.48257457857658387
0,0,0.24354845763812136
0,0,0.34744460586368564
0,0,0.2886744079288208
0,0,0.41630913547914766
0,0,0.43336774045306836
0,0,0.2612273024473632
0,0,0.26507784587851685
0,0,0.3608683887835822
0,0,0.2437572804290438
0,1,0.567405863154924
0,1,0.5734471045996442
1,1,0.8100411739908162
0,0,0.10360012633094359
0,0,0.39019614692121857
0,1,0.5775984129426187
0,0,0.4196225201992239
0,0,0.06699175628482491
0,1,0.6501586145196729
0,0,0.392678922214232
0,0,0.2681953684545387
0,0,0.15475035289316308
1,1,0.6716502157499515
0,0,0.4448336853450102
0,1,0.6957579797543978
0,0,0.2696864753422501
0,0,0.39772316817886977
0,0,0.261960538213648
0,0,0.14369100639284277
0,0,0.4419038277113134
0,1,0.6788691365558516
0,0,0.27629039028672453
0,0,0.49350727216088947
0,0,0.41186958255000433
0,0,0.45498094779721104
0,0,0.22018252294531296
0,0,0.2712075354792566
0,0,0.18126470557000376
0,0,0.4321843392619558
0,0,0.3291811043638482
0,0,0.48828011605750155
0,0,0.38969487835182853
0,1,0.5332384080304394
0,0,0.47656749363680706
0,0,0.3429545608460225
0,1,0.6562842613962043
0,0,0.4875986390126585
0,1,0.5948091909833949
0,0,0.4647981005020924
0,1,0.5642252987270828
1,1,0.6984819324525321
0,1,0.5246643519372653
0,1,0.5386273418311274
0,0,0.00953764585741225
0,1,0.5374304394893947
0,0,0.49269182511007936
0,0,0.47306015151994824
0,1,0.5059742599964068
0,0,0.2675140854840207
0,1,0.5430994709793195
0,1,0.5689334672039202
0,0,0.3748709636087377
0,0,0.3310352945982563
0,0,0.3780253583045849
0,0,0.2298783132514289
0,0,0.34429096430105505
0,0,0.0042940906962583856
0,0,0.4906397766796576
0,1,0.6220094852776548
0,1,0.5411832249495908
0,0,0.28678383938084795
0,0,0.3538866513637469
0,0,0.032375098971524234
0,0,0.4593862529174785
0,1,0.5360840514323625
0,0,0.31794038270259917
1,1,0.5175082920008633
0,1,0.6509292605829076
0,1,0.5686245524411419
0,1,0.9483842844261546
1,1,0.5144727204998261
1,1,0.7361728660736195
0,0,0.48879680151188803
0,0,0.39747990617784457
0,0,0.34514759972510545
0,0,0.3332819380404709
0,0,0.4192197776063637
0,1,0.679629686417514
0,0,0.30086398586445057
0,0,0.48602905535002555
0,0,0.004492553729336523
0,0,0.43893584406841885
0,1,0.5841910210229464
0,1,0.6218905243573091
0,0,0.3710259496166307
1,1,0.581021372501173
1,0,0.302173685022811
0,0,0.31873656856125115
1,0,0.3301091933961084
0,0,0.4891443837644186
0,0,0.35047786445213713
1,1,0.6175392760673654
0,0,0.264483707964448
0,1,0.5145770936904189
0,0,0.21734103542569436
0,0,0.3841766468707905
0,0,0.34586589324396905
1,1,0.597550745196857
0,1,0.5138422762154556
0,0,0.10063777951866293
1,1,0.6070429219191711
0,0,0.4083935841306381
0,0,0.4552771032223724
0,0,0.3850846012561787
0,0,0.005222731049746457
0,1,0.6075766707713858
1,0,0.4960522018557933
1,0,0.14456249571945978
0,0,0.36392831604400583
0,0,0.17511076314991778
0,0,0.4611832516523748
0,0,0.26365204499646366
0,1,0.5627742746386878
0,0,0.4098029318455475
0,0,0.40088065607584455
0,0,0.4268872170337863
0,1,0.6743615658550667
0,0,0.25894907890031144
0,1,0.5201984199670006
0,0,0.264874070767325
0,0,0.39030162744166874
0,0,0.4675481827970821
0,1,0.7629162293783327
0,0,0.32332861930503864
0,0,0.4071894437133875
0,0,0.26394251847655
0,0,0.47037114671025315
0,1,0.7756779163109269
1,0,0.43754248172472554
0,0,0.434587349547567
0,0,0.27027120101028035
0,1,0.7337357830877671
0,1,0.6178234623229772
1,1,0.7658680795314502
0,0,0.34866851937130056
0,0,0.285272544273368
0,1,0.7724636305795691
0,1,0.6301365353878401
0,0,0.3472788521363782
0,0,0.47665582954682384
0,0,0.4109268104029873
0,0,0.4985739304916218
0,1,0.6502180621475803
0,0,0.3452390505148785
0,0,0.4609349438209674
0,0,0.4311465378235367
0,1,0.6686513545078273
0,0,0.2382863103789986
0,1,0.5514878206885495
0,1,0.577670708410262
0,0,0.3828813356379819
0,0,0.21700636152978733
0,0,0.46017798718979336
0,0,0.3578125929406064
0,1,0.6947175115728955
0,1,0.5645176954526213
0,1,0.6034200172026318
0,0,0.3778034163862878
0,1,0.7122317486108714
0,1,0.5221552615605762
1,0,0.377142555097311
0,0,0.2987932403531721
0,1,0.5134633307027519
0,0,0.3341791038891332
0,1,0.605242621578169
0,1,0.5572407062345913
0,0,0.38404858746876824
0,1,0.5076590012677326
0,0,0.428900887785023
0,0,0.37177990553194856
0,0,0.04192177897362718
0,0,0.4330300928180401
0,1,0.6093099624181993
0,0,0.47655469782352283
0,1,0.5456031496101089
0,1,0.7169980496849028
0,0,0.2575046608733985
0,1,0.5805513982690632
0,0,0.397232040471351
0,1,0.5328623546953374
0,0,0.3449113400468062
0,0,0.36882911441688077
0,1,0.5528416053543881
0,0,0.4172634792023541
0,0,0.4318970659709956
0,1,0.8604064181964609
0,0,0.4884785947005672
0,0,0.43050156152512414
0,1,0.5094552932248652
0,0,0.4271859307183701
0,1,0.7342554631394472
0,0,0.42906104939009765
1,1,0.5713819593561829
0,0,0.20897703181801122
0,0,0.43648941335549335
0,0,0.4487311109159249
0,0,0.3075333432485292
1,1,0.5184592359349824
0,0,0.46655060708678053
1,0,0.4546963849135406
0,0,0.167079256571576
0,0,0.34529584108888844
0,1,0.584794169709078
0,0,0.4551413587485124
0,1,0.523141455654421
0,0,0.3682988423016995
0,0,0.20671386269644945
0,0,0.2414998729754039
0,0,0.4948056721178964
0,0,0.3594728670442244
0,0,0.4930122647306171
0,0,0.3478454363287405
0,1,0.6699650144729715
0,1,0.579197719998714
0,0,0.4043888518615988
1,0,0.39304693228920706
0,0,0.4438247376945302
0,0,0.2245707999814684
0,0,0.39611808304054047
0,0,0.18585327386065761
0,0,0.3438652345292043
1,1,0.5894717885195419
0,0,0.34063140040565415
0,0,0.28107161428384064
0,0,0.47411471684827705
0,0,0.3255206226860995
0,0,0.4991079885134652
0,0,0.3619889930387783
0,0,0.4847988672109857
1,1,0.5289560760111558
0,0,0.42750544626581266
0,0,0.42686021845702454
0,1,0.522299012984243
0,0,0.4281926083555747
0,0,0.134060156110653
1,0,0.38370714598387334
0,0,0.28057587639480014
0,1,0.5162668215237052
0,0,0.3122567139750922
0,1,0.7307012331817458
0,0,0.3758427063862018
0,1,0.5248818664924144
0,1,0.9399129979977939
1,1,0.7861652476097277
0,1,0.5906191690334097
0,0,0.3228593299665074
0,0,0.33274026916589655
0,0,0.44531304866297644
0,0,0.41962354548020814
0,1,0.6398171560079869
0,0,0.38328348217869734
0,0,0.10554605126167596
0,1,0.5198305365457581
0,0,0.404189818704683
0,0,0.3002716269495013
0,0,0.13993076190552123
0,0,0.30942840528627963
0,0,0.25321071970907433
0,0,0.20582592924614268
0,0,0.2770633049978146
0,0,0.45966734302569534
0,0,0.2716832479940548
0,1,0.7235603484228278
1,1,0.8483069246579131
0,1,0.5069688727811631
0,1,0.5852835850317347
0,1,0.7434961046957593
0,0,0.3231092322191231
0,0,0.4907907539936005
0,0,0.4202458448952148
0,0,0.3629287255966871
0,1,0.6203557971626639
0,0,0.3604865414036263
0,0,0.4111350843996199
0,1,0.588964874695565
0,1,0.7198770732965822
0,1,0.5406844256638993
0,1,0.644298183895704
1,0,0.26564372403050424
0,0,0.24775494587435773
0,0,0.33210553184007446
0,0,0.38114804450424006
0,1,0.6333167998572464
0,1,0.7272098129809359
0,0,0.36059499310466736
0,0,0.29742249390884273
0,0,0.1865202873194907
0,0,0.2689851309320658
0,0,0.3995824999432876
0,0,0.4027450305032192
0,1,0.5494089590686679
0,0,0.25436952951890723
0,0,0.46038507207033763
0,0,0.34651867717626883
0,0,0.19262521271767144
0,0,0.4462436215501314
0,0,0.29316802465093195
0,0,0.34725730405140065
0,0,0.3647310832626698
0,0,0.4755347037382732
0,0,0.48168218214539676
0,0,0.3364360940899995
0,0,0.40107416539168267
0,1,0.5898041260639446
0,1,0.5726240698284717
0,0,0.3487940068115802
1,1,0.5362487504603438
0,1,0.6233474538120224
0,0,0.3095402304683328
0,0,0.3540692327872131
1,1,0.853528935565209
1,1,0.5897729565118301
0,0,0.23728508175906826
0,1,0.6114586216311273
0,0,0.44484952511417913
0,0,0.4688576108553847
1,1,0.6321969849423673
0,1,0.5157347292633059
0,0,0.27033664590162293
0,0,0.3798220836569319
0,1,0.5596604855324189
1,0,0.2629138866297722
0,1,0.5582722961116189
0,0,0.38748338116794745
0,1,0.5314319988855416
0,0,0.3414218056177035
0,1,0.6181323120050772
0,0,0.3074991975612813
0,0,0.2641859089734416
0,1,0.5933379467422891
0,1,0.6018839113293395
0,0,0.21467263596129135
0,0,0.4951827259014578
0,0,0.2318865663644065
0,0,0.46840811749902084
0,0,0.2910921655386093
0,1,0.5264913775657639
0,0,0.46178870999107513
1,0,0.412125081253505
0,1,0.5233783974169118
0,0,0.38191940485531356
0,0,0.4706666752472421
0,0,0.15426803253014235
0,0,0.4799047318915276
1,1,0.9543048986575186
0,1,0.5422657549569773
0,1,0.6047598994179002
0,0,0.1027894018331626
0,1,0.5295749781042267
0,1,0.5188632395440442
0,1,0.5120457626508552
1,1,0.6099429591762364
0,0,0.23956598282620808
0,0,0.321821565346288
0,0,0.46803011991900983
0,1,0.6295617067952767
0,0,0.05357997460621373
0,0,0.4419591409441492
0,0,0.39988233684965163
0,1,0.5553846893604633
0,0,0.4094906714925389
0,1,0.7070926871992392
0,1,0.5785569862806371
0,1,0.8611482409854663
0,0,0.32871610125845147
1,0,0.3801558631191239
0,0,0.3776154541100738
0,0,0.3173786511950625
0,0,0.46419690149944753
0,0,0.1488990810152606
0,1,0.6260676944806007
0,0,0.35273173260513463
1,0,0.4724562002936156
0,0,0.46360724009533677
0,0,0.23394025191278336
0,1,0.5435521903469497
0,1,0.7403451047374484
0,0,0.45802882773656434
1,0,0.33387005015115556
0,0,0.35382374583388454
0,0,0.3460665533814183
1,1,0.5677136515980462
0,1,0.6932534400683581
0,0,0.348254061940287
0,1,0.508453965664463
0,0,0.10252967683383286
0,0,0.47756149089079636
0,1,0.5544560840945998
1,0,0.4800582507015432
0,0,0.3350691292310754
0,0,0.4398703369625029
0,0,0.2630112414935963
0,1,0.7309619462130393
0,1,0.5334135930177829
0,0,0.1914518074785793
0,0,0.2880424028145188
0,0,0.23328824885464847
0,0,0.36748263008200605
0,0,0.47757684097182007
0,1,0.6153112584268383
0,1,0.6084521719207425
0,1,0.593947812244493
0,0,0.40426992088692026
0,0,0.23461343962989484
0,1,0.7942208569313015
0,1,0.5793982801507809
0,0,0.34853570229978376
0,0,0.4855052826095873
0,1,0.6570700050349176
0,0,0.43801726865691976
0,0,0.2258073715727538
0,0,0.2051692107366318
0,1,0.5178533878721858
0,0,0.32493314212725477
0,1,0.7291529932619256
1,1,0.6523937156500962
1,1,0.5904810129123124
0,0,0.3180994894288913
0,1,0.5513543598148244
0,0,0.4194989062385144
0,0,0.39453603466755494
0,1,0.5020966858453798
0,0,0.3873004405874694
0,0,0.40686369920862164
0,0,0.29934188214000645
0,0,0.41771714835361584
0,0,0.0053134404214185416
0,1,0.7159918576853405
0,1,0.5070230890347144
0,0,0.4105424099187359
0,0,0.20957192133083435
0,0,0.48092899660587424
0,0,0.05055422234258722
0,1,0.5660045714000848
0,0,0.46328050544254085
0,0,0.2953165110313353
0,1,0.5019243654652857
0,0,0.4575770910902256
0,0,0.1491935614819152
0,0,0.4782073578277247
1,1,0.6292514584625679
0,0,0.30498629033579827
0,0,0.35980391450665383
0,0,0.4616047523071609
0,0,0.4953826646074708
0,1,0.7695348763451574
0,0,0.09125051013982398
1,1,0.5621997326430125
0,0,0.33541450960239594
0,1,0.5486426784862071
0,0,0.4420378925379454
0,0,0.008716604622700437
0,0,0.2823617230593156
0,0,0.2765454569846147
0,1,0.5151252347467665
0,0,0.4983587126629695
0,0,0.38757572535965756
0,0,0.3136235982734226
1,1,0.5222189427731658
0,1,0.5205874055008073
0,0,0.005057273447255858
1,0,0.21400303349470823
1,1,0.511051289725572
0,1,0.5221544228103034
0,0,0.23956002243145835
0,1,0.5385577344509435
0,0,0.4679650771939931
0,1,0.7969587590378837
0,0,0.43902545687021843
1,0,0.4509477589154663
0,1,0.890375496503881
0,0,0.33556868054368516
0,0,0.3737498070011675
0,0,0.37533679101408923
1,1,0.7735810876281208
0,0,0.4457332082423629
0,0,0.35185194761535327
0,0,0.3529389838761008
0,0,0.4218058901164103
0,0,0.37492466771970706
0,0,0.36440997512583184
1,1,0.8977160718374593
0,0,0.40339557384038593
0,1,0.6210873288553828
0,0,0.43356313332876195
0,1,0.6184090457245872
0,1,0.8186627535817512
1,1,0.8208998315295543
0,1,0.5330481133188867
0,0,0.43425986378879783
0,0,0.4067991694340868
1,0,0.4118246891750659
0,1,0.7307722539354824
1,1,0.504563043731006
0,0,0.01259784655468917
0,1,0.5861602375978445
0,0,0.3997556017128765
0,1,0.6601459045360206
0,0,0.4671010513670206
0,0,0.2888207719268647
0,0,0.42537408761519957
0,1,0.5420277521344476
0,0,0.3478099510382437
0,0,0.013480017355862847
0,0,0.26412177882374605
1,0,0.441884068374817
0,1,0.6105884121669898
0,1,0.5710845258766204
1,1,0.878249645330602
0,0,0.11283505390987686
1,1,0.5348118819907671
1,0,0.26204286846343144
0,0,0.07702105055336439
0,0,0.35849768110211067
0,0,0.31340571959142866
0,0,0.12287275349661908
0,1,0.7197665254883348
1,0,0.39243482001386876
0,0,0.29737383821609664
1,1,0.778902650927839
0,0,0.46849443453368117
0,0,0.4578590166306831
0,0,0.3375118898606836
0,1,0.5556980519910031
0,0,0.20955826980656603
0,0,0.07762745863884746
1,1,0.8049191897478952
0,1,0.7931159104921559
0,1,0.837825234487025
1,1,0.6711654230843952
0,0,0.2946564450263003
0,1,0.7610008790603996
0,1,0.6782107041856527
0,0,0.436698303758803
0,1,0.6095633483139931
0,1,0.5184111085022478
0,0,0.453018028279358
0,1,0.5817690655475888
0,1,0.5129741639504306
0,0,0.009137976048545061
0,0,0.46485638548512875
0,0,0.4187382291066244
1,0,0.47606634169768286
1,0,0.46951251408861944
0,0,0.34778454198172204
0,0,0.2636636998951527
0,0,0.13971455067437996
0,1,0.5715125790330403
0,1,0.5324162107604652
0,0,0.4329146306827714
0,1,0.5276471399268317
0,0,0.2671778223466342
0,1,0.5348728461044865
0,0,0.449522560852787
0,0,0.47725451026842425
0,1,0.6207557317516831
0,0,0.3680308892804911
0,1,0.5328764498143528
0,0,0.2810089808995377
0,1,0.5188460718931825
0,0,0.20252253212698693
0,0,0.47376885093978277
0,0,0.43162234547466405
1,1,0.5806597674042852
0,0,0.42126255382875466
0,0,0.4171054343598737
0,0,0.4281721765283795
0,0,0.24996364469617363
0,0,0.2005806650683838
0,1,0.562501104448995
0,1,0.5509504682824093
0,0,0.009628666023772044
0,0,0.23299441676888039
0,1,0.5850816602538284
0,0,0.4796325290880019
0,0,0.036931761647770636
0,0,0.49486144540202914
0,0,0.36843806567982906
0,1,0.5236878248429494
0,0,0.00470475268668112
0,0,0.47758512094902783
0,0,0.44858374965328285
0,0,0.414140218446712
0,1,0.8194708689442292
0,0,0.46659303252007367
1,1,0.5978401905177585
0,0,0.3420117909891042
0,1,0.5294863783531659
0,1,0.7184747326589006
1,1,0.709455003314286
0,1,0.8538191518571362
0,0,0.002534720601810715
0,1,0.6154193841939289
0,0,0.2121291430605716
0,0,0.29392935272735293
1,1,0.5499105504564937
0,0,0.4290211920603293
0,0,0.2838019575274501
0,0,0.3104836166014637
0,0,0.3302575943094762
0,1,0.6000326571781078
0,1,0.5428395512853441
0,0,0.33206999446621493
0,0,0.25487792535639586
0,0,0.44539560182417975
0,0,0.24597312504238597
0,0,0.40833517655549795
0,0,0.37914637483352553
0,0,0.47019727517254867
0,0,0.2938395511442901
0,1,0.5864008999617264
0,0,0.4698259699516328
0,1,0.8456641656136971
0,0,0.16563766700556468
0,1,0.5378119660922313
0,0,0.19161749514298104
1,0,0.41858009041292527
1,0,0.49937050612198675
0,0,0.44788511353078575
0,1,0.6835984699379423
1,1,0.5885546340182624
0,0,0.39688385144924676
0,0,0.4881433963089504
0,1,0.6236265913740329
0,1,0.5449940304585692
0,0,0.1841547832311731
0,1,0.597631101866813
0,1,0.5283696877833093
1,1,0.6407715234045954
0,1,0.5173714363229047
0,1,0.6890206712710158
0,1,0.6737938879791826
0,0,0.4135783435906151
0,1,0.6766535785395752
0,0,0.006472692532479768
1,1,0.8318473123772671
0,1,0.5306065469726035
0,1,0.5940301123477316
0,0,0.3989301838123577
0,0,0.48942309418999436
0,0,0.2672052336967439
1,0,0.49459296813463727
0,0,0.27403838109072043
1,0,0.36253086135868773
0,0,0.20714868389501406
0,0,0.2949687582712374
0,0,0.39690354246128107
0,0,0.40169225738280717
0,1,0.5833793049741985
0,0,0.3540405125312667
0,0,0.46678402962636784
0,0,0.2632509940545781
0,0,0.3685726095682663
0,1,0.6031826176804979
0,0,0.3069616852793592
0,0,0.38852359659416696
0,0,0.3858980802100806
0,1,0.7510118169462072
0,1,0.6554762631057365
0,0,0.39665817726409147
1,0,0.3171974952652163
0,0,0.352832820321553
0,1,0.5498196200151132
0,0,0.3353603933255606
0,0,0.3259714917523361
0,1,0.611515808451565
0,0,0.36508070561814365
0,1,0.6947932939929328
0,0,0.47729654844969893
0,0,0.36849217799109857
0,0,0.4176303558420144
0,1,0.5614911364866921
0,0,0.24078712896875878
0,1,0.610883378840386
0,1,0.5354601322866558
1,0,0.44832436700461936
1,0,0.27211049414600913
1,1,0.7065370751114921
0,0,0.1405817636722746
0,0,0.3070547444015887
0,0,0.4363243914301177
0,0,0.3184641165762321
0,1,0.6348462100775198
0,0,0.44696735864300846
0,1,0.5668604085316774
0,0,0.3725324907587022
1,1,0.8111097645035196
0,0,0.2970630790014939
1,1,0.6423044890908223
0,1,0.5069400103110699
0,1,0.5722676843169434
0,1,0.7811111992376495
0,1,0.5544505265467055
0,0,0.47206409063179183
0,0,0.25332236753981363
0,0,0.47831145571138367
0,0,0.42489214219799265
0,1,0.5279247044316085
0,0,0.4244720091860555
0,1,0.5896778357029461
0,1,0.6819533277307458
0,1,0.6858735697623585
0,0,0.3575021931141966
0,0,0.30235110418117306
0,1,0.5013841497505953
0,0,0.48101844771215635
0,0,0.2484767533358721
0,0,0.4985003932247483
0,1,0.6143254096399421
1,1,0.8173134607620588
1,1,0.5750501298313054
0,1,0.6034075413267443
0,0,0.4970008900058871
0,0,0.439394436400414
0,1,0.5310611444274347
0,0,0.3662207253096181
0,1,0.5712564903281294
0,0,0.4216716669356187
0,0,0.3485705111860323
0,0,0.43087656468534036
1,1,0.7870351847327923
0,0,0.006702151950837357
0,1,0.5853912530854538
0,0,0.1541103893024044
0,0,0.39343220614145374
0,0,0.4260085160020309
0,0,0.4298978626950721
0,0,0.3783622113686766
1,0,0.4046579641419457
0,0,0.42829389690556946
1,0,0.3893715965103181
0,0,0.23894293477185954
0,1,0.5312126461854666
0,0,0.48500961319918534
0,0,0.002007171844359384
1,1,0.7492530324199529
0,0,0.3686744648412121
0,0,0.29386185691642674
0,0,0.26900373804537153
0,0,0.3901250955545565
1,1,0.5556861025773884
0,0,0.4129958078207831
0,0,0.3773030800228617
1,0,0.3275975584955581
0,0,0.2127912310504462
0,0,0.386286579738924
0,1,0.6024531684122307
0,1,0.567969405853904
1,1,0.5037252605419649
0,0,0.4567652770901883
0,0,0.2594265488225427
0,1,0.5096634193817442
0,0,0.4135143777297556
0,1,0.6469439933286754
0,0,0.46277967849329293
0,0,0.3847627432447669
0,0,0.4826955715159671
0,0,0.329978969599457
0,0,0.4066383844086199
0,1,0.7700354139507625
0,0,0.3654526176879332
0,0,0.36354341314209826
0,0,0.26649038452044504
0,0,0.41819663686125685
1,1,0.5263173571647343
0,0,0.2446391816258977
0,1,0.911008144655083
0,0,0.3847844845132721
0,1,0.6024760086021577
0,0,0.35436944064795717
0,0,0.44073070512691737
0,0,0.3723317282615407
0,0,0.47288214088944647
0,0,0.23380449072295933
0,1,0.5750321505878131
0,0,0.4525446258250221
0,0,0.46127924528313874
0,1,0.6395598027872884
0,0,0.43293952237894545
0,0,0.2550960653719082
0,0,0.007260964848659684
1,1,0.5420352088065752
0,0,0.46004442947661267
0,0,0.4751585118936112
0,0,0.24032428437836076
0,0,0.24160076575736836
0,0,0.3891357826317364
0,1,0.5486681524366928
0,0,0.33619079382611794
0,1,0.5957935147631807
1,0,0.37609885519105135
0,1,0.5867638213105593
0,0,0.37723311379633534
0,1,0.537688845941532
0,0,0.394834152506794
0,0,0.0031293666679438658
1,1,0.7565188114546241
0,0,0.40652403634386186
0,0,0.4235576686347417
0,0,0.4311491182839634
0,0,0.3172104596634964
0,0,0.3439719049533045
0,0,0.4802611167023109
1,1,0.659692569511598
0,0,0.4818703471664736
0,0,0.40710187079507937
0,0,0.45641394226125154
1,1,0.5010889029652384
0,0,0.3215741756819192
0,1,0.5952429373207521
0,0,0.24582759917224659
0,1,0.8437637602124871
0,0,0.376448463109631
0,0,0.23231686601789325
0,0,0.4208564989704689
0,0,0.4444424658061823
0,1,0.7560690219253697
0,0,0.48128899755690135
0,0,0.2589235392776355
0,0,0.49617051510697974
0,0,0.4181134256367644
0,0,0.4510781061586873
0,0,0.39851765053283406
0,1,0.504154686555206
0,1,0.7759518061187585
0,1,0.604227468839119
0,1,0.591013613187149
0,0,0.2201975353241681
0,1,0.5263469914098426
0,0,0.39787084243508547
1,0,0.38887506466654465
0,0,0.40365064237985143
0,1,0.5153223268921421
1,0,0.2175978382930973
0,1,0.5087540220215333
0,0,0.257024605306933
0,0,0.21433810848345997
0,1,0.5654025284850797
0,0,0.33270960815696127
0,1,0.5557900243427468
0,0,0.13286095140375703
0,0,0.11092428711438641
0,0,0.3313976100479562
0,0,0.3871518526529985
0,0,0.4984666000182224
0,1,0.6194973706913821
1,1,0.7661027267105995
0,0,0.3786371261615213
0,0,0.48553944410933214
1,1,0.5083874723253097
1,0,0.33178168842493333
0,0,0.37042568021212896
0,1,0.6690622542818911
1,1,0.5428227092455402
0,1,0.5622274923184136
0,0,0.3850971582531013
0,0,0.48188984237164706
0,0,0.4671005445567757
0,1,0.5776860755274253
0,1,0.5276313589120889
0,0,0.3338246652402615
0,0,0.29564160704447257
0,1,0.6725795175485443
0,1,0.8364357781867235
0,1,0.5772604888933942
0,0,0.34327517879752806
0,1,0.5876064284517536
0,0,0.40744521694057106
0,0,0.34355246434426345
0,0,0.28763117850515946
0,0,0.27312623194574
0,0,0.38714712788642647
0,1,0.8238205363245618
1,0,0.4881807904002645
0,0,0.4531455204886495
0,1,0.5992858528337526
0,1,0.7955859070472754
0,0,0.1875908329376063
0,0,0.3175712520874965
0,1,0.556233482168121
0,0,0.03749782706547865
0,1,0.841263177831587
0,0,0.2743541835333054
0,1,0.5490726123353035
0,1,0.5749682498448833
0,0,0.4018649960861102
0,0,0.28308316662110766
0,0,0.2558377674458167
0,0,0.27568819627535635
0,0,0.424408790966491
0,0,0.38639967414705373
0,0,0.25539600607671537
0,0,0.4295224702992547
0,1,0.7783994931778128
0,0,0.30241721356983053
0,0,0.40259396697470334
0,0,0.3302499938353812
0,0,0.3100831409216222
0,0,0.38080562814446034
0,0,0.15108499238336828
0,0,0.1669076171900677
0,0,0.3936175022204406
0,1,0.5122984248332861
0,0,0.47681373218583517
0,0,0.4475537876042863
0,1,0.6750746241892045
0,0,0.39396810635710217
0,0,0.26496095363763905
0,0,0.39910985079806655
0,0,0.39065044475006916
0,0,0.4154012881473731
0,0,0.2429821861523282
0,1,0.5679308320838885
0,1,0.6721210356916908
0,0,0.32276695249322856
0,0,0.3757102937925878
1,1,0.8230707027379391
0,0,0.2800527181395218
0,0,0.0031618113528652392
0,0,0.3290369499516908
0,0,0.20505997300107612
0,0,0.13521065964157208
0,0,0.43962857621068735
0,1,0.8563526180971147
0,0,0.4221515290516361
0,0,0.18913659231244254
0,0,0.43048747700940676
0,0,0.33608900113662177
0,1,0.6096861465695432
0,0,0.22970960543856808
0,1,0.6657078584233387
0,0,0.20498015498352704
0,0,0.41057713905687676
0,0,0.36168057931997655
0,0,0.3769415290326573
0,1,0.632390261309147
0,1,0.5727469584618657
0,0,0.4257573695626841
0,0,0.16876511335964137
0,0,0.3428536825567361
0,0,0.2597792977210158
0,0,0.1612971759704169
0,0,0.2025498794296297
0,1,0.5415117682905577
0,1,0.524213265629914
0,0,0.47077620020513083
0,0,0.3490310926564472
0,0,0.3347550037497484
0,0,0.4025958806493262
0,1,0.6754254274086958
0,0,0.24582369199612164
1,1,0.534262236737224
0,0,0.36374165804987074
0,0,0.47206580187332536
0,0,0.10644519574643664
0,0,0.25556905499457416
0,0,0.4780485179763524
0,1,0.6772308727287016
1,0,0.48812368072576506
0,1,0.6919810649120596
0,1,0.5214840785124532
0,0,0.29545957222034464
0,1,0.576510184452707
0,0,0.33006763690527696
0,1,0.6307462624528297
1,1,0.5682227763140176
1,0,0.32447171460802204
0,1,0.6693218964169517
0,0,0.20805337542702435
0,0,0.23122409404071945
0,0,0.3389964448693869
0,0,0.39086592082194993
0,0,0.4594037106003598
0,1,0.7913817231245516
1,0,0.4916636129069239
0,0,0.4536424387845154
0,1,0.607091447713922
0,1,0.6209941529402332
0,0,0.4950031031404525
1,0,0.41022412861388113
0,0,0.4793134781910875
0,1,0.8756669101840463
0,1,0.5009286584230284
0,0,0.26601284937381736
0,1,0.5071560803579294
0,1,0.5300161574323897
1,1,0.5638753750125884
0,0,0.2436438163094668
0,0,0.4866300605246683
0,1,0.863637906259127
0,1,0.6393432244756723
0,0,0.4681603684167484
0,0,0.2748195912146816
0,0,0.45399309813467426
0,0,0.26069765047749727
0,0,0.3038468327735032
0,0,0.2871579411267982
0,1,0.5992490756896643
0,0,0.0065934108080835645
0,0,0.3661113535338092
0,0,0.4367847134731356
0,0,0.45890418566445196
0,1,0.5706007232405143
0,0,0.3588298395893828
0,0,0.19964699611764314
0,0,0.24454725306037525
0,1,0.5423036516623659
0,0,0.41695757104683767
0,1,0.6799259792812716
0,1,0.6453581953845233
0,1,0.7293640409950447
0,0,0.40194782464911455
0,1,0.5270388887034756
0,0,0.0024031852142164076
1,0,0.30630836068415956
0,0,0.3685395674960392
1,1,0.7584981384463284
0,1,0.5358277137474178
1,1,0.6511500630242768
0,1,0.5987802137354995
0,0,0.2201761219399439
0,0,0.4846825214777327
0,0,0.4057814218834819
0,0,0.2625232550266596
0,0,0.24376038629665478
0,0,0.37474412990422773
0,0,0.49260398468465627
0,0,0.2383177598372505
0,0,0.49733059156391846
0,0,0.38675710053833906
0,1,0.5050433964957245
0,0,0.24261521293224492
0,0,0.47817387667054073
0,0,0.41431673218767295
0,0,0.3680223346177114
0,1,0.7302922651589026
0,1,0.7183769802922524
0,0,0.326602025022049
0,0,0.3934267581757763
0,0,0.4441336195883869
0,0,0.24848944482364313
0,0,0.1407654551162038
0,0,0.3489914764829732
0,1,0.5155585920725274
0,1,0.8193299803497959
1,0,0.38845839882883226
0,0,0.42832560660100094
0,1,0.5478960848080261
1,1,0.7015822312992382
0,0,0.48227999130345145
0,1,0.5535204714910997
0,0,0.30294063183224607
0,0,0.49507885617547026
0,0,0.4910846626110131
0,0,0.2989702886990066
0,0,0.2959783432942746
0,0,0.39994900282080853
0,0,0.37140128674737505
0,1,0.6198948294448542
0,1,0.764246409384652
0,1,0.6526784614623314
0,0,0.2998311646644186
0,0,0.23683248308573934
0,0,0.3759767274348795
0,0,0.00571329705812108
0,0,0.3333848534364833
0,0,0.21815122977872556
0,0,0.4708239341398379
0,1,0.5909577539149244
0,0,0.29542369866589463
1,1,0.7650792960187749
1,0,0.33310427653947994
0,1,0.5643171412436188
0,1,0.5387511260819113
0,1,0.6170445946039859
1,0,0.37757365919565383
0,0,0.4636237702385036
0,0,0.49042559842770483
0,0,0.4164874341947961
0,1,0.680464041299686
0,0,0.4759599882667906
0,0,0.2606121218918376
0,1,0.6988192571083931
0,1,0.5286210069780235
0,1,0.5228988148504358
0,0,0.4017393136565547
0,0,0.45727162585279046
0,0,0.3553456821021986
0,0,0.43889784960616973
0,0,0.3873193729545278
0,0,0.24207691158272204
1,1,0.5305685725891978
0,0,0.4362964078625459
0,0,0.16871606198871045
0,0,0.3298698297155426
0,0,0.45032001364640706
0,1,0.5000003229280869
1,0,0.4146535129628151
0,1,0.798425374403731
0,1,0.5228819254584417
0,0,0.464200881907248
0,0,0.32845743523443005
0,0,0.2935172563292602
0,1,0.5656529591363553
0,0,0.3819141248938259
0,0,0.41187383115406
0,0,0.37979961704443943
0,0,0.4700704610113855
1,1,0.7192461057442274
0,1,0.5051677234255899
0,0,0.09722842922642741
0,1,0.5275997623071704
0,0,0.35324100474368697
0,0,0.3770139439850054
0,0,0.43817208140641506
0,0,0.35209913728430436
0,1,0.6395570238691761
0,1,0.6287875691607087
1,0,0.4561781239336407
0,0,0.33839151972325876
0,1,0.6540182613933373
0,0,0.4185157395129034
0,0,0.42582862611402916
0,0,0.4279325479309125
1,1,0.7609885808690724
0,0,0.19538614479225844
0,1,0.66783331883272
1,1,0.8147339148637702
0,0,0.3527823513333198
0,0,0.14210700065230966
0,1,0.6950804295390473
0,0,0.3401892306673088
0,1,0.6225273876403306
0,0,0.29978312662546813
0,0,0.3733483945058034
0,0,0.31004088557082066
0,0,0.38512438863018095
1,0,0.2965454484039776
0,1,0.5548410140824331
0,1,0.6125754151916543
0,0,0.42181060641303225
0,1,0.6246284619639363
0,1,0.8156795428016375
0,1,0.6586989272447575
1,1,0.6133271562523147
0,0,0.33595832353778793
0,1,0.6212493461500975
0,0,0.3398177410877607
1,0,0.4738533662034771
0,0,0.3130045635311655
0,1,0.6226702409362405
0,1,0.6351249973607681
0,0,0.33356306758763843
0,1,0.7896747283821343
0,1,0.62763930060343
0,1,0.5011627654471885
0,0,0.2446718935285921
0,1,0.6436506244460248
0,0,0.1966399442234195
0,0,0.29865564101352987
0,0,0.39354767786748807
0,0,0.23735228646786022
0,0,0.33566678169478015
0,0,0.1285220676612539
0,0,0.13386401426746947
0,1,0.5463309733652794
1,1,0.5684052789978448
1,1,0.8370823755609346
1,1,0.6211913544953386
0,0,0.35080262214581776
0,1,0.5118756306500248
0,0,0.24893241764132917
0,0,0.4980177668264389
0,0,0.2514573684575731
0,0,0.4811998310363624
0,1,0.5429368988304946
0,0,0.3611872666464943
0,1,0.7273816157208639
0,1,0.7068608134262953
0,0,0.3252583467239874
0,0,0.4068981090503432
0,1,0.6858966041656118
0,0,0.4982728578798178
0,1,0.5854477745559351
1,0,0.4908528160776492
0,0,0.2723998383070428
0,1,0.8491118844109516
0,0,0.37695245004437633
1,0,0.2868521219921387
0,1,0.5525356151552754
0,0,0.3456235254508899
0,1,0.5999596233803227
1,1,0.6599483539166654
0,1,0.6112099805365342
0,0,0.4078179269479083
0,0,0.4352976007342911
0,0,0.4334616661330407
0,0,0.30457223828395236
0,1,0.546777820614648
0,1,0.627393536136879
0,0,0.44856144737065706
0,0,0.36959006108570613
0,0,0.39658378494164753
1,0,0.28909176160752653
0,0,0.3893743920261558
0,0,0.3532726917981162
0,0,0.26382339227893525
0,0,0.28194055269918905
0,0,0.2579827829162308
0,0,0.2811667437409991
0,0,0.2924442837851765
0,1,0.7204942008618078
0,1,0.7640741308792268
0,1,0.5381424940223328
0,0,0.3056955829747888
0,0,0.4207207558283251
0,0,0.24798702491517
0,1,0.5952139561151625
0,0,0.06870526670408382
0,0,0.325454839298111
1,1,0.630959704061665
0,1,0.6594118672613936
0,1,0.5818758401157647
0,0,0.44155629659180723
0,1,0.5139926020877427
0,1,0.6505327696705208
0,1,0.5784420472909387
0,0,0.283198147297444
0,0,0.3174974471938886
0,0,0.4678916492364295
1,1,0.63792315015215
0,1,0.5822494144929405
0,0,0.450276937841662
0,0,0.4906781346308521
0,1,0.7225124791154066
0,0,0.17148043556904022
0,1,0.5483654539028087
1,0,0.26522575765516326
1,0,0.39194571364694275
0,0,0.25013991223540094
0,1,0.5421242113909065
0,0,0.3503911328401117
0,0,0.3600489936804331
0,0,0.24756455159824653
0,0,0.17087175382213274
0,1,0.5280991457809412
0,0,0.19898097387219038
0,0,0.3137850975067205
0,0,0.4772222332529925
0,0,0.16911884055934218
0,0,0.21745300556358907
1,0,0.4623977966931565
0,0,0.45608330150899723
0,0,0.3921234933397836
0,0,0.10075457608604575
1,1,0.8159267171639052
0,1,0.6013220096287212
0,1,0.589167942925053
0,1,0.8950690941611426
0,1,0.5868576127945327
0,0,0.27182291631206223
0,0,0.33901410643316787
1,1,0.7045127193748479
0,1,0.55401248019637
0,0,0.3891193681763137
0,0,0.4640020286784541
0,0,0.2224152210259655
0,0,0.4368361290246863
0,0,0.14827384547281805
0,1,0.746983215481257
0,0,0.49133777220855385
0,1,0.5678673061192149
0,1,0.5649769198733126
0,1,0.5396749966779084
0,1,0.6627730648105536
1,1,0.6741194305903135
1,1,0.6017041357301974
0,0,0.49693576647758736
0,1,0.5381225702080188
0,1,0.5592779177897483
0,0,0.3079065477171412
0,0,0.32258550073988185
0,1,0.8307780186199673
0,0,0.45213747175614033
0,0,0.34621866114549193
0,1,0.647221471458311
0,0,0.23581724299318926
0,1,0.8009625427186968
0,0,0.39857174496146935
0,0,0.3351390048309672
0,0,0.29227350213634506
0,1,0.604700139220298
0,0,0.33206167546757326
0,0,0.49972712687087
0,0,0.37844394502572354
1,1,0.8926210254718681
0,1,0.6282794346294852
0,0,0.11418480784672302
0,0,0.3045295030856858
1,1,0.6855494430668253
0,0,0.32766837022778406
0,1,0.5725093725475259
0,0,0.3740483125409557
0,0,0.42025876857797595
0,0,0.29278618166763815
0,0,0.3343442427024174
0,0,0.4912170645518115
0,0,0.062208991657325304
0,0,0.37641157412803394
0,0,0.08696689321267437
0,0,0.3322563391921803
0,1,0.6584476991708733
0,0,0.2352018058345599
0,1,0.512137058779966
0,0,0.4645255154606947
0,0,0.008310724248808868
1,0,0.32343378311301124
0,0,0.40106854291434774
0,0,0.4865626639818726
1,1,0.5749308433545444
0,0,0.30474875022659964
0,1,0.6063288217866275
0,0,0.48218446060780207
1,1,0.6323510243883868
1,1,0.6915234835664789
0,0,0.33164426039583783
0,0,0.3989586693624618
0,1,0.5461994051193597
0,0,0.4833902853379083
0,0,0.1918352897176967
0,0,0.25378767937566776
0,0,0.4562083237025235
0,0,0.4786281963988486
0,0,0.4476005084366499
0,1,0.5333899677994709
0,1,0.6454208398214674
1,0,0.41528757793186355
0,1,0.5698143170634015
0,0,0.437021064442807
0,0,0.29073398675588513
0,1,0.5002281292108568
0,0,0.39946471689264307
0,0,0.2571087876273118
0,1,0.6015802281554807
0,0,0.3163477093571824
0,0,0.24992267321609266
0,1,0.6808964814759084
0,0,0.4504194300009688
0,0,0.37977165494305537
0,0,0.3478135699288088
0,0,0.27239610501864037
0,0,0.3358810109429784
0,1,0.6350910799919928
0,1,0.787755452934328
0,0,0.3870484096846945
0,0,0.3080401239794692
0,0,0.3182048986192398
0,0,0.4557257224657404
0,0,0.3306185726022991
0,1,0.6922191292038151
0,0,0.00953679759533281
0,1,0.5727622007124851
0,0,0.0028333541893076353
0,0,0.009481489443654638
0,1,0.5121412837856752
0,1,0.6087778967322273
0,0,0.3650702892075823
0,0,0.45854148835608727
0,0,0.4219565530302322
0,0,0.28326045744550626
0,0,0.23224439939613126
0,0,0.37392540577947536
0,0,0.38232845520336617
0,0,0.2534013457959959
0,0,0.3594012231126401
0,1,0.6751344291743554
0,1,0.6868969029991118
0,1,0.8143511427532949
0,0,0.45451059192979665
0,1,0.5718210528845056
0,0,0.2011130311660851
0,0,0.37685425074481704
0,0,0.3021430407255364
1,1,0.9379116551314586
0,0,0.4167154709521785
0,1,0.5512673225379182
0,1,0.5203475665609253
0,0,0.2708941431151015
0,0,0.28577044313432337
0,0,0.20832498337967428
0,1,0.7104064579254286
0,1,0.8716752199923959
0,0,0.060620708456820556
1,1,0.7093156172768327
0,0,0.3657236462910031
0,0,0.29940249853966205
0,0,0.2869192311467559
0,0,0.3510836238641577
0,1,0.6262223726824954
0,0,0.3664426515799716
0,1,0.6533800522315325
0,0,0.33768043200441783
0,0,0.18315365506454803
0,1,0.7484848539140297
0,1,0.5139158317350345
0,0,0.28091370505087293
0,0,0.39022382707110514
0,0,0.23678164868079166
0,0,0.16748197959476727
0,1,0.5287246646214082
0,0,0.25223204470029253
0,0,0.4622636675944335
1,0,0.2430889753051152
0,0,0.035761924864250116
0,0,0.41476528827765996
0,0,0.4284870541977934
0,0,0.10417214072555624
0,1,0.7546403234717739
0,0,0.0037546800020710532
0,0,0.26459923282047765
0,0,0.4185230831764443
0,1,0.5595811350184758
1,0,0.31370552560812603
0,0,0.31371502751066976
0,0,0.020796028933758513
0,0,0.31804024679027454
1,1,0.5546298928717375
0,0,0.2953631314520413
0,1,0.7261579095379147
0,0,0.341857807024564
0,0,0.2771477078667494
0,0,0.44428762864305077
0,1,0.5604451718309523
0,0,0.4288231876791519
0,0,0.49951526278167807
0,0,0.17059879179157428
0,0,0.49052788736153696
0,0,0.3168220957861965
1,1,0.7407086042268735
0,0,0.2502136391212207
0,0,0.4726328219688849
0,0,0.009567036164397715
1,0,0.4136845762997557
1,1,0.8578341946072251
0,0,0.22909135790373722
0,1,0.5577919169966334
0,1,0.635581383058131
0,0,0.43905674675978323
0,0,0.3731560541936125
0,0,0.3020674358132104
0,0,0.4094511402065817
0,1,0.6020063264285446
0,0,0.3373978192307936
0,1,0.8757836252580701
0,0,0.28427271065070975
0,1,0.7404920129220602
0,0,0.23035464803856973
0,0,0.009828157802397737
0,1,0.7109248302223272
0,1,0.6478616095321043
1,1,0.7528341699010643
0,0,0.3372856673455954
0,0,0.35886858542984107
0,0,0.35438225017205305
0,0,0.3602610943913867
0,0,0.2642720875027863
0,0,0.3539236539242419
0,0,0.4984888135692723
0,0,0.4263496457046645
0,0,0.3390237202826445
0,0,0.422569331079162
0,0,0.2364076393662806
0,1,0.7633515773352101
0,0,0.485703401597221
0,0,0.38534655998608913
0,0,0.48454105173408385
0,1,0.6938597877282171
0,1,0.5435464789250678
0,0,0.48509493713619295
0,0,0.4370813909747573
1,0,0.32948036889884164
0,1,0.575612902255833
0,1,0.8261184678185358
0,1,0.5591433030636594
0,0,0.2333750656480736
0,0,0.27532645230380115
0,0,0.4200570127679872
0,0,0.3818726515904074
0,1,0.5709190078268123
0,1,0.5175770020100898
0,0,0.2933979860360182
1,1,0.81193908230993
1,1,0.8358541226988406
0,0,0.48189725364232616
0,0,0.23576048540700453
0,0,0.27888661000447745
0,0,0.4129622037996962
0,0,0.18405974854729867
0,0,0.46487245739781746
0,0,0.3329141972757535
0,0,0.3787533531924255
0,0,0.2700162629280282
0,0,0.42577631547173195
0,1,0.6470695286084936
0,0,0.24644611647525072
1,1,0.7707616631266103
1,1,0.7182357049099674
0,0,0.33129121316294274
0,1,0.6222757272950119
0,0,0.40054823985838556
0,0,0.338051137560525
0,1,0.7095086217736071
0,1,0.8270067217380368
0,0,0.4661756283947656
0,0,0.3326253800349042
0,0,0.34986537168884846
0,0,0.3679795751061522
1,0,0.49421903120642474
1,0,0.280503944999822
0,0,0.1676609216400731
0,0,0.457513149494258
0,0,0.486183908161812
1,1,0.5369543219575437
1,1,0.6206051657623837
0,0,0.4380969379896934
0,1,0.7209833746437482
1,1,0.8071152767079145
0,0,0.11931847048629433
0,0,0.21267200994812224
0,0,0.38360800032429615
1,1,0.9109609964949259
0,1,0.595681409740389
0,1,0.629973482516144
0,0,0.3709271229468482
0,0,0.40014877210450434
0,0,0.49833316606305383
0,0,0.168522956282345
1,0,0.3362100459384601
0,0,0.24636012851218517
1,0,0.1322475548461839
0,0,0.4169362119892043
0,0,0.19668504536191947
0,0,0.005347728157960581
1,0,0.4588178304487609
0,0,0.2697027382570944
0,0,0.31228743089538413
0,1,0.6874867767038993
0,0,0.2556710360165871
0,0,0.3997355000272984
0,0,0.3193678873172274
0,0,0.3315036779758343
1,1,0.6073719791140262
0,1,0.7626528659071096
0,0,0.3093286604185041
0,0,0.45762809061870313
0,0,0.3682878161729833
1,0,0.4716129244478865
0,0,0.48537990083949545
0,1,0.6982260613973037
1,1,0.5008533841624891
0,0,0.4589045976560171
0,0,0.31800436450166036
0,0,0.3823559018050815
0,0,0.40964923680120624
0,1,0.7289038393586239
0,1,0.5397638698820524
0,1,0.5027421071577046
0,0,0.27163055342644066
0,1,0.7120969710325216
0,1,0.5422677504762059
0,1,0.8146748141600448
1,1,0.7939622610005568
0,0,0.4191501559139403
0,0,0.23534716674838854
0,0,0.3409045666359227
0,0,0.350608224292569
0,1,0.657681184199923
0,0,0.23301038158582024
0,0,0.46122292407293247
1,1,0.8135587424661518
0,0,0.21861230727186387
0,0,0.43546535176496887
0,1,0.6211161695342196
0,0,0.4576079231174431
0,0,0.35537603005185886
0,1,0.5435690630443692
0,0,0.3770151278264152
0,0,0.38213346269063475
0,0,0.34061875157971083
0,1,0.6211017114229511
0,0,0.30606968423456044
0,0,0.3122470870646704
0,0,0.4217074395962684
0,0,0.2497233387823397
0,0,0.4783725178721507
0,0,0.3700206930342618
0,1,0.5614787203863298
0,0,0.2914372648316651
0,0,0.32615251268212797
0,0,0.46407967598177624
0,0,0.4100856060654876
1,1,0.5123879589667728
0,1,0.924998617019199
0,0,0.3058616701579072
0,0,0.2909264917228214
0,0,0.4465408768036345
0,0,0.27864449496156557
0,0,0.24024741720465023
0,0,0.4604090161563343
0,0,0.2436516606684569
0,1,0.8252671674973556
0,0,0.4818198904282576
1,0,0.40102021607241006
0,1,0.6153076536518189
0,0,0.40194061400734726
0,0,0.4216929808704617
0,0,0.48862075764782725
0,1,0.5403185782470973
0,0,0.4433481436925584
0,0,0.4756138488966749
0,0,0.45734506525066476
0,1,0.5474119925359566
0,0,0.4845531649317476
1,1,0.7951185419797009
0,1,0.6275314490899725
1,1,0.7897835345689113
0,1,0.5669587590852042
0,0,0.39326863336949064
0,0,0.39062966368871016
0,1,0.5826992499677179
1,0,0.38875920846424017
0,0,0.376069335886516
0,1,0.6626037068867042
0,1,0.9374041842046937
0,1,0.6379232775305707
0,0,0.49127319888258814
0,0,0.39161432490089904
0,1,0.5991308386032175
0,0,0.44577827583239926
0,1,0.5355997759393557
0,1,0.562801703753271
0,0,0.2679198600938863
0,0,0.33010513402479574
0,0,0.40891484198594213
0,1,0.5582820555878626
0,0,0.4249763202794012
0,0,0.3173417036658512
0,0,0.36677973860256213
0,1,0.659860371304659
0,1,0.656881141782953
0,0,0.4468196501144135
1,0,0.28943751306914806
0,0,0.3079728070477859
0,0,0.392851977075844
0,0,0.17189078678949676
1,1,0.7152210779913013
0,0,0.31725233268034414
0,0,0.2328697469280985
0,1,0.5424742673725051
0,0,0.4703261809734785
0,0,0.24024836715875586
0,1,0.5331973869833477
0,0,0.4088865612795432
0,0,0.44959803681809224
0,0,0.3804794303751386
0,1,0.5136314970561121
0,1,0.5163366637923144
0,1,0.6692270500984648
1,1,0.5044626720198191
0,1,0.620739532302021
0,0,0.16280637555880173
0,1,0.6347216712333619
1,0,0.3926372740660814
0,0,0.07596580463479491
0,0,0.4610613258280695
0,1,0.5488461293436474
0,0,0.16570154333604312
0,0,0.1768367830534091
0,0,0.4589066889205119
0,0,0.3435558302448209
1,0,0.3359575558095796
0,1,0.7524405946734715
0,1,0.5501692000382623
0,1,0.590437464278418
0,0,0.4989999819088811
0,0,0.4726973362224142
0,0,0.17986726825845084
0,0,0.4014723521081546
0,0,0.162114838499814
0,0,0.2890621685814416
0,1,0.5586166001454288
0,0,0.06815719834815799
0,1,0.5221098973322287
0,0,0.2114925630163029
0,1,0.5335760136851052
0,1,0.5465237614789444
0,1,0.678663733124383
1,0,0.3174424755601781
0,1,0.5008220161161776
0,0,0.3929862116963436
0,0,0.3639367822036788
0,0,0.4456579989045555
1,0,0.480704785143636
0,1,0.5400992521106843
0,0,0.1425887704354619
0,0,0.49294235314102675
0,0,0.11177820297985844
0,0,0.0072304451619933
0,1,0.7326836923075479
1,0,0.18610229576553822
0,0,0.24900245542787094
1,0,0.326855158321338
0,0,0.47396639266947294
0,0,0.2757819589631282
0,0,0.07221476296295594
0,0,0.39491872681399254
0,1,0.6646894813556351
0,0,0.3791206186645237
0,0,0.45358495720370434
0,1,0.7090689292736141
0,0,0.49042047278897566
0,0,0.19065277131797603
0,1,0.611908964910182
0,1,0.5497110668948545
0,0,0.0029798355926430316
0,1,0.5143537640248932
0,1,0.5651526928127613
0,0,0.4215103333555381
0,0,0.40747060980130206
0,1,0.5135558901813846
0,0,0.4061005736804126
0,1,0.7943102208974223
0,0,0.2852275086517013
0,1,0.6664523850862183
0,0,0.4713539552122382
0,1,0.9095315090019778
0,1,0.6071699123383895
0,0,0.08761070715739562
1,1,0.8989645471338835
0,1,0.8610603314361324
0,1,0.5193426301194854
0,0,0.09825713715860658
0,0,0.4623637777870737
0,0,0.38518260111899255
0,1,0.7231997447573114
0,0,0.06353127933942891
0,0,0.3217532344212345
0,1,0.9104561633564456
0,1,0.8164604466773087
0,1,0.6934876986047622
0,0,0.45011801943486596
0,0,0.2344346383224163
0,0,0.19727917134798373
0,1,0.5536633090241349
0,1,0.527663202233308
0,1,0.7624430360537956
1,1,0.58659534415447
0,1,0.9009165249135919
0,0,0.12413109199864711
0,1,0.6398662493614791
0,0,0.24428190203611835
0,0,0.41219715998129663
0,0,0.4361430798050571
0,0,0.4390061442575054
0,0,0.3523368723354862
0,0,0.26849943086965783
0,1,0.5595413755894602
1,0,0.49247411020393755
1,1,0.755086199129239
0,1,0.6506202786374627
1,1,0.8401864863608475
0,0,0.33859161957286643
0,0,0.3042184479493571
0,0,0.0019202479526509884
0,1,0.5076258451328393
0,0,0.44279734787099223
0,0,0.46263964628571524
0,1,0.6706107834994288
0,0,0.0033066869873506657
0,0,0.3197442394818112
0,0,0.41286568027492426
0,1,0.5719231601924194
1,0,0.40979379563311463
0,0,0.39173669192804134
0,1,0.5190056900233089
0,0,0.33712233329583136
0,0,0.44056328983067783
0,0,0.4816200448285407
0,1,0.7771959715476997
0,0,0.4296296694578945
0,1,0.9117894482717651
0,0,0.32188541031153817
0,0,0.37587716419805095
0,0,0.4749213285796022
0,1,0.8489699258234227
0,0,0.3247205167435454
1,0,0.4835637188218447
0,1,0.5314041647105489
0,0,0.20344608023353136
0,0,0.466282790012639
0,0,0.35095845906805323
0,0,0.40439676949023123
0,0,0.15176834490543004
0,1,0.5495591932287076
0,1,0.5883916999240206
0,0,0.2940277052785568
0,0,0.464339704841751
1,1,0.8542806843176078
0,0,0.33765475520460986
0,0,0.3830614010313879
0,1,0.5351469128434776
0,0,0.293487746875695
0,1,0.8964080454630747
1,0,0.3404325220665517
0,0,0.0052634896709268355
0,0,0.45364014578866796
0,1,0.5244109531816185
0,1,0.6088718108413056
0,0,0.2403102281918372
0,1,0.6517952227170982
0,0,0.17647943451822654
0,0,0.4957644998786099
0,0,0.4443180055731482
0,1,0.5138129393063801
1,0,0.21413291557280922
0,1,0.5382640317800664
0,1,0.8049738854239903
0,0,0.42293157090413874
0,0,0.4734680250881942
0,1,0.6931587183636767
0,0,0.3593193688902644
0,1,0.6149442246277655
0,0,0.3686063873648481
0,0,0.4133669351834559
0,1,0.7716389984235618
0,1,0.6569564588823965
0,0,0.3079573462134908
0,1,0.5681000385992866
0,1,0.9627823955040253
0,0,0.10892175572024955
1,0,0.35980939450129956
1,0,0.4617104192812473
0,0,0.42581146049282126
0,0,0.4095867696055591
0,0,0.39901721601949103
0,0,0.3676663251688992
0,1,0.6521338550252267
0,1,0.9400857623563531
0,1,0.6980764134715444
0,0,0.20139435268229197
0,0,0.34640496277829974
0,1,0.5391258015851988
0,0,0.45544427529696224
0,0,0.49015109741936524
0,0,0.4388061757378152
0,0,0.4824646067951894
0,0,0.26512714129864695
0,0,0.003857985110979608
0,1,0.5680753583021738
0,0,0.43148171726499684
1,1,0.8063834687952031
0,1,0.6022706717691005
0,0,0.3047042305825624
0,1,0.5451121500705847
0,0,0.49274752144950634
0,1,0.5563705332364001
0,1,0.5134642288505781
0,0,0.38667438653309627
1,1,0.711052574120996
1,0,0.47687892550656774
1,1,0.84012259661872
0,0,0.07299704867797328
0,0,0.38772519406170036
0,0,0.2211763723417399
1,0,0.4342588932871543
0,0,0.41066409589807734
0,1,0.5494554139890239
0,0,0.3366233540222695
0,0,0.4041771667439384
0,0,0.3381340184348295
0,1,0.7212280708863952
1,0,0.30226610804710435
0,0,0.2732103421572758
0,1,0.8435990654539273
0,0,0.47649545531783405
1,1,0.6152940530801884
0,0,0.27648821562418635
1,0,0.21010865543416687
0,0,0.3757869673364341
0,0,0.49003820587391766
0,0,0.3736893185050004
0,1,0.5922961721602321
0,1,0.7776322948112537
0,0,0.22939559637461399
0,0,0.41921140795158945
0,0,0.31945730530875793
0,0,0.09287745143764968
0,0,0.32143285900416113
0,1,0.7987772127586888
0,1,0.5070015690472981
1,0,0.39494235870572286
0,0,0.4018816983304348
1,1,0.618017973402306
0,0,0.4309907182862692
0,0,0.34275993988947395
0,0,0.013317651900014686
0,1,0.7725361189541174
0,1,0.8957889959449735
1,1,0.5106301213122952
0,0,0.4025501314591828
1,0,0.35041178379273447
0,0,0.43772593643310953
0,1,0.5203207373495026
0,1,0.5247413438812523
0,0,0.49370237209891676
1,1,0.5416573574256617
0,0,0.05234242879045601
0,0,0.3045030046214796
0,1,0.5736044894461171
0,1,0.5414388972310498
0,0,0.4226115324752628
0,1,0.7652142698250683
0,0,0.19704044309211544
0,1,0.5788909392035038
0,1,0.5063120571465243
0,0,0.4310478287313139
0,0,0.427294364822536
0,0,0.27914358040675996
1,0,0.43010229479114354
0,1,0.591768888430073
0,0,0.44373000250644856
0,1,0.5572158735317232
0,1,0.5747474606694991
1,0,0.31086117378451933
0,1,0.6888029728695554
0,0,0.49178487621100375
0,0,0.2592583291320633
0,0,0.3057353152136776
0,0,0.1781340621714698
0,0,0.3855298285142736
0,1,0.5508524000338947
0,1,0.5406710061112502
0,1,0.7604751960580552
0,1,0.7896163640183912
0,0,0.2972407763538307
0,0,0.3432200389952952
0,0,0.13142249620057583
0,0,0.2582636786456085
0,1,0.5112096512254583
0,0,0.44878254660092076
0,1,0.7364051386956102
0,0,0.0053744044561854585
0,1,0.5332813731310163
0,1,0.8803212461490313
0,0,0.3476356208688694
0,0,0.39414230901969305
0,0,0.48695700131771785
0,0,0.451633467706043
1,0,0.4587589025989903
0,0,0.2516590976455412
0,1,0.627594464009366
1,0,0.007402097314333199
0,0,0.36970185395932126
0,0,0.40682236704945085
0,0,0.4821907050157021
0,0,0.4479389590603869
0,1,0.5094228418353726
0,1,0.5605477741802868
0,0,0.26328165988018293
0,1,0.9043979216668788
0,0,0.3812780058748799
0,0,0.35860277396137885
0,0,0.3255614661704764
0,0,0.4720215571847609
0,1,0.5563853881699904
0,1,0.5771852660895701
0,1,0.7209586510951326
0,0,0.1515202696236342
0,0,0.4514030964271677
0,0,0.4430990515073398
0,1,0.5826653761509861
0,0,0.41141591273058753
0,0,0.3210508290658009
0,0,0.3529360419408145
1,1,0.8574043118785277
0,0,0.23061728325608827
0,1,0.5633289581144201
0,0,0.35906133966753917
0,0,0.4652069518304157
0,0,0.4757548322448017
0,1,0.5873222115161927
0,1,0.6238581315937733
0,0,0.25418240006287823
0,0,0.1800602057926427
0,1,0.5914063741697344
0,0,0.24941782575079285
1,1,0.6259110487409024
0,0,0.28844275254770696
0,0,0.3060997247347502
0,1,0.636957866374401
0,0,0.2570316746741623
0,1,0.8115716197196174
0,0,0.29388873897657136
0,1,0.5140094023608498
0,0,0.25598665634796197
0,0,0.2515490094124296
0,0,0.40955136714169493
0,0,0.4177910169493094
0,1,0.8585857300114477
0,0,0.18675023613836336
0,0,0.46864353787440627
0,0,0.0046540859417775115
1,1,0.7586109221689737
0,0,0.2864707442511285
0,0,0.344329457776396
0,0,0.17904981503549727
1,0,0.26336643618874733
0,1,0.5692073032419036
0,0,0.4471008132325651
0,0,0.4526249548757013
0,0,0.4126686337257561
0,0,0.12241868153568379
0,0,0.10597125487848257
0,1,0.5365112005431674
0,1,0.5133729360492433
0,0,0.4896897853620671
0,0,0.41535100390521995
0,0,0.49716965550431136
0,1,0.6151148450746619
0,0,0.49527802354633454
0,0,0.4778008925167114
0,0,0.3779412662935879
0,1,0.5381777404339294
0,0,0.4862516143682108
0,0,0.4762435721013855
0,0,0.29069598724407536
0,0,0.12077054309222839
0,1,0.6252472239453323
0,1,0.6548128833861762
0,1,0.6265849011699366
0,0,0.4375725630359315
1,0,0.4267606199661659
0,0,0.46652781122282017
0,0,0.49854729540489273
0,1,0.715232261611075
0,0,0.33509440915187655
1,1,0.8433362049453255
0,1,0.5321597124788059
0,0,0.28144567349039434
1,0,0.4045774474411355
0,1,0.6105882239382882
0,0,0.4098836367485955
0,1,0.6405183901224145
0,0,0.3932560898143346
0,1,0.5351641500826603
0,0,0.25092932611011204
0,0,0.38106136664174217
0,0,0.34580395876984416
1,0,0.46560450174650875
0,0,0.43352061988349583
0,0,0.1579260621576401
0,1,0.7652938835327292
0,1,0.535151579568092
0,0,0.33544958083260196
0,0,0.29077069974547304
0,0,0.3345180527748591
0,0,0.19764747907641433
0,0,0.09868540319194347
0,0,0.20466927644437813
0,0,0.32601416793592924
0,0,0.3296600380055854
0,0,0.46868019161802166
0,0,0.42473402635620494
0,1,0.5079926567943419
0,0,0.4025003866567118
0,0,0.3982733034478514
1,1,0.5726925893910696
0,1,0.6220819611226476
0,0,0.40986274375314574
0,0,0.2385282884493484
0,0,0.43549553178658074
0,1,0.6705835168316633
0,1,0.5228469595816261
0,1,0.6497774231498817
0,0,0.39709226111550633
0,0,0.32482465878486333
1,1,0.5086609668386479
0,0,0.4592140261144629
0,1,0.5061145386791082
0,1,0.790184887120925
0,1,0.5080731986020157
0,0,0.4762351162710277
0,1,0.5289844045449973
0,1,0.6232878735027358
0,0,0.246367897663891
0,1,0.5181425310718588
0,1,0.5069391994469671
0,0,0.39157900898556347
0,1,0.6741673058513967
0,0,0.40347617945608205
0,0,0.3587806201683502
0,1,0.5204862081660664
1,1,0.6866670390964195
0,0,0.4585035332456739
0,0,0.2030290015958518
0,0,0.10668030720398344
0,0,0.18765731080909073
1,1,0.7520223186849792
0,0,0.4373066045277864
0,0,0.38140003938866357
0,1,0.5931831568762704
0,1,0.69509667762001
0,1,0.6318513055778298
0,1,0.6049481401538714
0,0,0.4893429432035423
0,1,0.6528701398331817
0,1,0.7110917689001118
0,0,0.4327107331595795
0,0,0.4687980934911781
0,1,0.744502526497151
0,0,0.3693611713084595
0,1,0.5540244460168444
0,0,0.4691082059446383
0,0,0.15530635620345462
0,0,0.2079465698198216
1,0,0.34327877194402723
0,0,0.4358317061211912
0,0,0.06657050708183677
0,0,0.01077661370972065
0,1,0.566549084449308
0,1,0.5150932994334534
0,0,0.27328369097262545
0,0,0.42705201517065156
0,0,0.31729118745961754
1,1,0.7689242845867762
0,0,0.03926182453348004
0,1,0.5340785281477701
0,0,0.12902302474030788
0,0,0.34635897352583833
0,0,0.3597964790676349
0,0,0.46078728365648003
0,0,0.10852924014045934
0,1,0.6930476291872218
0,1,0.5396678180215132
0,0,0.42592816099517894
0,0,0.2341359173639725
1,1,0.6520613868215188
0,0,0.19797855955922772
0,0,0.49950827761592886
0,0,0.4572072606338195
0,0,0.3883144932358025
0,0,0.2636214160107545
0,1,0.87000740609891
0,1,0.5327687431502902
0,0,0.2874638193451691
0,1,0.6698561647530796
0,0,0.3540912304630497
0,0,0.3331300818623019
0,1,0.6917191466788449
1,1,0.7418709325161839
0,0,0.3484785016275949
0,1,0.6654852381829941
0,0,0.40310227602018983
0,0,0.41365299043875947
0,0,0.4875266838386741
0,1,0.5835034840238508
0,0,0.1270940700937049
1,1,0.6316164606881952
0,0,0.3728366292268679
0,0,0.3206056373133232
0,1,0.8199101389830848
1,1,0.8354925196264672
0,0,0.10923973432454848
0,0,0.39389136482456233
1,1,0.7369379092329574
0,0,0.41288997830476015
0,0,0.2647484273020668
0,1,0.8329375767825696
0,0,0.4754476458009985
0,0,0.4930819803791045
1,1,0.5813009404267657
0,1,0.5618402169116407
0,1,0.5765680980411335
0,1,0.5008503471740602
0,0,0.27730030517205273
0,1,0.5444716983440077
0,0,0.4024379750209508
0,1,0.6152816691334132
0,1,0.7223347048786498
0,1,0.8665355995783576
0,1,0.6805630077733074
0,0,0.4775025542624435
0,1,0.6025944539893902
0,0,0.3571664936723613
0,0,0.25908190034152523
0,0,0.35811618457827554
0,0,0.4624476081809012
0,1,0.5516799021778648
0,1,0.5628641113745905
0,0,0.30962211656379607
0,0,0.3187311514880655
0,1,0.748088090254115
1,1,0.6922711413715767
0,0,0.3745728940566757
0,0,0.3512199570913651
0,0,0.4333463303190907
0,0,0.28839710947006375
0,1,0.560760894233104
0,0,0.46588303904712197
0,1,0.5193695486973559
0,1,0.5593607678993144
0,0,0.380830957228674
0,0,0.4540013848389386
0,0,0.10653453851084202
0,1,0.5142160912414321
0,0,0.10054996443574918
0,0,0.4707545627867475
0,0,0.43012447967394196
0,0,0.32647607394606903
0,0,0.2739453306098175
0,0,0.36850424106186574
0,0,0.25388328365477936
0,0,0.40170356704826937
0,0,0.35483069138221557
0,0,0.34008665276540334
0,0,0.44815536914101733
0,0,0.4768989524086355
0,0,0.4466576043148089
0,0,0.34098158264390216
0,1,0.8681037629485963
0,1,0.632977775638345
0,0,0.1164390440710931
0,0,0.4686290491202674
0,1,0.5068629748870088
0,0,0.4116416020587321
0,0,0.1953510655696489
0,0,0.41651200558855594
0,0,0.30100243951205324
0,1,0.6497171103917233
0,1,0.600624881449907
0,0,0.20305590736715576
1,0,0.46321750327341565
0,1,0.576440351157589
0,0,0.22063091985708233
1,1,0.7812592200957562
0,0,0.4386072797971476
0,0,0.06435564605655993
0,0,0.3282296585673241
0,1,0.6773184928784868
0,0,0.42841434465133155
0,0,0.32282999256646827
0,0,0.3026601885357239
0,1,0.5183267686036473
0,1,0.5015878679489923
1,0,0.41441297569436175
0,0,0.4225963693723195
0,0,0.49939830798035423
0,0,0.47449265706817945
0,1,0.6663787618013917
0,1,0.6460178936043655
0,0,0.4364198087372203
1,1,0.5885394678418706
0,0,0.20190890865720648
0,0,0.3969941853458156
0,0,0.012392296668860289
0,0,0.41581008227971594
0,0,0.4609320413096791
0,0,0.37237946015426454
0,0,0.42582064869929326
0,0,0.35094029954619704
0,1,0.7081125565377118
0,1,0.620066515833416
0,0,0.4875545125218365
0,1,0.5520081596659482
0,1,0.8174986070348326
0,0,0.495311991349373
0,1,0.606716048153614
0,1,0.5791155321460077
0,0,0.4248357859993496
0,0,0.30096294598589407
0,1,0.6310996396591726
1,1,0.5799101002303813
0,0,0.1817724913408261
0,1,0.6153804980170708
0,0,0.2574173243144872
0,0,0.4441013087769249
0,0,0.4878776395206957
0,0,0.2497184774705623
1,1,0.5695628823558346
0,0,0.30676858690172454
0,0,0.36553554755212875
0,0,0.019472896697855933
0,1,0.6110803121167097
0,1,0.5272159651914204
0,0,0.47072531752389996
0,1,0.6436847989419977
0,0,0.46620667533381566
0,0,0.02286018802842308
0,0,0.3946937279736506
1,1,0.6830128367328497
0,0,0.41254453679152425
1,1,0.522464435563409
0,0,0.4288266914521225
0,0,0.2468137445593123
0,0,0.47119143261606417
0,0,0.3233158043439412
0,0,0.4951867428640857
0,0,0.41001314010159745
0,0,0.4041568161066999
0,0,0.4729055724831567
0,0,0.38173849478806293
0,0,0.2693475530027942
0,1,0.6536234912298324
1,0,0.41523995921226753
0,1,0.6122119092541126
0,0,0.3081948099688939
0,0,0.4268100855735964
0,0,0.21090827956786792
1,1,0.5522815975394655
0,1,0.5916232396265584
0,0,0.39445845476880026
0,1,0.5383241843834188
0,0,0.18596789844460354
0,0,0.41348784892498036
0,0,0.44669729317490353
1,1,0.5208818279741804
0,1,0.602288557859078
0,1,0.6891891003808899
0,0,0.346160266963798
0,0,0.4596615143951206
0,0,0.4077822886215742
0,0,0.4494613556438272
0,0,0.19922749938571618
0,1,0.594348400741506
0,0,0.4942817033409187
0,0,0.4269743108515694
1,1,0.5504905383225268
0,0,0.22144206761887186
0,1,0.5024331203116511
0,1,0.5219387259251657
1,1,0.9747407937721294
0,0,0.26572499981270886
0,0,0.003984425540515372
0,1,0.508301618153704
0,1,0.5293301688457125
0,0,0.2764337941717348
0,0,0.3402927755669015
0,1,0.6499456143393509
0,0,0.43831401915160284
0,0,0.17583987078520077
0,0,0.3293763762489442
1,0,0.4845355603810174
0,1,0.5218501160946518
0,0,0.46285534372619935
0,0,0.29994604580646567
0,0,0.40873714840801517
0,0,0.4240743873075316
0,0,0.26358236285643294
0,1,0.5957998420887959
0,0,0.44389502033349454
0,1,0.6767287587663728
0,1,0.6074846297676584
0,0,0.4328630712857938
0,0,0.3648472233120371
0,0,0.44254803620847716
0,1,0.726473321746311
1,1,0.5221037503547565
0,0,0.3192802128979092
0,0,0.3160427894861287
0,1,0.5052872855175348
0,0,0.007854228367707033
0,0,0.39852633864164033
0,0,0.2426771937525646
0,1,0.5302829020619461
0,0,0.44145264906301457
0,0,0.0073774848534625785
0,0,0.4206182312876724
0,0,0.4317064038373735
0,0,0.29120415044872483
0,0,0.3461558946666074
0,1,0.6457636219446047
1,1,0.7858963226158848
0,1,0.5918453433307918
0,0,0.4173299477017258
0,0,0.37952471686210426
0,1,0.8312239343051917
1,1,0.5655037634334695
0,0,0.35664861109538154
0,0,0.3875471445736078
0,0,0.42623982789958104
0,1,0.6924252389822027
0,0,0.18535257626914164
1,1,0.5727641010672847
0,1,0.5165564012759737
0,0,0.3214116459267152
0,0,0.33212374967625086
0,0,0.21379322676638315
0,0,0.44200630076043496
0,0,0.2951402797566514
0,0,0.36346996179401503
0,1,0.5623203022508914
1,1,0.8881685496348182
0,0,0.4274452867229442
0,0,0.43387700854873973
1,1,0.7466628083338432
0,1,0.6166724224836447
0,0,0.3119349918419978
0,0,0.4521200934120939
0,0,0.26323056618525215
0,0,0.22893565730342683
1,0,0.4612667829709417
0,1,0.7564000221421959
0,0,0.42384277234915474
0,0,0.28536787452025897
0,0,0.321912590289768
0,1,0.5783604388556833
0,0,0.3967771948355315
0,0,0.43009253304965617
0,0,0.4886977223193249
0,0,0.4748841036846652
0,0,0.43981296663033886
0,0,0.257721102251533
0,0,0.36496445469802297
0,0,0.3358859384313042
0,0,0.004329018725916746
0,0,0.3738220083802958
0,0,0.3726353267562122
0,0,0.3134319861995697
0,0,0.2636421171332647
0,1,0.6736525997757669
0,1,0.5615356785296882
0,1,0.578976874365035
0,0,0.3938121146805905
0,0,0.4115514073083501
0,0,0.4036363135665352
0,1,0.6401380918367208
0,0,0.2898449916121584
0,1,0.5774659773873445
0,1,0.5687308410999439
0,1,0.6015723913406611
0,1,0.6818980248466635
0,0,0.4680372753828965
1,1,0.5312470850797089
0,0,0.49132149514088364
0,0,0.49317228158030024
0,0,0.453436249402561
0,1,0.5475338059804664
0,1,0.6998821647333242
0,0,0.4685595724319412
0,0,0.2720684757564251
0,1,0.7944778194118515
0,1,0.7932880626881113
0,1,0.5228162249671247
0,0,0.49097117149906894
0,0,0.3787991265925037
0,1,0.6433790785162682
0,0,0.32318610029872114
0,1,0.645345345373138
0,1,0.6587211277263457
0,1,0.5364317769983619
0,0,0.38217079007487864
0,0,0.43240182257145166
0,0,0.47047522307146533
0,0,0.46593173409858823
0,0,0.4967690787567018
1,1,0.5423106603229376
0,0,0.4848153256181738
0,0,0.293495465070687
0,0,0.32178142145566463
0,0,0.37807455486708724
0,0,0.4962907081282046
0,0,0.3838305497780865
0,0,0.4355770721464212
0,1,0.6759571195503964
0,1,0.6002746703408492
0,1,0.6212055312870316
0,1,0.7291375967953754
0,0,0.497045063263715
0,0,0.00677650825414972
1,0,0.4842620139097114
0,0,0.41611322105596854
0,0,0.42629935229618715
0,0,0.19468704167651965
1,0,0.10920791608219241
0,0,0.4835762429681102
0,0,0.0929431465989091
0,0,0.2814023545783106
0,0,0.3603427440840577
0,0,0.4566911321690228
0,0,0.37288171135115517
0,0,0.3976296566126001
0,1,0.6906124231545695
0,0,0.4258309608786527
0,0,0.4195338014472642
0,1,0.5662695815747463
0,0,0.4953815475388414
0,0,0.14867353103204586
0,1,0.5115594733787472
0,1,0.5339409141116886
0,0,0.36690175629981525
0,0,0.09157284289423721
0,0,0.44551914419756605
1,1,0.5542902663617059
0,0,0.3775028515418187
0,0,0.3281744433755766
0,0,0.37890088686113077
1,0,0.41316795028008796
0,0,0.41926241126560587
0,0,0.137471631016895
0,0,0.4645160795812884
0,0,0.3302049223533126
0,0,0.29952422992504274
0,1,0.8134478826238182
0,0,0.24096894745923214
0,1,0.9536739125091129
0,0,0.29774677792097076
0,0,0.39415790369037645
1,1,0.5927445200675628
0,0,0.32717232817943
0,0,0.4854572957436388
0,0,0.42593471011973677
1,0,0.36974628238970275
0,0,0.3837970077303398
0,1,0.7307763443050833
0,0,0.005108489382747269
0,0,0.4000366330537644
0,0,0.4966327599334254
0,1,0.6896692586350407
0,0,0.4051127824033447
0,1,0.5754469167139004
0,1,0.8011561476286934
0,0,0.38078309653504483
0,0,0.3080535987850802
0,0,0.36892374046453885
0,1,0.5224601576492794
0,1,0.5115145318760398
0,0,0.25042558741680515
1,0,0.4732353258576367
0,0,0.0034560920952739532
0,0,0.41739640432373193
0,1,0.5984264808484969
1,0,0.3602209201528583
0,0,0.41594508051338536
0,0,0.23548861972110943
0,1,0.619433029558633
0,1,0.6373366304874183
1,1,0.576877752139583
0,1,0.6100146383498846
0,0,0.4180785032335743
0,0,0.2764995086014674
0,1,0.5057199040749961
0,0,0.41024505082748947
0,0,0.08852709053841412
0,0,0.3105696538261255
0,0,0.45969236586967216
0,0,0.37564581135687847
0,0,0.3479514572238683
0,0,0.471981390475519
0,0,0.017141726249239906
0,0,0.48212152675125697
0,0,0.4295600469021651
0,0,0.21272369056459836
0,1,0.7209017777094016
0,0,0.41059691301226975
1,0,0.35829518586797865
0,0,0.4166981885058314
0,0,0.43774210098002625
0,0,0.27569000379226755
0,0,0.3734208724381502
0,1,0.651544116025503
0,1,0.5828495075101782
0,1,0.5349829808430457
0,1,0.6826450303145151
0,0,0.38604898467607063
1,0,0.2431395895635772
0,0,0.15870989688528953
0,1,0.8221553581152334
0,0,0.22713058109753415
0,1,0.5324785257833101
0,0,0.2533700017732892
0,0,0.3929074829510816
0,1,0.5686445057382948
0,1,0.5162494077591796
0,0,0.17761636380970192
0,1,0.525974465242234
0,1,0.6577589765289654
0,1,0.7249489636326556
0,0,0.16790654135427785
0,0,0.3906034740538922
0,0,0.43938807918109474
0,0,0.3762504196342007
1,1,0.662364795100234
1,1,0.745640237419864
0,0,0.38003786933166306
0,1,0.6321421517646367
0,0,0.37458439110409036
0,1,0.5617586866925777
1,1,0.5530397081028275
0,1,0.5965861949111646
0,0,0.44374183596913097
0,1,0.8761126003577249
0,1,0.5088397951742463
0,0,0.29314950548579105
0,0,0.412137528591092
0,1,0.6934353012954525
0,0,0.1722322387646723
0,0,0.37336104478374743
0,0,0.4119323304289908
0,1,0.6372017526592377
0,0,0.31039564526091135
0,1,0.8504359806797807
0,0,0.4944856855476969
0,0,0.18123971092480795
0,1,0.5773144381120489
0,1,0.6083897537126055
0,0,0.29204194850532395
0,0,0.3222616213794702
0,0,0.021305833596731816
0,0,0.40264846210814703
1,0,0.3737578341504439
0,0,0.100205609666964
0,1,0.5239654808738504
0,0,0.3109934217724525
0,0,0.17580442118622647
1,0,0.48298875016745074
0,0,0.37671364467733953
0,0,0.24318398229518914
0,0,0.337622370713355
0,0,0.004276223496361215
1,0,0.38361428061399666
1,1,0.5879054439690266
0,0,0.20584767694992695
0,0,0.205530893587165
0,0,0.31435844472423863
0,1,0.6143838396552931
0,1,0.7463510035008505
0,1,0.7070852583641793
0,0,0.2895805400787119
0,0,0.49859881837908643
0,0,0.0034586855054454086
1,0,0.3871630997814807
0,0,0.2521632450906556
1,1,0.5466793391450426
0,0,0.2877529864999458
0,1,0.6712398365181703
0,0,0.2034240164039727
0,0,0.3963121028195062
0,0,0.32499410232777126
0,0,0.17566480978502746
0,0,0.20432866945583192
1,1,0.6656563651786791
0,0,0.2760875038037981
0,1,0.5326290373970238
0,0,0.40358721493298616
0,0,0.1438789235904322
0,0,0.265805242223285
0,0,0.370262493334477
0,0,0.4088292287657131
0,0,0.004893564262716248
0,0,0.33821630025345933
0,0,0.38034261901711774
0,0,0.4973384571036022
0,0,0.25446675604353325
0,0,0.4655546948282629
0,0,0.43284623264292693
0,0,0.3261715167424714
0,1,0.6398595727142806
0,0,0.44821708802924976
0,1,0.756551225303175
0,0,0.2835588576497705
0,0,0.1267185033669432
1,0,0.4853295256568556
0,0,0.007221233219196999
0,1,0.5249165514473216
0,0,0.003760678851987768
0,0,0.18388035934243518
0,0,0.4081667190023821
0,1,0.7697630058627017
0,0,0.0018498612254837857
0,0,0.29545583305260137
0,0,0.30767226119473895
0,0,0.3066387516051558
0,0,0.37032471068181283
0,0,0.3768435537728635
0,0,0.3468580568060424
0,0,0.47897069113482943
0,1,0.5123486422336414
0,1,0.6361715813896952
0,0,0.40755738407084546
1,0,0.4804476402025063
0,0,0.4199540128412016
1,1,0.5314073824362392
0,1,0.5357511156038502
0,0,0.38879230605374926
1,1,0.5426113446621424
0,0,0.3781695924302517
0,0,0.46716001461441964
0,1,0.7976770876727184
0,0,0.036475663659023834
0,0,0.3758410096485853
0,0,0.2826711847706448
0,0,0.18494394849520016
0,0,0.3579959802524274
0,1,0.8699210106299168
0,0,0.19014516236178322
0,1,0.5361005894855408
0,0,0.42629114363390713
0,0,0.41347112104627903
0,1,0.5602228106305059
0,1,0.7495259680551539
0,0,0.49523578355071474
0,0,0.3571408631683837
0,0,0.09413579594564057
0,0,0.3329950250279151
0,1,0.5184448915682092
0,0,0.4505222347013395
0,0,0.2004523859333209
0,0,0.4638182872263238
1,0,0.24251655530615265
0,0,0.48775077325357785
0,0,0.2804306561245329
0,0,0.43419810919748053
0,0,0.35981831816221455
0,1,0.6914877207375126
1,0,0.42977000169596774
0,1,0.8338301722271884
1,0,0.48340442740968026
1,1,0.5770701886832759
0,0,0.178373452162203
0,0,0.2807427346942499
1,0,0.395557611544939
0,0,0.13686625226227134
0,0,0.340724842668192
0,0,0.30608456815866714
0,0,0.40466589880952153
0,0,0.4382240770002585
0,1,0.6424036753562301
0,0,0.292472848652043
0,0,0.30961809578246013
0,1,0.9050713574032568
1,0,0.4983653720770023
0,0,0.2965015122191464
0,1,0.5484394443421345
0,0,0.315767205309081
0,1,0.5327955716938676
0,1,0.6298418317635817
0,0,0.297613201573905
0,0,0.22257984460997393
0,0,0.4158359638652992
0,0,0.3527834241265147
0,0,0.3519809985592995
1,0,0.4900147436262724
0,0,0.26594108335785943
0,1,0.5950251447194869
0,0,0.4648727981270359
0,0,0.29824217682559
0,0,0.4378571025762098
0,0,0.2386246235405266
0,0,0.08398816904699587
0,1,0.5230881101354554
0,1,0.8399598604573002
0,1,0.612067160079341
0,0,0.32062458063836996
0,1,0.5341635583223533
0,1,0.5706716218555826
0,0,0.284587920763867
0,0,0.24557868801732488
0,1,0.6943961567035755
0,1,0.6649457371770252
0,1,0.6042878969276613
0,0,0.4880381992004977
1,1,0.7400949174723419
0,0,0.2124993207501538
0,0,0.43689742355077826
0,1,0.547616261321307
0,1,0.5096052124472519
0,1,0.7713357948453586
0,0,0.47695939695846795
0,0,0.30949192347508353
0,0,0.23657593011554434
0,1,0.6126252742929609
0,0,0.31569487910614147
0,0,0.395999794583413
0,1,0.5747118713475637
0,1,0.5357019935714886
0,0,0.3878191870327607
0,0,0.3286251235769314
0,0,0.23608100034812757
0,1,0.5320472781151895
0,0,0.38185313917741937
0,1,0.61072188410406
0,1,0.588570380935363
0,0,0.4473596882131809
0,0,0.42180983443015047
0,1,0.5099309513155555
0,1,0.5702521448534121
0,1,0.5542333779046918
0,1,0.6939734184959248
0,1,0.5125422856405265
0,1,0.6630763408259064
0,0,0.3777675369063542
0,0,0.4183331888324406
0,0,0.008408463050831651
0,0,0.3497043541014487
0,1,0.6394661594163056
0,0,0.46545849399764877
0,0,0.31337231135875643
1,0,0.296923404009677
0,0,0.26396486288939125
0,0,0.4166615623101212
1,0,0.4899377102668374
1,1,0.7198711780739651
0,0,0.35229806077520165
0,0,0.16784542970417515
0,0,0.4275541638477612
0,1,0.5801097117336911
0,1,0.6892081534095887
0,1,0.6242296803102293
0,0,0.49727846906402234
0,1,0.5730156169404929
1,0,0.4277703710782723
0,1,0.6805122673988443
1,1,0.6791928306734323
0,1,0.5230160167172174
1,0,0.4622634675167085
0,0,0.4248345932256752
0,0,0.4142499829543483
0,1,0.5279546427868445
0,0,0.4895995181056091
0,0,0.28812052070358174
0,0,0.3503697425380493
0,1,0.5311552654943894
0,0,0.481207037871633
1,1,0.5652616368276834
0,0,0.2531872541383417
0,0,0.2807611302164355
0,0,0.33403926670476985
0,0,0.4565102006077427
0,0,0.4631622218570799
0,1,0.6888454028877458
0,0,0.31355686048986314
0,0,0.3653732099086057
0,1,0.5192388617991068
0,0,0.16901434786386604
0,0,0.34671299463141836
0,0,0.005293946689211434
0,1,0.6718899014361617
0,1,0.6495330402316695
0,0,0.44943125259176075
0,1,0.5964619503688527
0,1,0.5252353071972945
0,0,0.39849080266000686
0,0,0.45286184045574857
0,0,0.4466428187102946
1,0,0.38727872224318866
0,1,0.7252118519220749
0,0,0.31212102520021157
0,0,0.4699679738808155
0,0,0.2710059108339318
0,0,0.04144470252038928
0,0,0.49255630369197495
1,0,0.3603769647123476
0,1,0.6561232302426022
1,1,0.780537806030954
0,0,0.4317992199948938
0,1,0.5981700880711683
0,0,0.4413025714474906
0,0,0.44218784982071974
0,0,0.21194359339601415
0,0,0.2386436833578107
0,1,0.6852944063710646
0,0,0.460273430757971
0,0,0.3072042023454589
0,0,0.30570616093518405
0,0,0.4225985737691913
0,1,0.7049629070859718
0,0,0.4024178739573308
0,1,0.5407063837743662
0,1,0.5585264947065423
0,0,0.3383328911934533
0,1,0.6178575709285938
0,1,0.7995913191471177
0,0,0.39705783416899004
0,0,0.4128236131246559
0,0,0.3230496746612412
0,0,0.33353565334761276
0,0,0.4735523214820766
0,0,0.008399895919380056
0,0,0.3208740964090252
1,1,0.5743232709759178
0,0,0.42991551031011294
0,0,0.26240290652569237
0,0,0.462360926969488
0,1,0.8026014631301833
0,1,0.5795583760905887
0,0,0.4870990888624616
0,1,0.5075233798183887
0,0,0.3471343207962764
0,1,0.6684873557768369
0,0,0.184723531939195
1,0,0.479032502418716
1,0,0.48362601066897803
0,0,0.42138593236245836
1,0,0.22071813561272594
0,1,0.6191235299124558
0,1,0.5268261938052166
0,0,0.2515110126395851
0,1,0.5626952247218455
0,0,0.20584879520922875
0,0,0.4113688782778944
0,0,0.48214922314823483
1,0,0.40175808715722694
0,0,0.2013487515347042
0,0,0.2912159437976306
0,0,0.4906527978494908
0,1,0.5135325674855085
0,1,0.5164767777774396
0,0,0.39278012283229014
0,1,0.6310393448860149
0,0,0.3041065105421683
0,0,0.44084507126438943
0,1,0.5492240979310127
0,0,0.49010608389758675
0,0,0.20860398501268754
0,0,0.4615362436522993
0,1,0.7882091016598238
0,0,0.4125547824837828
0,0,0.29082563534118744
0,0,0.437202223382452
0,0,0.30090613467379435
0,0,0.3587336626624908
0,1,0.599568986147198
0,0,0.004126704358878497
0,0,0.3032561463584379
0,1,0.6188620873533851
0,0,0.3968344663479935
0,1,0.6800839438655183
0,1,0.664859961868852
0,1,0.5500175792543017
0,0,0.44721579858046945
1,1,0.5506072087766111
0,1,0.5525774448080002
1,1,0.6186005913314231
0,0,0.3071398411527426
0,0,0.31092480795028904
0,1,0.7864668069979375
0,1,0.8058767758015486
0,0,0.24862403091733762
0,1,0.5440239751665819
0,1,0.5742405424594503
0,1,0.5267596650962112
0,0,0.4129740832628342
0,0,0.2609858477600839
0,1,0.525826643410739
0,1,0.5367368351133035
0,0,0.4628783905021988
0,0,0.3763611780227929
0,0,0.4317239063548818
1,0,0.34207110607030555
0,1,0.6366067750926647
0,1,0.6216999694145598
1,0,0.37562831624258874
0,0,0.3856864732549269
0,0,0.4556029292811184
0,0,0.15214926440666945
0,1,0.5440529647343724
0,0,0.36962250800061625
0,1,0.6366717817021212
0,0,0.389168320622166
0,1,0.6314331149515114
0,1,0.5012757389614937
0,0,0.3085572682379996
0,0,0.3806757899183091
0,1,0.7304565915004373
0,1,0.7733345517983774
0,0,0.32566527273702395
0,0,0.3079020325720086
0,1,0.7410494612461945
1,0,0.3794564237628056
0,0,0.324802057350834
0,0,0.4426212918984065
0,0,0.4293621051846324
0,0,0.0066182511621656155
0,1,0.5267027477687981
0,0,0.38216177052856387
0,1,0.7087181228689572
0,0,0.3347113336169524
0,0,0.37354608308039344
0,0,0.40331547719753374
0,0,0.4314158470181725
0,1,0.5289163010077955
0,1,0.6382515679572205
0,0,0.46948872552530313
0,0,0.2765806214143492
0,0,0.25500315259472545
0,0,0.399245354476633
0,0,0.33501196587248855
0,1,0.7889940748096149
0,0,0.3901077473756338
0,1,0.9151438268678453
0,0,0.4134993062289988
0,0,0.17195391952340766
0,0,0.3555167505683285
0,1,0.7365871586562194
0,0,0.3506681112169922
0,1,0.5104658142609358
0,0,0.4379525861103328
0,0,0.1773430908477045
0,0,0.30242252202942305
0,0,0.4283784812180426
0,0,0.40367626915832094
0,1,0.6780883918344478
0,0,0.378451884654482
1,0,0.34075596044637807
0,0,0.3162147492392722
0,0,0.44736242848043994
0,0,0.42635948712510735
0,0,0.16803323626957753
1,0,0.2935286308100018
0,0,0.43124940488240177
0,0,0.26238349068459765
0,1,0.6269196354821382
0,0,0.31311471001953173
1,1,0.7138802657429116
0,1,0.6771736451479647
0,0,0.4693919777485497
1,1,0.5557192997326609
0,1,0.5035342418975443
0,0,0.2592014797295819
0,0,0.4688819580079225
0,1,0.7612750453651919
1,1,0.5884042827869023
0,0,0.36866793348932775
0,0,0.28178843493285505
1,1,0.7101256350283564
0,0,0.19242963566727217
0,0,0.4511254495802566
0,0,0.12606473254922315
1,1,0.5232384002938278
0,0,0.38102264355116383
0,0,0.055571345782222024
0,0,0.4243812213130749
1,0,0.09300162633943992
0,0,0.22261110948467677
0,0,0.4768888612022864
0,0,0.3059247763517194
0,0,0.45247695105117003
1,1,0.7949065311450343
1,1,0.5293380506817603
0,0,0.3097416316789739
0,1,0.7009832640546554
0,1,0.8424198563336996
0,0,0.32060638839424205
0,0,0.2154192593336606
0,0,0.4756624366789226
0,1,0.6317748627752592
0,0,0.44586154082044727
0,0,0.1425854775561322
0,1,0.7003645962434222
0,0,0.4235104355552645
0,1,0.60157761235928
0,0,0.2835764498768506
0,1,0.6415202463404038
1,1,0.6073752310275023
0,1,0.6628522535392011
0,0,0.41867641415234014
0,0,0.3412007313566093
0,0,0.45214116844298635
0,0,0.3279773767637781
0,0,0.27547620979269594
0,0,0.4889112141958698
0,0,0.08599857025952684
0,0,0.47182611301596183
0,1,0.8577459896277111
0,0,0.42249630220540124
0,1,0.5238703394044498
0,1,0.7379469902695995
0,1,0.6873120495930441
0,0,0.3929438174623805
0,1,0.5115663245435611
0,0,0.2714052699324395
0,1,0.6893775460532864
0,0,0.06450290693125514
0,0,0.45162824628905557
0,0,0.42943358210639015
0,1,0.6157081964459609
0,0,0.3983022074780978
0,1,0.6303235819280003
0,0,0.27761343979150727
0,0,0.31131548551570837
1,1,0.6019589402828911
0,1,0.5191065759586206
0,1,0.5762735430978965
0,0,0.4284329607340284
0,0,0.24203147572047692
1,1,0.6616127814997006
0,1,0.8839648006607985
0,1,0.627768491053772
0,1,0.5126402174477125
0,0,0.2810385513822065
0,1,0.5603190095005564
0,0,0.31976861266787
0,1,0.5901829501918074
0,0,0.3716258579625852
0,0,0.45372619755905635
0,0,0.491968711802333
0,0,0.4729282128019341
0,0,0.017625801943431035
0,1,0.5847034741122759
0,1,0.6854059635159819
0,0,0.14598890113269317
0,1,0.8019796765360456
0,1,0.5263330422357472
1,0,0.49183476481521793
0,0,0.1716826358736415
0,1,0.5558801423274549
0,1,0.5335807942159477
0,0,0.3888865809634462
0,0,0.35529392756110956
1,1,0.59523343739935
0,1,0.6857943904423732
1,1,0.6974110932730886
0,0,0.48341304560274106
0,0,0.40198139943874434
0,0,0.48930889254957133
0,0,0.30160105743208093
0,1,0.6061516768339372
0,0,0.4422955626859383
0,0,0.15316735974966247
1,0,0.30088656785715073
0,0,0.34606328214456056
1,0,0.4970170620441237
0,1,0.6628175058551864
0,1,0.613509211642666
0,1,0.5935496584874326
0,0,0.44831839007126595
0,0,0.4132784829767391
0,0,0.07728904959838236
0,0,0.39705821995987056
0,1,0.6560704461652621
0,0,0.23764042277250425
0,0,0.2988561611673864
0,0,0.4779400921595393
0,0,0.4445511506055185
0,0,0.4495217876706439
0,1,0.6366098386079714
0,0,0.34050003222371344
0,0,0.14917582960157874
0,0,0.41136537974158105
0,1,0.7334194682856195
0,0,0.43386432529948554
0,0,0.43876403166941647
1,0,0.3371969559481852
0,1,0.7568354369229288
0,1,0.5462483993635752
0,0,0.37876274824866485
0,1,0.963689398518783
0,0,0.44572334768882843
0,1,0.9046119872927881
0,0,0.49617094936749145
0,1,0.5178397317085632
0,0,0.47207552456023116
0,1,0.7386056312774363
0,1,0.5421876647206261
0,0,0.4808481116399618
0,1,0.5767955901582591
1,0,0.48122363902184423
0,0,0.29988445683648274
0,0,0.4001926744502945
0,0,0.2523738527977035
0,1,0.830231405274596
0,0,0.2844455828376611
0,1,0.677621079805015
0,0,0.43786055079730046
0,1,0.7241096169491253
0,1,0.5809813506406861
0,1,0.6347594996837207
0,0,0.37133341743130865
0,0,0.37310717197882676
0,0,0.38001441944152936
0,0,0.4101842028049323
0,1,0.6752957844875562
0,0,0.4512599728486671
0,0,0.051140314930652464
0,0,0.357908210440567
0,1,0.6099277214867463
0,0,0.24156838372354883
0,1,0.677468888392732
1,1,0.7990543287036532
0,1,0.5712159791587168
0,0,0.3443691551813503
0,0,0.40053981724898896
0,1,0.5008750364907479
0,1,0.57869266379561
0,0,0.34940424427370725
0,0,0.2401300583733071
0,1,0.5119941048941666
0,0,0.3658158946088185
0,0,0.13712840432020132
0,0,0.4875852196933287
0,0,0.34131678387497055
0,1,0.5798489773338934
1,0,0.3934888792365243
0,1,0.661219924292305
0,0,0.2782592536522263
0,0,0.0966211906762316
0,0,0.27641105229290813
0,0,0.29927463358824774
0,1,0.5735157992658007
0,0,0.29512797707718136
0,0,0.1830721243246074
0,0,0.24382116648951616
0,1,0.6136163748662808
0,0,0.4973070071911752
0,0,0.41996648132408765
0,1,0.5372502603534227
0,1,0.5271674297125687
0,0,0.38874756587328135
0,0,0.17430007192304145
0,0,0.29948805611612395
0,0,0.32727240179085065
0,0,0.33785221256423653
0,0,0.4939995512376023
0,1,0.8826752476330131
0,0,0.16823043444737315
0,1,0.5969555682526946
0,0,0.4134007309900304
0,0,0.31038996950218056
0,0,0.3862122283488714
0,0,0.17511959484828643
0,1,0.6310807099547767
0,0,0.3534357156957867
0,0,0.2340206385491089
0,0,0.46602845676653615
0,0,0.28500472635685875
0,1,0.5058241277798466
0,1,0.8713440331758613
0,0,0.477858056946579
0,0,0.37555416517032253
0,0,0.3402688490567244
0,0,0.3793838752872318
0,0,0.2736118366495235
0,1,0.7329738360619974
0,0,0.23671189733674242
0,0,0.3061527787731625
0,1,0.5267622011675104
0,1,0.5807379797763459
0,0,0.3581835616735236
0,0,0.41633259182582033
1,1,0.7082022441484542
0,1,0.5885633538622669
0,0,0.3871208861380852
0,1,0.6760199069536303
0,0,0.43086125483773313
1,0,0.2950753215524735
0,0,0.46344675564319543
0,1,0.6043768017403492
0,1,0.5961267834995734
0,1,0.7562388554850678
0,0,0.32083957829676707
0,0,0.39037545602972973
0,0,0.3647110181783134
0,0,0.2178490183326369
0,0,0.49212549266993044
0,0,0.17818914301032274
0,0,0.2911302630224366
0,1,0.5133403529930716
0,1,0.5688551895530519
0,0,0.2221412821582849
0,0,0.43252417087408385
0,0,0.3848294924196658
0,1,0.563596315593862
0,1,0.6008006493571997
0,0,0.07266870940649416
0,0,0.3604022816187281
0,0,0.0784144287005397
0,0,0.4284992628282568
0,0,0.25012450106945033
1,1,0.6148407144569773
0,0,0.27302346287981605
1,0,0.44078808906093
0,0,0.40674152104473005
0,0,0.15931893016665122
0,0,0.48573687372995866
0,1,0.5778101347974084
0,0,0.3679453897311377
0,0,0.23506107648169283
1,1,0.6592062436541564
1,0,0.45573762007007523
0,1,0.5278842603345252
0,0,0.44891706056523634
1,0,0.4199540974696688
1,0,0.3281897443387466
0,0,0.4282594959811775
0,1,0.6551525202603032
0,0,0.4200405412983747
0,1,0.854302673844214
0,0,0.4521390399344112
0,1,0.8198747734412442
0,0,0.14981177033469242
0,1,0.5069158632580368
0,0,0.3419790101271407
0,0,0.4441559020330806
0,0,0.29204329323562445
0,0,0.45159282152487096
0,1,0.5785624412625415
0,1,0.6100266810184379
0,1,0.5467669408557188
0,0,0.4410376460437144
0,1,0.6826431396499748
0,0,0.3533792255067963
0,0,0.363953820947233
0,0,0.3280661616394627
0,1,0.5035910135076356
0,1,0.643679738882147
0,0,0.38097650329909744
0,0,0.3719550765684542
0,1,0.5283986590757062
0,0,0.18381624478193037
0,0,0.12581996595067288
0,0,0.33116719882184337
0,1,0.572863753451335
0,0,0.32353506791232706
0,0,0.2888613044859903
0,0,0.18089399036409254
1,1,0.911982230647635
0,0,0.4179897886221886
0,1,0.8005081718914207
0,0,0.3172542134631487
0,1,0.6340234483747109
1,1,0.5074145619901497
0,0,0.23627397368320086
0,0,0.4178552252093117
0,0,0.37525269114880044
1,1,0.6933284358307674
0,0,0.41771172156217007
1,1,0.7202395726081215
0,0,0.3696438393823275
0,0,0.18850852288301223
0,0,0.49372978643992793
0,1,0.5048573329230959
0,0,0.3245141455531037
1,1,0.6038051636879191
0,0,0.4899187771882223
0,0,0.2981446038839284
0,0,0.2701216694991124
0,1,0.5204818881867836
0,0,0.4612468670104896
0,0,0.2456403705096997
1,1,0.5015550544105504
0,0,0.09955521014477975
0,0,0.357765594234074
0,0,0.37211413356753864
0,1,0.6499060088016628
0,0,0.38585856614224706
0,0,0.28470753719305536
0,1,0.7093387292340737
0,1,0.7610774312246466
1,1,0.6412738553427116
0,0,0.19339823112822366
0,0,0.27254954681174487
0,1,0.5808068351962329
0,0,0.40189891272850975
0,0,0.47210346960508176
0,0,0.262372384141148
0,1,0.5290425228533477
0,0,0.481761464008632
0,0,0.4987288341200494
0,0,0.18445967734000218
1,1,0.5066827863901536
0,0,0.4552541673710859
0,0,0.2964745543526601
0,1,0.8453868653842112
0,0,0.4903255241327696
1,1,0.6317790476188614
0,0,0.47241568025748965
0,1,0.5626800099052542
0,1,0.503378087923417
0,0,0.38859067553419385
0,0,0.010623922813877687
0,0,0.4726099594762603
0,0,0.2548515930625871
1,1,0.5595758730785735
0,0,0.3643067517648322
0,0,0.31339768032848486
0,1,0.6118410473676984
0,0,0.4489388862390752
0,0,0.42317264034924335
0,1,0.6383500504014531
0,1,0.6552599325633954
0,1,0.5021248748495929
0,0,0.45129352731341255
0,0,0.19480975955770685
0,0,0.2986644429310444
0,0,0.20853025076634465
0,0,0.4494375352720907
0,0,0.4503511215894702
0,0,0.2499194721870449
0,0,0.4817921515140054
1,1,0.8110443773883022
0,0,0.24873784742897587
0,0,0.3298433302125749
0,0,0.25795541870055394
0,0,0.38835769715626817
0,1,0.5578859786555326
1,0,0.3837956475170713
0,1,0.8530797915484004
0,1,0.6958291107665062
1,0,0.3727036174851643
0,1,0.5431743973120029
0,1,0.5218179104217698
0,0,0.22224838228304816
1,0,0.35960337356334987
0,0,0.3105604120685646
0,0,0.49323309420087064
0,0,0.4895883653924692
0,0,0.34432282906542
0,1,0.6118353766559277
0,0,0.165576541408081
0,0,0.49404285801046055
0,0,0.26327660008066006
0,1,0.5103930751463474
0,0,0.40418058563400006
0,0,0.44077772156390366
0,1,0.5718341871343229
0,0,0.26400750881103424
0,1,0.5003179296000247
0,0,0.31315022620790617
0,0,0.39428484430263666
0,0,0.2900520751053842
0,0,0.21533364695366244
0,1,0.7701420712117228
0,0,0.2614208856628778
0,1,0.6727907978498906
0,1,0.5930938027088666
0,0,0.4419859403907217
0,0,0.26112771320068145
0,0,0.28225339001127603
0,0,0.3584382106659757
1,0,0.4177237187047557
1,0,0.4503775726857793
0,0,0.2697028490644764
0,0,0.3625532271628019
0,1,0.6467130677653572
0,1,0.8054028877810704
0,1,0.5020618650636214
0,0,0.37821828658182144
0,1,0.5927281122229837
0,0,0.49233199640064923
0,0,0.4018412292934635
0,0,0.09676246399357459
0,0,0.014595558648786231
0,0,0.2721909239512892
0,0,0.4017139099100224
0,1,0.5434578616036395
0,1,0.7234700347063111
0,0,0.37429303455931273
0,1,0.776161918300113
0,1,0.5513006167954738
0,0,0.2282408316861411
0,0,0.49492838284800156
0,1,0.6656082716217762
0,0,0.4995162868558911
0,0,0.47138031919384454
0,0,0.37617223784829645
0,0,0.34111102988552233
0,0,0.41559822635496535
0,1,0.6762167354477873
0,1,0.6201727806625906
0,0,0.4507846754252884
0,0,0.3580623436969844
0,1,0.5327089128301694
0,0,0.022990598527220706
0,0,0.45226227055528245
0,0,0.40725743174884926
0,1,0.6727855580844146
0,0,0.34484557501888397
0,1,0.6278040352110256
0,1,0.6500719576480024
0,1,0.5648454054350676
0,0,0.49621092321177973
0,0,0.18897181210506556
0,0,0.4987312250942454
1,0,0.4279309295591193
0,0,0.40978635122587975
0,0,0.4680643377486715
0,0,0.46404919164791075
0,1,0.5305942808163783
0,0,0.40939171541925923
0,1,0.6119339213576153
0,1,0.6554677445570917
0,0,0.34231366504666316
0,0,0.3356700119629504
0,0,0.3632437479680912
0,0,0.38734172545369144
0,0,0.36791224011158913
1,1,0.8112813196473966
0,1,0.50496815014613
0,0,0.40887459769437323
1,1,0.5025290001149315
0,0,0.49032958343748273
0,1,0.8375544612528276
0,0,0.4086205731400855
0,0,0.4169455591169229
0,0,0.4625751282761546
0,0,0.33232913412047693
0,1,0.561909654120232
0,1,0.583372026691566
0,0,0.15372482830931658
0,0,0.37186030636523637
0,0,0.35166386060212396
0,0,0.3855310338843469
0,0,0.48541512160240785
0,1,0.6900302294816244
0,0,0.009859879857201877
0,0,0.29745035659999053
0,1,0.5009618450157635
1,1,0.5602405711673403
0,0,0.42514131716820003
0,0,0.48135009808223544
0,0,0.1766257937531264
0,0,0.48567123090339215
0,1,0.6057008188360385
0,1,0.5909276949267375
0,0,0.4650859834961802
0,0,0.45616018534323344
0,0,0.44809151267099007
0,1,0.7133174888670174
0,0,0.40444322146486694
0,1,0.623643144689818
0,0,0.37762218220892657
0,0,0.40568469134648283
0,1,0.7500315125685727
0,0,0.3517790600590125
0,0,0.31071558599653054
0,0,0.34199567804319353
0,0,0.44658539197983
0,0,0.24677159778406138
0,0,0.3550791762132481
0,1,0.705047944306006
0,0,0.3823598053616632
0,1,0.7200499655612222
0,0,0.32601221158058125
0,0,0.21475958674965284
1,0,0.44662066428369146
0,1,0.6255285460562364
0,0,0.1784598952342321
0,0,0.4962206632326423
0,0,0.3977517733818371
0,0,0.31951465115218236
0,0,0.3659928530296292
0,1,0.6677101170085297
0,0,0.2942272596525452
0,1,0.7357260881123263
0,0,0.49084736370677085
0,0,0.37933988412950137
1,0,0.13142347513838049
0,0,0.3837186611166078
0,1,0.5361712032431543
0,1,0.8543490783241995
0,0,0.3625408121832353
0,1,0.5423148604457733
0,0,0.39814800296988606
0,0,0.49595072826758385
0,1,0.643817810480784
0,0,0.302708658661516
0,0,0.3293055534576868
0,0,0.37367836044944175
0,0,0.202013308598379
0,0,0.0074267460054839324
0,1,0.8087522345970055
0,1,0.5281985746495671
0,0,0.4909925420893444
0,1,0.5927710354724737
0,0,0.48233008255602705
0,0,0.16542536336224722
0,1,0.6699115609044681
0,0,0.37884266433852415
0,0,0.15869931348474237
0,0,0.4473881727782839
0,0,0.2795142049324651
0,0,0.4032573770315349
0,1,0.5336402866443184
0,0,0.3231857195380206
0,0,0.48299472799106097
0,0,0.28161477096332255
0,0,0.11286854718197838
0,1,0.5113574624886894
0,0,0.39049225759189804
0,0,0.4679776431652629
0,1,0.663968120933283
0,0,0.46508557716647864
1,0,0.3505660790674601
1,1,0.5103741580034507
0,0,0.4042311220287629
0,0,0.31378053497847025
0,0,0.41584097817695015
0,0,0.49404890373004356
1,0,0.3745572935628785
0,0,0.489601638162582
0,0,0.2934660767145671
0,1,0.5175748142213219
0,0,0.44556961269117595
1,1,0.5298315777750113
0,0,0.46458124421221897
0,0,0.4919403590255133
0,0,0.16957978503296897
0,1,0.5316220674227176
0,1,0.5107252893065751
0,1,0.6323510701614679
0,0,0.26469438643315163
0,1,0.5927230101767106
0,0,0.48869878276170275
0,1,0.533782319945506
0,1,0.6599637575602619
0,1,0.5839486066707598
0,1,0.6510690205460883
0,1,0.6142840049838943
0,0,0.4496954454377771
0,0,0.40940909489318017
0,0,0.3098941089067877
0,1,0.6504554123525328
0,0,0.47181293350748676
1,0,0.3722354505011446
0,0,0.21932030150934972
0,1,0.6521665504561391
0,0,0.40702143149404063
1,0,0.43009505827382843
0,0,0.21700436465953973
1,1,0.5146082178383753
0,0,0.1088029268262211
0,0,0.3810296314090094
1,1,0.5097436648357913
1,1,0.8126744356107191
0,0,0.477673993787596
0,1,0.5108994682832864
0,0,0.28900775353400765
0,1,0.5709969361360115
0,0,0.25317816789104824
0,0,0.45018613331408
0,0,0.14607430961637421
0,1,0.8669720312728973
0,0,0.4301319966028957
0,1,0.5644506887979918
0,1,0.5248836477423651
1,1,0.6506954831146051
0,0,0.34939309306975336
0,0,0.34461005387195986
0,1,0.6044587851115443
0,1,0.5504633301788343
0,1,0.6968667182919576
0,0,0.22729689187103339
0,0,0.13869797958869035
0,0,0.25893808595728124
0,1,0.615815801810324
0,0,0.4559163357043482
0,0,0.24713068774199723
0,0,0.2773941732555532
0,1,0.5710403752154608
0,0,0.30129088648488833
1,0,0.36649522279924274
0,0,0.22160153838662863
0,0,0.27305521187363796
0,0,0.4461139021862613
0,1,0.5846839899151437
0,0,0.1935913499327412
0,0,0.47154185602255755
0,0,0.3608787959259518
0,0,0.2948277722904626
0,1,0.5362022831651988
1,1,0.8508980709981244
0,1,0.7839677131454403
0,1,0.8367103614440861
0,0,0.4681989209144899
0,0,0.39649898477896317
0,1,0.5576910057864285
0,1,0.5654626206061041
0,0,0.44701413045761046
0,1,0.6300011653847447
0,0,0.2415483436907909
0,0,0.2576297986208607
1,0,0.28008272700027287
0,1,0.5687415856658565
0,0,0.3811319221902801
0,0,0.3406779497892891
0,1,0.677771695718055
1,1,0.5812337326054996
0,1,0.5471931082952486
0,1,0.7668940703792422
0,1,0.6528558140458084
0,0,0.4857911764804549
0,0,0.3933256716019552
0,0,0.3801915782291283
0,1,0.8681035685768357
0,0,0.45894375963355133
0,0,0.28553551790838827
1,1,0.8762247436702537
0,0,0.47755036884614005
0,0,0.45340071955366407
0,1,0.559591491935079
1,0,0.2539665263806251
0,1,0.6402665376055965
0,1,0.5982517755278797
0,0,0.3659634718189291
0,1,0.7302043549837749
0,1,0.7468252454068204
0,0,0.3586653890680203
0,1,0.5623508704210334
0,0,0.24156755819921646
1,1,0.6326261838264563
0,0,0.4505446719499398
0,0,0.1647372183108833
0,1,0.7473998227710418
0,0,0.3592267724220893
0,0,0.4726742665617068
0,1,0.7689708017429443
0,0,0.41771385184909604
0,1,0.7913003733738568
0,0,0.4716740141233153
0,0,0.3363119581222521
0,0,0.4652468435814154
0,0,0.33775005499916055
0,0,0.21835585255967577
0,0,0.41489976870843687
0,0,0.4188183007075103
0,1,0.6175845533829858
0,0,0.25943080940225893
0,1,0.6553673494867869
1,1,0.8360992496402656
1,0,0.3888991639020286
0,0,0.2231665543286894
0,0,0.2996593646095162
0,0,0.3756364221232797
0,1,0.836198169733013
0,1,0.6444573205309717
0,1,0.5439921391676559
0,1,0.5425507619596383
0,0,0.40210364768391893
0,1,0.614815976185993
1,0,0.3074424248839283
0,0,0.33917037844195147
0,1,0.8006848897178449
0,1,0.5029498556805216
0,0,0.28229736755985985
0,1,0.5426367899396201
1,1,0.6376059332824359
0,0,0.3796605438897899
0,1,0.5682743886644858
0,1,0.6570499322044219
0,0,0.49955178266592665
0,1,0.5065905466585892
0,1,0.5998974974122104
0,0,0.43095325511123694
1,1,0.5731360607564068
0,1,0.6283976355969687
0,1,0.560632935628111
0,0,0.16615239506868149
0,0,0.44049883017525054
0,1,0.6655021089050396
0,0,0.42937853852605545
0,0,0.3989045706676191
1,0,0.3521397252444743
1,1,0.8224843682065178
0,0,0.4650489915679338
0,0,0.3467608934190633
0,0,0.32067900412274014
0,1,0.6237664920539167
0,0,0.24443011191114655
0,0,0.15119056198851058
0,1,0.6558119436306478
1,1,0.7039055576253042
0,0,0.37662920897628893
0,0,0.19966243667417888
0,1,0.5366513862446585
0,0,0.47595790190819226
0,0,0.38171015841742933
0,0,0.3193196365077694
0,0,0.3404323893398308
0,1,0.545724902834273
0,1,0.566370383689819
0,0,0.4882712789413927
0,0,0.3369865022600292
0,1,0.7036608426240342
1,1,0.5628422413832541
0,0,0.40245333272306105
0,1,0.533138192508411
0,0,0.2993108948431075
0,1,0.529273387816924
0,0,0.4073653014737467
0,0,0.41648163082505385
0,0,0.18149668608504838
0,1,0.549648962190217
0,0,0.3535982157601225
0,0,0.37151118246792136
0,0,0.1274933536379575
0,0,0.12324876035558374
0,0,0.39364952805137743
0,0,0.4060225159204944
1,1,0.916767099046594
0,1,0.5094390795035327
1,0,0.43322282216945346
0,1,0.506210909792635
0,1,0.663597702977783
0,0,0.26391046359208886
0,1,0.8242124645144587
0,1,0.7763480065082206
0,1,0.5148518865777079
0,0,0.4515203220480671
0,1,0.5768712574132707
0,1,0.5161840647433901
0,0,0.17183533276012958
0,0,0.3943729372850669
0,0,0.2327875557843459
0,0,0.33905875797663937
0,1,0.6072530389570778
0,1,0.7099315356192651
0,1,0.5484631117140808
0,1,0.6010706763082218
0,1,0.8232374564886507
0,0,0.3490659135965297
0,1,0.7847960103017598
0,0,0.4390425336623665
0,0,0.37721925074211254
0,0,0.1325614442534408
0,1,0.601915929729777
0,0,0.3468143878083399
0,0,0.45683593330372163
0,0,0.2709131766586517
0,1,0.6546905769455093
0,1,0.6672284752586655
0,0,0.168485561941188
0,1,0.5321502636350196
0,0,0.2565166036088989
0,1,0.6987153969369189
0,1,0.7107860490602067
0,0,0.18269471488274056
0,0,0.35657629425948734
0,0,0.005142516859619178
0,1,0.6402589650625456
1,1,0.588037529679961
0,0,0.4483488276739707
1,0,0.2515500994952482
0,1,0.5837723588923514
1,1,0.653923636425507
0,1,0.7114360732855335
0,1,0.6707828086752379
0,1,0.5349189345243227
0,0,0.23651747046256694
0,1,0.5369617517319829
0,0,0.24090652318557912
0,0,0.3879679512304036
0,0,0.3829851372357215
0,0,0.45611854189854506
0,0,0.3763451741920742
0,0,0.25758124304015956
0,1,0.5801081254114787
0,1,0.5202706424580507
0,0,0.4212612741146178
0,0,0.4240058350325613
0,1,0.6168556765492865
0,0,0.30438441819175394
0,0,0.37788632636475694
0,1,0.7226862924804808
0,0,0.414668878598908
1,1,0.5255215012325064
0,0,0.4756710406485814
0,0,0.4260634452550557
0,1,0.5833743126369164
1,1,0.6597142118067038
1,1,0.5364871359442035
0,0,0.3386732073588133
0,0,0.2935096297281621
1,1,0.6848054250347024
0,0,0.23757495637075193
0,1,0.6303629954001634
0,1,0.5549686088548258
0,0,0.46207809323652677
0,1,0.6381207865170978
0,0,0.02515073565007858
0,1,0.5722378363058146
1,1,0.8243120531277977
0,0,0.21694660154545692
0,1,0.5147242547733977
0,1,0.5506124350310003
0,1,0.5361512196590893
0,1,0.5331084480312255
0,0,0.4036796844045031
0,0,0.48325113367212275
0,0,0.3476631444559003
0,0,0.25540985555700124
1,1,0.5436558980937594
0,0,0.35540212120854336
0,0,0.3752539312685588
0,0,0.31683496022311086
0,0,0.4270112002040053
1,0,0.4225928945909674
1,1,0.9010934106150026
0,1,0.5851062518252209
0,0,0.18312893263972896
0,1,0.5591130395886411
0,0,0.4064029797735675
0,1,0.8080737986374162
0,1,0.5941460886636846
0,0,0.24260276114142923
0,0,0.3195934920996198
0,1,0.5291434578324272
0,1,0.8967477059308557
0,0,0.41247780916417287
0,0,0.45989489059505906
0,0,0.07446429511386231
1,1,0.5685277748161702
0,0,0.2939632887399047
0,1,0.6806366904430182
0,1,0.9277379508394343
0,0,0.38932174007351705
0,0,0.20314530461500935
0,0,0.4417240657856235
0,0,0.4288245543434882
0,0,0.4171316204963173
0,1,0.5806082989242495
1,1,0.561043036251731
1,0,0.3627540565048788
0,1,0.5624263844870097
1,0,0.4756671023503812
0,0,0.4968885406050694
0,0,0.4093061787325536
0,0,0.35428391172929813
0,0,0.44930727167398243
0,0,0.1707054689954101
0,1,0.5141618168674358
0,1,0.5374662409924208
0,1,0.6122859238755995
0,0,0.454739533465252
0,1,0.6378978355541526
0,0,0.3685306379749922
1,0,0.332090501213854
0,1,0.5182061517524629
0,1,0.5763844765175116
0,0,0.4601145522550087
0,1,0.5110581316874253
0,0,0.4297088358670419
0,1,0.5907608005453864
1,1,0.8768573929244414
0,1,0.5423539964644498
0,0,0.3308579004057321
0,0,0.3609811460902905
0,0,0.2719424851589003
0,0,0.29042737949005354
0,0,0.34875760778368897
0,0,0.21560414269510103
0,0,0.3411220049001484
0,0,0.4735192648244228
0,0,0.1398363591961103
0,1,0.7545213387621049
0,0,0.4670713398003342
1,1,0.5552124185302642
0,0,0.33041925866667904
0,0,0.2870687653379209
0,0,0.420685041475617
0,1,0.7284100744213636
0,0,0.4754143209410694
0,0,0.04619784227010109
0,0,0.251237259444976
0,0,0.484003143081445
0,1,0.5539981510425901
0,1,0.6584771591507337
0,0,0.24724164986659838
0,1,0.6445811821510286
0,1,0.5826054082429238
0,0,0.3688516941980238
0,0,0.4730891791272796
0,0,0.4943535441184731
0,1,0.5532829225010801
0,0,0.45500163137249283
0,1,0.5539638991109352
0,1,0.5789766067512802
0,1,0.5383323322706662
0,0,0.12501110182712966
0,1,0.5735157054643577
1,1,0.5584329667338922
0,0,0.301033579180917
0,1,0.6847530171719792
0,1,0.5005869229599306
1,1,0.7441527847555218
0,1,0.5228051238477801
0,1,0.6108767687008907
0,1,0.5232151831663037
0,1,0.716365870329539
1,1,0.810214599280915
1,1,0.5295270008813165
0,1,0.5448267825053617
1,1,0.7873881931730639
1,1,0.7101554008600088
0,1,0.7060979704324131
0,1,0.5920934898296005
0,1,0.5282552079987507
0,0,0.4030526116317203
0,1,0.8481305657229984
0,1,0.5258435920035183
0,1,0.5924329182410386
0,1,0.5140311146446169
0,0,0.22233294082837157
0,0,0.3212003525291688
0,1,0.6249863039634188
0,0,0.4356584295070232
0,1,0.5774406735876852
1,1,0.6427891653603758
0,1,0.5934214688976087
0,1,0.5531091715252617
0,1,0.5489250370427365
0,1,0.5856043213812318
0,0,0.2332172374356192
0,0,0.4442837909434847
0,0,0.34656332909213466
1,1,0.6134405950409196
0,1,0.5636783368872418
0,0,0.3726422095235851
1,1,0.8198156863466665
0,1,0.5334115560961405
0,0,0.20858800381695958
0,0,0.4244106532572317
0,1,0.6498215738998989
0,0,0.4670130086731111
0,0,0.40929787762402575
0,0,0.240714831450696
0,0,0.37048030891939665
0,1,0.5005434068662608
0,0,0.23181789496214722
0,1,0.7356152040685349
0,0,0.43772808472889896
0,0,0.33797799973194975
0,0,0.41371072416232646
0,1,0.5646243015350745
0,0,0.32025859517298
0,0,0.492170351159092
0,0,0.2061343328010241
0,1,0.5716323296593353
0,0,0.3759677183920507
0,1,0.6210339211796447
0,1,0.5793623688076733
0,0,0.48398091812552774
0,0,0.3590700557139932
0,0,0.25507170917302885
0,0,0.4377147499707389
0,0,0.38759620974612236
1,1,0.8009288900346415
0,1,0.6106199279846026
0,1,0.686720833607345
0,0,0.3998973391546624
0,0,0.39230793450378826
0,0,0.22988783093364176
0,0,0.4160151311439111
0,0,0.3153563153513191
0,0,0.4036384759885285
0,1,0.8118714857240034
0,1,0.6412427317429912
0,1,0.5117998340138931
0,0,0.44363928066535424
0,0,0.15882342056299065
0,0,0.2661045769041426
0,0,0.3858759910768887
0,0,0.40773917676048776
1,0,0.2274361789326448
0,0,0.4001291381835376
0,0,0.48004622547009623
0,1,0.5787987715315056
0,0,0.4082000155093978
0,0,0.46970678658612675
0,0,0.40938797787121917
0,0,0.22707124723938543
0,1,0.5511339358917063
0,0,0.009693645544230944
1,1,0.543025807452792
0,0,0.12066110564232574
0,0,0.11747668984644215
0,0,0.09184956420295545
0,0,0.4630021859237399
0,1,0.7075126247560614
0,0,0.3888710275895882
0,1,0.7737486312682047
1,1,0.7648464693010922
0,0,0.17047867485669202
1,1,0.8474038272220694
0,0,0.44338922043293105
0,0,0.1923644821920244
0,1,0.8195575607262181
0,0,0.40574498163795836
0,1,0.5257484467894065
0,0,0.4460607175020064
0,1,0.7027939982443973
0,0,0.363239427494584
0,1,0.5497043043917486
0,1,0.5509349296176156
1,0,0.46573670423904145
0,1,0.6127587074299503
0,1,0.6117713468336979
0,0,0.3288666264122196
0,0,0.4291759448132271
0,0,0.47768929362250323
1,1,0.760354974204741
1,0,0.24629653948627422
0,0,0.45617146530145736
0,0,0.3470300230228906
0,0,0.3672327317148184
0,0,0.33967000193190827
0,0,0.00537286099931606
0,0,0.43283566697868914
0,0,0.2881787403614801
0,1,0.5614573548584454
0,1,0.5067300390174629
0,1,0.5378568697605238
0,1,0.5310248443148491
0,0,0.32630393134691094
0,1,0.6636509558605536
0,1,0.5441359024972284
0,1,0.571279126096913
0,0,0.3513842339615953
0,0,0.3722686553188708
0,1,0.6510921282692096
0,0,0.4724466057175073
0,1,0.5107232920063443
0,1,0.5960055320583465
0,1,0.697756809556566
0,0,0.15184321739666887
0,0,0.008298296403887278
0,0,0.39195008216623894
0,0,0.09322775769099695
0,0,0.2588991932781714
0,1,0.5838990068896595
0,1,0.6416052923656808
0,1,0.6441671609935247
0,0,0.3847010549812622
1,0,0.43449322546575697
0,1,0.5657147730762861
0,0,0.498163805044634
0,0,0.4039548312548775
0,0,0.30313117763603836
0,0,0.42989151961539374
0,0,0.17294855296039754
1,0,0.3856434368251915
0,1,0.5548207254115043
0,0,0.2321496301919584
0,0,0.4150183469325152
0,0,0.2880571490774068
0,0,0.3914639731013844
0,1,0.8508614919325309
0,1,0.609873070633828
1,0,0.287421367259416
0,1,0.5725671170084168
0,0,0.4054831914432552
0,0,0.3481458787003532
0,0,0.17003895880901043
0,0,0.46113663915587083
1,0,0.4515925483499961
0,1,0.7017378871183345
0,0,0.15922787535652938
0,1,0.5762203278731455
1,1,0.5267466728009703
0,0,0.10970711912567972
0,0,0.2413942185975258
0,0,0.37094060860748
0,0,0.3103420944350734
0,0,0.3127563776143097
0,1,0.7714199445071125
0,0,0.4554530929151687
0,0,0.2607215260370794
0,0,0.1773520853004852
0,1,0.6902141242108634
0,1,0.5512083536134929
1,0,0.4289284834763597
0,1,0.6108410331970658
1,1,0.5770095714736526
0,0,0.17851804051904044
1,0,0.3863778705039361
0,0,0.2907418579281618
0,0,0.23911790434348507
0,0,0.28910994183914507
0,0,0.24761683754474564
0,1,0.6469355773918987
0,0,0.2783027617872848
0,0,0.343416197637557
0,0,0.3583672310476577
0,0,0.45540056033481585
0,0,0.30168920730333887
1,0,0.4844498104411453
0,1,0.5433603054992954
0,0,0.01647312756974141
0,0,0.3656169701908554
0,0,0.06446398205729545
0,0,0.2249983289510788
0,0,0.24399992360803666
0,0,0.3193679822908095
0,0,0.4229922750029066
0,0,0.28749722628344737
0,1,0.5780920537718277
0,1,0.5296824645847754
0,0,0.44800536897852145
0,0,0.49438880335202834
0,0,0.15394447341854814
0,0,0.3918783101958687
0,0,0.46016322694139483
0,0,0.4733194228615657
0,1,0.6209323433857394
0,1,0.6637993181971634
0,0,0.3173186110299489
0,1,0.5026939818826753
0,0,0.4858047379290362
0,1,0.8617971646175037
0,1,0.6221380142771527
0,1,0.751826449845351
0,1,0.6931071232653883
0,1,0.7076772882769627
0,0,0.4794008961169459
0,1,0.5928952767724572
0,0,0.10046874590641702
0,1,0.6432877541174299
1,1,0.5771317440220859
0,0,0.3245556315046532
0,1,0.6304932883172527
0,0,0.15767734771309297
0,0,0.2609696227423768
0,0,0.398421315702485
0,0,0.009253660374091378
0,0,0.4320430349668896
0,0,0.28728457986106976
0,1,0.5073692454755938
0,0,0.2593446352350244
0,0,0.39838258070441535
0,0,0.3272666135578899
0,1,0.5372406872412522
0,0,0.39536047909462574
1,0,0.18952165937967536
0,0,0.41144190146514664
0,1,0.6263306175559253
0,1,0.6909296518042896
0,1,0.5972576525180393
0,0,0.4802578811900948
1,1,0.5869266176157829
1,1,0.9455925495945336
0,1,0.5415035252564872
0,1,0.6093904264106139
0,0,0.21579474061997392
0,0,0.47177303248510055
1,0,0.37570197163178326
0,0,0.341962004657683
0,0,0.4957764006570693
0,1,0.6850310532742727
0,0,0.2638144006887883
1,0,0.2936692160857695
0,1,0.5588160057402378
0,0,0.48044052969307965
0,0,0.38789430423386145
0,1,0.5398736204418413
0,1,0.5592265759276606
0,0,0.4494873312151921
0,1,0.5790487341690858
0,1,0.5697908825253809
0,1,0.7872655541966053
0,1,0.6732337862937693
0,0,0.46273500625758696
0,0,0.4982531784960475
0,1,0.7030068879337671
0,1,0.5932522670168938
1,0,0.43856913586301643
0,1,0.7045008251764533
0,0,0.38851959421074655
0,1,0.6755713342998718
0,1,0.5704621470615635
0,0,0.2912176269226689
0,0,0.42342927330661606
1,0,0.4392967854354826
0,0,0.2332420702608496
0,0,0.32602214549858927
0,0,0.3158469840212967
1,1,0.8451976737051178
0,1,0.5887635039531721
0,0,0.4891760208783737
0,1,0.5803495659664001
0,0,0.4762501699218666
0,0,0.4765315069302345
0,0,0.4268753898635753
0,1,0.5129427685255163
0,0,0.1770325720386142
0,1,0.5356555534858386
0,1,0.6738712388900951
1,1,0.6632506814832794
0,1,0.6051417052764008
0,0,0.47913299353207484
0,1,0.5733705949053731
0,1,0.7586896179609404
0,1,0.6631466756072422
0,0,0.28394459829899726
0,0,0.4332901867678231
0,1,0.6438378580738393
0,1,0.5632735874687911
0,1,0.5600964212428806
0,1,0.5451539487238435
0,1,0.8260122661932666
0,0,0.2548402264948335
1,1,0.5575281137781654
0,0,0.3152069671990136
0,1,0.5566974715693231
0,0,0.48722980459208826
0,0,0.4872336771735674
1,1,0.8755232918056833
0,0,0.0025182328240346097
0,0,0.4430681025346929
0,0,0.18692847882084598
0,1,0.5257243979366985
0,0,0.25513603084881215
0,0,0.46160834265032213
0,0,0.40076929600421346
1,1,0.7118601607958798
0,1,0.709271378015173
0,0,0.26870748406755635
0,0,0.4335036242711673
0,0,0.3831109646399175
0,0,0.2680362574912958
0,0,0.4645532528883654
0,0,0.23857839840712416
0,0,0.3999710870387205
0,1,0.5012772308255766
0,1,0.9296386440748241
0,1,0.6572030797121429
0,0,0.3623725526742675
0,1,0.9548540807540157
0,0,0.4376715888816181
0,1,0.5164529498273397
0,1,0.5039710670191007
0,0,0.0715620827252841
0,0,0.35849534312229614
0,0,0.25771868819369265
0,0,0.3759523346225856
0,0,0.005435883505274673
0,0,0.4628444508537391
0,0,0.2525091528139421
0,0,0.34581236877665084
0,0,0.31446281746458676
1,0,0.4565760021788433
0,1,0.795120064210695
0,0,0.24502988020679528
0,0,0.3751188784319427
0,0,0.44404820297430503
0,0,0.3136445995132491
0,0,0.48105480927080546
0,0,0.4026641810393531
0,0,0.2486753498930298
0,0,0.3940571950502928
1,0,0.30834728347576856
0,1,0.65284672334621
0,0,0.3805097106129164
0,1,0.5104804874025158
1,0,0.43573780439425736
0,0,0.4875610091562635
0,0,0.3752579800266712
0,0,0.28205097975938853
0,1,0.6890430034457841
0,1,0.7056904763757131
0,1,0.5885112496677156
0,1,0.5572486889593783
0,0,0.40357806985080896
0,1,0.71180986132201
0,0,0.46676220942369173
0,0,0.45243546976746646
0,0,0.49514780032564465
0,1,0.6381117774686819
0,1,0.6614350993799557
0,0,0.40459324783262113
0,0,0.37247308765339493
0,0,0.3908970185647292
0,0,0.4629643070092614
0,0,0.4112528307375189
0,0,0.2833302984452312
1,1,0.588884742527049
0,0,0.4109860139943675
0,0,0.20043156299705592
0,0,0.40123193541571706
0,1,0.5177676207545465
0,0,0.19714762535954042
0,1,0.7958377033811864
0,0,0.11019657592692791
0,1,0.5996587342609052
0,0,0.3311371807726364
0,0,0.16581477956656862
0,0,0.47068042639308544
0,0,0.44042437132513557
0,1,0.6419977858962834
0,0,0.3639757498221161
0,1,0.7702178979593375
0,1,0.6027239071397853
0,0,0.24208829444379948
0,0,0.0036869265808746766
0,0,0.49731282489802
0,0,0.35405902331592126
0,0,0.102435439312811
0,0,0.27140708144270903
0,0,0.3252525127700964
0,0,0.32806265956505204
1,0,0.461406064283751
0,0,0.41515560584493816
0,0,0.13534903043113716
0,1,0.5147595522882747
0,1,0.5690282953571585
0,0,0.32236717903219775
0,0,0.3493921869119355
0,0,0.409788476755533
0,1,0.5265379655059091
0,0,0.2542431301504581
0,0,0.1604946821658487
0,0,0.30254936836808355
0,0,0.3382181236526977
0,0,0.45148189915773584
0,0,0.34886638558242145
0,1,0.7416217675477322
0,1,0.6389810772726563
0,0,0.3863197902120275
0,0,0.43055864304643765
0,0,0.4838479256129769
0,1,0.9335188262906221
0,1,0.7132704894741084
0,0,0.40152154871300655
0,0,0.35886971206600793
0,1,0.5200112656574468
0,0,0.2921502281681596
0,1,0.9130175495969001
0,0,0.3882782756233968
0,0,0.1628061099808307
0,0,0.44714973819785053
0,0,0.34461992859569446
1,1,0.5121733232753305
0,0,0.49803120502478454
0,0,0.4812871123692163
1,0,0.21025445039048585
0,0,0.477371707647239
1,0,0.4134913838310334
0,0,0.3833863904780175
1,0,0.4904404412200113
0,0,0.42123491432939814
0,1,0.5112305119608563
0,1,0.6895830091399534
0,0,0.2612956346390917
0,0,0.1800286643173968
0,1,0.560651542547556
0,0,0.437210929813367
0,0,0.21782034090766295
0,0,0.4726604718610952
0,1,0.6138117469328443
0,0,0.28771100594123405
0,0,0.39362108749780095
0,0,0.3034830786344201
0,0,0.3587092732175592
0,1,0.6634798687419342
0,1,0.6504201749948785
0,0,0.42315436890905
0,0,0.4293734979978562
0,0,0.16475387229738536
0,0,0.3903456138877895
0,1,0.7732105434501151
1,0,0.36268233487639445
0,1,0.677521880353677
0,0,0.1655681952809798
0,0,0.4978338184320122
0,1,0.565917664247355
0,1,0.525430984010916
0,1,0.5906008567071716
0,0,0.4750910264799387
0,1,0.598759289641621
0,0,0.3322431962441153
0,0,0.26518705180380825
0,1,0.8180126290590181
0,0,0.3382226188973956
0,1,0.7137981101225254
0,1,0.5773824614550012
0,1,0.8608751095587424
0,0,0.3759854720170235
0,0,0.33552225511526884
0,1,0.6034819213377232
0,0,0.4760277444061941
0,0,0.2887646856466754
0,1,0.606812033822176
1,1,0.5990683006795531
0,1,0.6014708517452422
0,1,0.686798641816295
0,1,0.8366019861370291
0,0,0.26250551736850924
0,1,0.9637590445670603
0,0,0.37372014644195095
0,0,0.36403106819466335
0,0,0.2713045761992531
0,0,0.17623926432173923
0,1,0.6250865851813167
0,0,0.30977022299618046
0,0,0.4510149434449164
0,0,0.2562711702432144
0,0,0.3061508795692143
1,0,0.4663417952584683
0,1,0.6327682857129849
0,0,0.43316501886062286
0,0,0.43861990711935744
0,0,0.33374590631843565
0,0,0.42101876566539115
0,1,0.5552682484709747
0,0,0.3284770439307118
0,0,0.3786020708436099
0,1,0.5199160381265698
0,0,0.3949402319162891
0,0,0.42516920761806437
0,1,0.5614962967271884
0,1,0.59914423947518
0,1,0.6911363857685868
0,1,0.5308739356953467
0,0,0.4091288843759686
1,1,0.5560835261327904
0,0,0.18129787521457913
0,1,0.6528107687778898
0,0,0.40850318975901145
0,0,0.36470887787419337
0,1,0.5120121062720869
0,0,0.4059500108554327
0,0,0.24704536270771785
0,1,0.5018518430567025
0,1,0.5121575582467428
0,1,0.504602636288152
0,0,0.20841591403841905
1,1,0.8604878306242333
0,1,0.537509428117812
0,1,0.7297928857738477
0,0,0.42164326141475433
0,0,0.14211859062285287
0,1,0.5600902849798158
0,0,0.40723365439395426
0,0,0.47706013227389676
0,0,0.24968019686346934
0,0,0.004169710491201692
0,0,0.30045355175695915
0,1,0.6031143960318499
0,0,0.36863021742525665
0,0,0.34712972972155
0,0,0.34683066873797186
1,1,0.5298744252829932
0,0,0.29082557791764657
0,0,0.4666740873550247
0,0,0.26178378585757034
0,1,0.5318825042464953
0,0,0.2829086458220977
0,1,0.6322570692733575
0,1,0.5688129489676224
0,0,0.4528183811829701
0,0,0.30177372625485904
0,0,0.31417783807722005
0,1,0.7154129898032955
0,1,0.6713316286540039
0,0,0.4422525455991932
0,1,0.7429458905786033
0,0,0.2419914201869274
0,0,0.218268787836308
0,0,0.4356065715230044
0,0,0.27831814480067113
1,0,0.3995870641259475
0,0,0.4153790536642242
0,1,0.8236335640600057
0,0,0.4087403556332722
0,1,0.5695765572621473
0,1,0.6443251027728959
0,0,0.3865942535771475
0,0,0.35860457819126784
0,0,0.48368662991465333
0,0,0.4817638830687996
0,0,0.3770955592590924
0,0,0.29023395052754947
0,0,0.30176313114681325
0,0,0.32271415840988854
0,1,0.5365697464950139
0,0,0.3831972997916187
0,0,0.49263842879063896
0,0,0.4114346430505352
0,1,0.6287304910634159
0,1,0.6345775043870517
0,1,0.5220924523652452
0,1,0.7280428073040377
0,1,0.5627321931668561
0,1,0.6236570017058791
0,0,0.4294055161132527
0,1,0.7038623923377676
0,1,0.602864008855707
0,0,0.4602091823014824
0,1,0.7352890390902821
0,0,0.49551835702935965
0,0,0.43729458780012226
0,0,0.445181978180675
0,0,0.22901564318816753
0,1,0.65922066675784
0,0,0.26571280530524144
0,0,0.29044147878659454
0,0,0.4035500916518484
0,0,0.478388735771941
1,1,0.6643831755184606
0,0,0.4236044272570101
0,1,0.5234150970131498
0,0,0.26115246504736733
0,0,0.40663599165296865
0,0,0.3524790058990187
0,1,0.5444862955405788
0,0,0.26374260861880966
0,0,0.28336406571249995
0,1,0.544352090915686
0,0,0.36255785326895396
0,1,0.5361181209856802
0,0,0.2173927541134696
0,1,0.9411135217909843
0,1,0.6220508575386098
0,0,0.2606617690447544
0,1,0.6267782288965797
0,1,0.6083342473974025
0,0,0.21709796097128234
0,0,0.4658231150003108
0,1,0.5734422071298602
0,0,0.1448650936345994
0,1,0.8582067688470988
0,0,0.2501133293130425
0,0,0.39884157639123075
0,0,0.40822687484446113
0,0,0.303707851588846
0,0,0.35772610953497747
0,0,0.425170077525956
0,1,0.5201613657646448
0,1,0.5200090102109473
0,1,0.505331264454373
0,1,0.8065062905615745
0,1,0.9057901629431635
0,1,0.5922396030511521
0,0,0.42970371084869075
0,0,0.3218951759730318
0,1,0.5552477421785357
0,0,0.24594704004991472
0,0,0.38596874385820384
0,1,0.5504127316450276
0,0,0.4256050159759946
1,1,0.626442067890607
0,0,0.3952325569702747
0,0,0.3316357910863694
0,1,0.6380032260197293
0,0,0.3523608705575285
0,0,0.3275677415515242
0,0,0.45696624732085617
0,1,0.5970410376195471
0,1,0.7967660714572171
0,1,0.6269413585024007
0,0,0.2873481914925416
0,0,0.30068669106483564
0,0,0.2850751820482225
0,0,0.41793000767443883
0,1,0.5047648849787586
0,0,0.0030751493870439022
0,1,0.5491822724329372
1,1,0.5864143838457743
0,0,0.2836284308847712
0,0,0.3747495579953066
0,0,0.3758690609461654
0,0,0.4490193913984239
0,0,0.4818273539852465
0,0,0.20875473833017155
0,1,0.7469547203868981
0,1,0.5743792824723052
1,1,0.7140785703565963
0,0,0.4463025730802711
0,1,0.511099683394187
0,1,0.7610570379699585
0,0,0.4111209742410465
0,0,0.2984596197926598
0,0,0.4218463309430529
0,0,0.46641874345635054
0,0,0.36197125332984753
0,1,0.505470007388755
1,0,0.49005623666300835
0,1,0.6032064606748498
0,1,0.6820046944948835
0,0,0.3697152093032066
0,1,0.5229323405432755
0,1,0.5395160952753616
0,1,0.5332880534096608
0,0,0.32990045272534063
1,1,0.7118529712425081
0,0,0.2503134516464951
0,0,0.20146055059214563
0,1,0.5872676915934762
0,1,0.7015504001425088
0,0,0.297726012674512
0,0,0.18279473841216823
1,0,0.1008218912125461
0,0,0.11432077271435559
0,1,0.529027989243999
0,0,0.2527902285127936
0,0,0.22808224570470922
0,0,0.49141130020274953
0,1,0.5426369350728861
0,0,0.3522755321253801
0,0,0.31708369489972954
0,0,0.24379336883592773
0,1,0.876227946595554
0,0,0.31130175131949606
0,0,0.39023099784873116
0,0,0.42197050677700587
1,1,0.7170823146463834
0,0,0.31142587900511143
0,0,0.4217201578148949
0,0,0.2402878169724813
0,1,0.7094260749484094
0,0,0.3221487568245008
1,1,0.8185275756666297
0,1,0.5457943286977415
1,1,0.808390329765995
0,0,0.3011223450657752
0,0,0.32228722766499673
0,1,0.6305455504629214
0,0,0.1894739007982088
1,1,0.6835770552225833
0,0,0.38715234979474095
0,1,0.5640563115623408
0,0,0.00846063364729928
1,0,0.4937780767823933
0,0,0.4101762229449782
0,0,0.40583052350775956
1,1,0.6812868834903459
0,0,0.19397263393528508
0,1,0.6425496528250895
0,0,0.3935744860621659
0,0,0.37741995673428874
0,0,0.008035493207331056
0,0,0.4871145827251585
0,0,0.250866607466393
0,0,0.408379947744281
0,1,0.500321423180437
0,0,0.4647452828563742
0,1,0.6509998905834754
1,1,0.5206989992064719
1,1,0.5254419211809946
0,1,0.5520517611979467
1,1,0.5045815214793308
0,0,0.45220344377440946
0,0,0.45777365988061425
0,0,0.3898927055558407
0,0,0.1031149007394555
0,1,0.5123030977517432
0,0,0.33205038403001413
0,0,0.39724597123282596
0,0,0.32419776915908527
0,1,0.5479398142753515
0,1,0.789955779629309
0,0,0.15433675225730764
0,1,0.610286733252705
0,0,0.34070225751745614
0,0,0.34362708202584946
1,1,0.5936275420199176
0,0,0.218384436867111
0,1,0.665044187231894
0,1,0.5546654954261095
0,1,0.6506706278663832
0,1,0.5327616145105959
0,0,0.37365555499165043
0,1,0.5574608442129285
0,0,0.38704437001894804
0,0,0.004848105741642541
0,1,0.6594494697366096
0,1,0.6054618277769597
1,0,0.2325451545277729
0,1,0.7159137882937182
0,1,0.5627235699498114
0,0,0.4521652224669589
0,0,0.39246441939163906
0,0,0.1209300795573622
0,1,0.6013431170530763
0,0,0.4375362513722294
0,1,0.6491614500998041
0,0,0.3724010997997755
0,0,0.15175602227089788
0,0,0.1274719983421896
1,1,0.6796474878200499
1,1,0.5874705694616753
0,0,0.4158550893101065
0,1,0.8579961261740655
1,1,0.5534678491795049
0,0,0.3018786481505589
0,1,0.5965934121091171
1,1,0.6117731732449876
0,0,0.46454273713952676
0,1,0.5042221201625235
0,1,0.5368867229371769
0,0,0.3801877078831945
0,1,0.7136861603521626
0,0,0.32455808914178624
0,1,0.7037342342684587
0,1,0.559040386332454
0,0,0.46502876959595174
0,0,0.4426153327680906
0,0,0.3025690204783984
0,1,0.900119052861895
0,1,0.6756851074501554
0,0,0.277102605176525
0,0,0.48693834159718347
1,1,0.8713742986804559
1,1,0.6048933201688218
0,1,0.5310558394134185
0,0,0.41677327617904514
0,1,0.950071904366845
0,0,0.3068090036475757
0,0,0.4421378987945328
0,1,0.6510588927372216
1,0,0.3533017062905581
0,0,0.29033585954518454
0,0,0.4508583639262868
0,0,0.4134058146457165
0,0,0.06975291579109867
0,1,0.5724284770511441
0,1,0.5320407922645716
0,1,0.5020400251727465
0,1,0.7712792802504356
0,1,0.6468865521578842
0,1,0.5549796786613029
0,0,0.4722666001044455
0,0,0.16562275630940881
0,1,0.504390461212324
0,0,0.43413900047950066
0,1,0.5045746390401724
0,0,0.34451588756752394
0,0,0.3873058345970639
0,1,0.5759267113370352
0,0,0.3596926272414298
1,1,0.6095588568510371
0,1,0.6396206174923067
1,0,0.4790230348036663
0,0,0.393187059451978
0,0,0.490184906941917
0,0,0.304591707955773
0,0,0.3891506410884342
0,1,0.5378887429806338
0,0,0.45877116784118965
0,1,0.6329284839877581
0,1,0.6404997037821265
0,0,0.003419156938744207
0,0,0.3560543118659214
0,0,0.34876864012946096
0,0,0.3310931517926026
0,0,0.427480275280095
0,0,0.3497910415114444
0,0,0.20423883323648193
0,0,0.3097557563960116
0,1,0.5209547838638915
0,0,0.3575440274195698
1,0,0.4584353344049071
1,0,0.45164942185199364
0,0,0.4324886622887537
0,1,0.6785194145916501
0,1,0.6636368751904123
0,1,0.5679553091146312
1,0,0.23226803491096734
0,0,0.2963999265800407
0,0,0.42825714840392254
0,0,0.45074000763954325
0,0,0.10406028563440559
0,0,0.3678977364900986
1,0,0.42888589711104397
0,0,0.4585989261237955
0,1,0.7172693091706878
0,0,0.3750555096643175
0,0,0.004707627719404892
0,0,0.4708367284848527
0,0,0.2942329046985289
0,0,0.43750567554655456
0,1,0.8297926373862198
0,0,0.4823607039421754
0,0,0.3668080089512716
0,0,0.21633836741205603
0,1,0.545529898973293
0,0,0.4909829629996177
0,0,0.22835557439889972
1,0,0.4461471426005257
0,0,0.3334422127888941
0,1,0.7424024786340441
0,0,0.13506631879935294
1,0,0.264682483983687
0,1,0.7079093918206674
0,1,0.5214723910227846
0,0,0.19909027678358496
0,0,0.48544707483522487
0,1,0.5132259289014286
0,0,0.4916863128380525
1,0,0.2601230662029552
0,1,0.5241920942560948
0,1,0.602766842525536
1,0,0.48172204835010435
0,1,0.508263810023076
0,0,0.34881909413371953
0,1,0.5424219991138625
0,0,0.44993011625548374
0,1,0.542168601156045
0,1,0.5368472947883463
0,1,0.6934737310612519
0,0,0.37613153099614044
0,1,0.5348704266686293
1,1,0.5156939184783793
1,0,0.34818981178919506
0,1,0.542518036887421
0,0,0.36120685498252186
0,0,0.21119572773808637
0,1,0.5579500398335724
0,1,0.8409027591646854
0,0,0.4880883522611902
0,0,0.2872785862941397
0,0,0.3833997981544724
0,0,0.39679094965838374
0,0,0.2574399299212807
0,0,0.3493240497202079
0,0,0.46274951126858277
0,0,0.08934705332053663
0,0,0.19390564139537048
0,0,0.4585682660634948
0,1,0.5195866496619229
0,0,0.44209662527064314
0,0,0.41181365664452
0,0,0.37545769681914354
0,1,0.7468463821545135
0,0,0.3583693716060836
0,0,0.48960117711984297
0,1,0.656681402529006
0,0,0.35130162542472876
0,1,0.5681982508113298
0,0,0.4224454973325795
0,0,0.48430865284993335
0,1,0.569488674244032
0,0,0.4167624960445501
0,1,0.7965484575851627
0,0,0.26868993265714985
0,1,0.6177191037585373
0,1,0.9025975045389649
0,0,0.23357873142252095
0,0,0.46198116546468493
0,0,0.4041410864558472
1,1,0.6069626390025377
0,1,0.6523952282678702
0,0,0.48663672701927174
1,1,0.5645720041986352
0,1,0.7859476415334358
1,1,0.6751545999217996
0,1,0.556939308986795
0,1,0.8612381790920072
0,0,0.27328249027767076
0,0,0.002763343145345376
0,0,0.1783433729437895
0,0,0.31695084150885344
0,0,0.14397093062322786
0,1,0.5443691699666793
0,0,0.2196770443982898
0,1,0.5727460015784362
0,1,0.6944304921184011
0,0,0.4317852899200754
0,0,0.3110831520076306
0,0,0.3942467649849586
0,0,0.4896641888102776
0,1,0.6075357191027876
0,0,0.4552373125226131
0,1,0.5435794291200723
1,1,0.6884218220863132
0,0,0.336334574401935
0,1,0.5444122391833293
0,1,0.5280148160713595
0,0,0.3642465316815475
1,1,0.6898887002795644
0,0,0.45962730608032193
0,0,0.2974035701610502
0,0,0.32692935060210004
0,1,0.6037804648324302
1,0,0.16936437396545836
0,0,0.15034205729669234
0,0,0.11250066807039098
0,0,0.250446191411714
0,1,0.5444668668497815
0,0,0.46976177556344423
0,1,0.5375216107412498
1,0,0.39890923764906844
0,1,0.7942864221340785
1,0,0.31286328562410953
0,0,0.37406238390405516
0,1,0.5507483035830335
0,0,0.2772506425728318
0,0,0.30765149217851034
0,1,0.5457325614059833
0,0,0.33333499741351563
0,1,0.5125004198550869
0,0,0.42726642728688546
0,1,0.5876084571613025
0,0,0.48771374095268544
1,0,0.26144910756669204
0,0,0.30614766202037674
0,0,0.38977044762701335
0,0,0.33069435444227935
0,1,0.5663552501200629
0,1,0.621848932292232
0,1,0.6206834779368543
0,0,0.45942474963127106
0,0,0.22553212169845122
0,1,0.6034744917588647
0,1,0.5367804452800932
0,0,0.1687349371186979
0,0,0.4623800035743738
0,0,0.08872132134588326
0,0,0.11478382636610365
0,0,0.46668766557064295
1,1,0.6194677276356604
0,0,0.45419754155545
1,0,0.3682245581761976
0,0,0.005575925445477234
0,0,0.374707893153488
0,1,0.8618703017317698
0,0,0.31533731643404234
0,0,0.29211905157264273
0,0,0.07870184643433795
0,0,0.16262941415514165
0,1,0.6501699186751813
0,0,0.3213347893680513
0,1,0.6051327844815928
0,0,0.33839787333593957
0,1,0.5044609823942269
0,0,0.26546535186499753
0,0,0.3029362179372822
0,1,0.5170277541037593
0,0,0.4540642916409262
0,0,0.39329397796814664
0,0,0.4824848193418251
0,1,0.7424431595800178
0,0,0.35331314091025123
0,0,0.3978127504369448
1,0,0.4748610094732992
0,1,0.6511164246876353
0,0,0.1724710927248008
0,0,0.44347463633082707
1,0,0.4260972914359933
0,0,0.27594675266818525
0,1,0.8359538404888122
1,1,0.70375718559354
0,1,0.5376807775493581
0,1,0.5326957624685953
0,0,0.3562918402180425
0,0,0.2113305831706329
0,1,0.8402545416227194
0,0,0.42029341101027123
0,1,0.5552812817444844
0,0,0.2687727747941401
0,1,0.568665390080455
0,1,0.7080765676166592
0,0,0.31625300195949496
1,1,0.7156692406027516
0,0,0.17771826549976602
0,1,0.8120793788757211
0,0,0.3639982341732186
0,0,0.3597799715730193
0,0,0.35699725331491433
0,1,0.5559694386540519
0,0,0.28360097650754473
0,0,0.22679017562561207
0,0,0.2938829480833969
0,1,0.860766531976047
0,0,0.1667516175506312
0,0,0.267243428588713
0,0,0.48307545491571235
1,1,0.6480494559260235
0,0,0.35965898736923746
0,1,0.7726455467047746
0,1,0.5613891755477882
0,1,0.595942889268072
0,0,0.4981064312182831
0,0,0.4293393109466491
0,1,0.663466109015687
0,0,0.4875894273048006
0,0,0.40388801876003844
0,1,0.517671325798119
0,1,0.5950603358666885
0,1,0.6685465238101626
0,0,0.0754466427660384
0,1,0.5419506460299301
0,1,0.5262868506219323
0,0,0.4519748021262674
0,0,0.010275460048261997
0,1,0.6962987212247294
0,1,0.609960254635901
0,1,0.6756846220030516
0,0,0.3948006123032222
0,1,0.5052391685799138
0,1,0.7451278918251911
0,0,0.3271330308893552
1,0,0.39551595218855745
0,1,0.5909859346128611
0,0,0.41437092673939796
0,1,0.5093050934710721
0,1,0.7358584196771323
0,0,0.45164211832300827
0,1,0.6721034222761767
0,0,0.11792717954666379
0,0,0.36737053322937185
0,0,0.2563839958061297
0,0,0.29720476958733666
1,0,0.31813312308102304
0,1,0.5486153372834981
0,0,0.14471764830754164
0,1,0.5338077382151889
0,1,0.6407019237535752
0,0,0.16463585089496915
0,0,0.4097554130905965
0,1,0.5499843330830024
0,0,0.1768016439379153
0,1,0.7762120856370823
0,0,0.3259750310615572
0,1,0.5377222920807939
0,1,0.5170832996015899
0,0,0.3348909469654719
0,0,0.3298452429551019
0,1,0.6341227254247336
0,1,0.5181587402173099
0,0,0.3579091027804033
0,1,0.582544572696136
0,1,0.8404032355677326
0,1,0.7545804458133867
0,0,0.4714022513310207
0,0,0.48858769692039655
0,0,0.4527897238924577
0,0,0.45850031211344666
0,0,0.27612563046621835
1,1,0.5273019423344583
0,0,0.3896650197162683
0,0,0.4421853834032778
0,0,0.4632537243934971
1,0,0.4286535314615687
0,0,0.45066885461322664
1,1,0.8388016551689257
0,0,0.43305724630529846
1,1,0.7961281428848976
0,0,0.496249686123694
1,1,0.7622638909679956
0,1,0.7817763182859939
0,0,0.45817511863063415
0,1,0.5081946976908538
0,1,0.5667037086438448
0,0,0.31114159872981506
0,1,0.687661558907246
0,0,0.388424542757232
0,0,0.445230330898562
0,1,0.58106537003395
1,1,0.6617978879182822
0,1,0.5766268527730785
0,1,0.5668289207683795
0,0,0.4245593690044183
0,1,0.6463484354956625
0,0,0.33246221334152865
0,0,0.48367901296857807
1,1,0.6847844514598211
0,0,0.2703376482893919
0,0,0.32772825202432104
0,0,0.42875148517598594
1,1,0.5164795154817002
0,0,0.2879739466809262
1,1,0.580433034297918
0,0,0.353691048183601
0,0,0.49510740454129804
0,1,0.9154135376723781
0,1,0.7222274926453396
0,0,0.4320724866610081
0,0,0.27216728513026756
0,0,0.2866317268171143
0,0,0.49998007904990177
0,1,0.5614656161637575
0,1,0.5466243537694339
0,0,0.2861242797481915
0,0,0.3192126049760788
0,0,0.44471238097729376
0,1,0.5490527019131034
0,0,0.46458720731766284
0,1,0.5789602230803603
0,1,0.5987090326665934
0,1,0.5632445544530522
0,1,0.6027300108391629
0,1,0.6166906465571153
0,0,0.20637573458273956
0,0,0.26031464174591334
0,0,0.40844363847590476
1,1,0.565436778460623
0,1,0.5060738868995712
0,0,0.16877100976234735
0,0,0.3892516614298943
0,1,0.5030837073940961
0,0,0.4203986667514099
0,0,0.4789384263716928
0,1,0.6123140941763061
0,0,0.48448711186400434
0,0,0.17518927542977153
0,1,0.5084540173786628
0,1,0.5876930558332994
0,1,0.5951748281065519
0,0,0.33078180845762845
0,0,0.22623744126031628
0,0,0.3229344562877149
0,0,0.43267214529534986
1,1,0.8875487568614047
0,1,0.674872957369441
0,1,0.7707407219745211
0,0,0.24128532365166822
0,0,0.21222082463296213
0,1,0.6270509414984068
0,0,0.30179925983473577
0,0,0.2294226943208648
0,1,0.5298687321586217
0,0,0.03131377742498336
0,0,0.23064543327757933
0,0,0.4933409568672615
0,0,0.4173768856001251
0,0,0.4489578604459806
0,0,0.4673622532069702
0,0,0.3695464858493942
1,1,0.9714173364574691
0,0,0.22118217511343002
0,1,0.7617706166755897
0,0,0.27771728903051573
0,0,0.3874010652193506
1,1,0.5587981909663433
0,0,0.34233738693541815
0,1,0.5345921967289251
1,1,0.6047944972309565
0,0,0.47980772129949956
0,1,0.5796956013351067
0,1,0.6026681541815965
0,0,0.16882292162701495
0,1,0.5187601028643927
0,0,0.39353211177558517
0,1,0.5756419949279042
0,0,0.24462596025128389
0,1,0.5926237878153365
0,0,0.4701771981522626
0,0,0.4624068306042753
0,1,0.9365751396329028
0,0,0.48669742872548327
0,0,0.4432651655916522
0,1,0.5499781409243417
0,0,0.3842064631227637
0,0,0.48419574537134674
1,1,0.629630253304735
0,1,0.6321167989066729
0,0,0.3261912307514882
0,0,0.4089533079508993
0,0,0.36799610605586164
0,1,0.583798345915494
0,1,0.5122881172064956
0,0,0.15294009918249404
0,0,0.41671177169872964
0,0,0.3689348181398292
0,0,0.006065466630822964
0,0,0.4095769207912276
0,1,0.6272184246248886
0,1,0.5374609871344813
0,0,0.34575420621875785
0,1,0.6888861596831856
0,1,0.8942854559192279
0,0,0.47093952962790786
0,0,0.41697292399641805
0,1,0.7778328750460255
0,0,0.47867866973547835
0,1,0.5883647152973458
0,0,0.09869764437104943
0,1,0.5395754964065291
0,0,0.3607525739731842
1,0,0.3732450485785608
0,0,0.44140485951770575
0,1,0.5828838620093486
0,0,0.486280067670851
1,1,0.6020028155112203
0,0,0.38053979903435003
0,0,0.3020336665068078
1,0,0.41712981066091853
0,1,0.664588705826217
0,1,0.5109461804670332
0,0,0.38047376674872835
0,0,0.4280114604924861
1,0,0.39404715397989676
0,0,0.48100656376644013
0,1,0.5073623152047045
0,1,0.5623242785085915
0,1,0.5666557867935114
0,0,0.13646527028663466
1,1,0.6338401360667825
0,0,0.415246824093046
0,0,0.4001396057742702
0,1,0.8315386904418426
0,0,0.01367435260603203
0,0,0.33157648722512345
0,0,0.26083640643634487
0,0,0.408646015787809
0,1,0.5039757705875891
0,1,0.638492161582207
0,0,0.46684814534574565
0,1,0.5544880613411666
0,0,0.4467889873570962
0,1,0.5455132974601609
0,1,0.6595766382301019
0,0,0.2642584269986999
0,1,0.7259144887032003
0,0,0.37319336866578395
0,0,0.24827125667771513
0,0,0.4880986995420447
0,0,0.4910177792662932
0,1,0.5045428577599961
0,1,0.7389815000735306
0,1,0.7557169087203982
0,1,0.5567594973577809
0,0,0.30199728471383164
0,0,0.25235468900572916
0,0,0.23922899343680562
0,0,0.26504193620380434
0,1,0.5859560178030824
0,1,0.5468689860300344
0,0,0.3075959807554953
0,0,0.41720406334028154
0,1,0.6683703021112791
0,0,0.0026212514234730633
1,1,0.5412009889461682
0,1,0.5052115600876882
0,0,0.3385836184114665
0,0,0.29948560588200696
0,0,0.34331169438883946
0,1,0.6505711357331789
0,1,0.5565195601889376
0,0,0.36537485988719687
0,0,0.30299412911666557
0,1,0.6908110774098637
0,0,0.3376211635285506
0,1,0.5631130314911794
0,1,0.540689097745033
0,0,0.46476291588816865
0,1,0.6101537915261924
0,1,0.6447081967760921
0,0,0.48646908521950655
0,0,0.486045058334257
1,1,0.6788033067280739
0,0,0.43301984833238355
0,0,0.29777833322316427
0,1,0.6322206076196539
0,0,0.45784597619025835
0,0,0.4458841275998708
0,0,0.40602340996939773
1,1,0.7724508687003754
1,1,0.7351574449003224
0,1,0.6285548393460986
0,0,0.3374185596924453
0,0,0.437966474956217
0,1,0.5664872222254794
0,1,0.6754285098853996
0,1,0.7311388025973593
0,0,0.3503042541404679
0,0,0.429470807502185
0,1,0.5103244980105308
0,1,0.5179827503627089
0,0,0.3699382081818174
0,1,0.672367041909959
0,0,0.46865528353331926
0,0,0.323295469413398
0,0,0.1847809748803147
0,1,0.5835519822664458
0,0,0.2759052739529173
1,0,0.4619790669914592
0,0,0.2930310844067214
0,0,0.4111246105703964
0,0,0.31345823954863306
1,0,0.21509848331010992
0,1,0.5836624955034528
0,1,0.7245586826161041
0,0,0.41275061437918475
0,0,0.4862314246030308
0,0,0.3787563243698525
0,0,0.43685215929623583
0,0,0.4835157249319542
0,0,0.3223109895860803
0,1,0.5305269601747208
0,1,0.5678592833068131
0,0,0.3883605582788097
0,0,0.006308940233244688
0,0,0.25542904891429796
0,0,0.4032449064844211
0,0,0.31241605878680745
0,1,0.6872752607828054
0,0,0.38034007733521774
0,1,0.679611765851777
0,0,0.2726680814971472
0,0,0.3204193540528927
0,0,0.4020732104676756
0,1,0.7960695620661933
0,1,0.5741398000359628
0,1,0.5360360002307445
0,0,0.2153278344764567
0,1,0.5402915442675493
0,0,0.3536061727845185
0,0,0.45031498880977866
0,0,0.33662723539838707
0,0,0.49462302217367127
0,1,0.6173276063027139
0,0,0.14259592858196204
0,0,0.37599390198579613
0,0,0.36959319005258484
0,0,0.40424900760674265
0,0,0.2559428210947525
1,1,0.7987648838868594
0,0,0.3813118988710698
0,1,0.5384050643793423
0,0,0.147122172272677
1,1,0.7765810408540776
0,0,0.45152776858853827
0,1,0.5704552331192142
1,0,0.46903218031094646
0,1,0.7303283178756076
0,1,0.6726382736201247
0,0,0.4052634706705639
0,0,0.32680979716704284
0,0,0.20448853713339948
0,1,0.7974965031317368
0,1,0.7192030787909426
0,1,0.6208282380075804
0,0,0.38630684807506127
0,0,0.3103789881940531
0,0,0.44596794562900616
0,1,0.5203241468436429
0,0,0.370736286150556
0,1,0.5493330820131472
0,1,0.6013970017583203
0,0,0.2873008418694479
0,1,0.516552423277073
0,1,0.5597582158514048
0,0,0.41758469326199604
0,1,0.5609787780567572
1,1,0.8350620362184595
0,0,0.4850928037357573
0,0,0.2510877438643873
0,0,0.27418799393877163
0,0,0.4902902911808659
0,0,0.47781810942541864
0,0,0.3067073246863576
1,0,0.2769036821946998
0,0,0.23274585296087627
0,1,0.7049964080146562
0,0,0.28503519244626374
0,1,0.5916892196846811
0,0,0.20309679704806943
0,0,0.3882246145606944
0,1,0.573942788651285
0,1,0.6607263445450245
1,1,0.6913289851246259
0,0,0.47556220392408044
1,1,0.5627153996953695
0,1,0.8940125893119611
0,0,0.34383899195660883
0,1,0.522975031117928
0,1,0.5786895014145981
0,1,0.5685276700196514
0,0,0.47397095014856294
0,0,0.33458998410892393
0,0,0.42745172353726535
0,0,0.2965023730229623
1,0,0.3248212202060295
0,0,0.43381099255554345
0,1,0.6103746001560061
1,1,0.5783231785236415
0,1,0.7259654409118451
0,0,0.12061301131044284
0,0,0.3219788173361063
0,0,0.49959845941020997
0,0,0.3958397646274451
0,1,0.7098018641459817
0,0,0.4548091750603685
0,1,0.7057009218325752
1,0,0.2890620112644659
0,1,0.8887643281236265
0,1,0.6762693763934925
0,0,0.0794422356437955
1,0,0.27733685564458144
0,0,0.2561030444853898
0,1,0.6036905208375298
0,1,0.6775368771548547
0,0,0.4238440298780838
1,0,0.34351604026743576
0,1,0.6557220241379806
0,1,0.5113398011077105
0,0,0.4871116647993978
0,1,0.6231413984609686
0,1,0.7032841825474965
0,1,0.6074066548178341
0,1,0.5133506228422173
0,0,0.2918200560563577
1,1,0.6914362067493136
1,1,0.5096369878446058
0,1,0.6335376895944776
0,0,0.27875316656892146
0,0,0.44972738010988594
0,0,0.3160900902664969
0,1,0.5747235100577702
0,1,0.6369040415433488
0,0,0.3715307919102411
0,1,0.8096453394556721
0,0,0.3542828017533581
0,0,0.3390323982310524
0,1,0.5803098501229894
0,0,0.39990629697903485
0,1,0.5149309908627097
0,0,0.45150568261862845
0,1,0.7577271707897786
0,0,0.3789008257425444
1,0,0.4622643976586653
1,0,0.3778297478703771
1,0,0.3679575860298624
0,0,0.20809485832055005
0,0,0.2144903097064439
0,0,0.1493745619826644
0,1,0.510745169340536
0,1,0.5485334945985292
0,0,0.48045794094696376
0,1,0.5754016137804273
0,1,0.5891810014926275
0,0,0.2598223169360436
0,0,0.4800279235358466
0,0,0.4271985878776508
0,0,0.2627587450066737
0,0,0.4734147989636214
0,1,0.6583675116842614
0,1,0.6087980960745928
0,0,0.029698812891516543
0,0,0.12347148544949922
0,1,0.5985077833999726
0,1,0.7720136945215929
0,0,0.42093626380388416
0,0,0.4425576254050924
1,1,0.669744176649011
0,0,0.058700649098809024
0,1,0.721826256641189
0,0,0.3024336978273719
0,0,0.36442412967563387
0,0,0.3817655174490246
0,0,0.2453051795843738
0,0,0.41846314345239927
0,1,0.6416789138964824
0,1,0.6336157726972733
0,1,0.6274711174524945
0,0,0.3655344475800386
0,0,0.32735634334013336
0,0,0.12736773668502624
0,0,0.1911699701106339
0,0,0.34001178413185584
0,0,0.4030053765416982
0,0,0.3777982191620179
0,0,0.0028121268040676244
1,1,0.5186004802727062
0,0,0.3424686670494021
0,0,0.30094797259201567
0,0,0.27856747430879136
0,0,0.47062231396868187
0,0,0.3331296368391948
0,1,0.6686396883497225
0,1,0.6977149662037694
0,1,0.7155443124038227
0,1,0.6954313245101946
0,1,0.5302734761179971
0,0,0.4085766679011528
0,1,0.5489908038675197
1,1,0.8677380923577769
0,0,0.27211407483009237
1,0,0.3685261174079246
0,0,0.4819249229817491
0,0,0.39201318515002453
0,1,0.6184748737434836
0,0,0.3456595212164146
0,0,0.23027546421489636
1,1,0.7225351597013793
1,0,0.36208945128764686
0,0,0.28826386714294183
0,0,0.40643113018148797
0,0,0.49180880505252245
0,1,0.874661287531324
0,0,0.005683663488823748
0,1,0.6881076710110254
0,0,0.18472005094549826
0,0,0.31086633934668406
0,1,0.6719223885125407
0,0,0.37815095994525116
0,0,0.4662059401886166
0,0,0.46863549044349434
0,0,0.00755955150609894
0,0,0.3960808682502871
0,0,0.4635128771280176
1,1,0.9642572491626631
1,1,0.5018602010410959
0,0,0.3363611705407016
0,0,0.2932332119133953
1,1,0.6894039558484124
0,1,0.7235537185712883
0,1,0.6704259147800773
0,1,0.7081891574599841
0,0,0.3085088472453898
0,0,0.4289402231294538
0,0,0.39317199782737605
1,0,0.39899808646713475
1,0,0.2973626475892222
0,0,0.38055798817676395
0,0,0.40056436844012744
0,0,0.4079431753054161
0,1,0.6131458100785274
0,0,0.2558122395792593
0,0,0.2249428263315119
0,0,0.3855248166042582
0,0,0.33422459886915395
0,1,0.5065147484169739
1,1,0.5362987066913306
0,0,0.39967649042278824
0,0,0.2778644948654174
0,1,0.6088339382256523
0,0,0.4477724450067952
0,0,0.315693110493732
0,1,0.8273869921374862
0,0,0.2722220954437492
1,1,0.7404608739916867
1,0,0.47746884008535717
0,0,0.3623588649907253
1,1,0.877101292258169
0,0,0.3507133999037248
0,0,0.18587474740096904
0,0,0.454123312096801
0,0,0.3098481735302126
0,1,0.8017969707593637
0,0,0.4145871233107197
0,0,0.30692690354600144
0,0,0.2805637506207399
0,0,0.4939980521315686
0,1,0.5878217069822573
1,0,0.421121591865618
0,0,0.4487923126524414
0,0,0.46601961577431666
0,0,0.3186314678585994
0,0,0.13180729354704795
0,0,0.4181017643238801
0,1,0.5386264066063972
0,1,0.746684267270661
0,0,0.4367158257084301
0,0,0.4702294517746721
0,0,0.4760426475734776
1,0,0.39770184419014143
0,0,0.39945734321752036
0,0,0.203016207063769
1,0,0.40407626744759045
0,0,0.24517289518958627
0,1,0.5385964714742901
0,1,0.8239940354550298
0,1,0.5694188341935553
0,1,0.539129593700094
0,0,0.3668401963148066
0,0,0.25440911195572097
0,1,0.6607028389280643
0,1,0.8845024161021099
0,1,0.7545182774097692
0,1,0.8720483762558484
1,1,0.6668212971588365
0,0,0.2931728077524745
0,1,0.5658958833565287
0,1,0.5210023227879252
0,0,0.3661700351519616
0,0,0.37385808097810946
0,1,0.8690887997240312
0,1,0.5393548091038817
0,1,0.5504805564997061
0,1,0.5250457942252227
0,1,0.653951426890011
0,1,0.6124406190073376
0,1,0.5257844936367522
1,0,0.35210483792306085
0,1,0.5499337319466191
1,0,0.418674471263511
0,1,0.5075648215551265
0,1,0.6993005918995561
0,0,0.1868094913085514
0,0,0.3179580899769708
0,0,0.3439827382106268
1,1,0.5831702119746011
1,1,0.757116463511019
0,0,0.41012952941667236
0,0,0.4175953180633472
0,0,0.3633329615071428
0,1,0.58552000116742
0,0,0.45265911867053266
0,0,0.28862001140656535
0,1,0.5155567797797774
0,1,0.5072626243584819
0,1,0.9467593109016601
0,1,0.5868094776937687
0,0,0.49477125786475856
0,0,0.3620859637761091
0,1,0.6209672415514428
0,0,0.006198125517219306
0,0,0.27121358057888234
0,0,0.499030525464259
0,1,0.5609526482255939
1,1,0.5310677487070509
0,0,0.2917836941926733
0,0,0.42742406147689854
0,0,0.48412429449092065
0,1,0.5660683244325937
0,0,0.42316250770138913
0,1,0.5945205831814717
0,1,0.6967889801467891
0,0,0.2788649681688318
0,0,0.3211646466255414
0,1,0.5354565493434946
0,1,0.5754279794591723
0,0,0.19435913016198675
0,0,0.38608856511368767
1,1,0.7367442052683687
0,1,0.5135494050459789
1,0,0.10855516095299265
1,0,0.45688656506972714
0,0,0.40588845726631495
0,0,0.39952641431981734
0,0,0.4462740001849848
0,0,0.28933172731990203
0,1,0.7916620783952428
0,1,0.6071166584512819
0,1,0.6358907473158255
0,0,0.3608255555366103
0,1,0.677724015499553
0,1,0.6283369792538843
0,1,0.6487633640372789
0,0,0.29372556601555727
0,0,0.48265105472286224
0,1,0.6196368601150695
0,1,0.6176647880009448
0,1,0.8035714917161456
0,0,0.4657427972623694
0,1,0.5059417698115349
0,1,0.5224653665908762
0,0,0.4955851927160545
0,1,0.530216103155759
0,0,0.35659382611025003
0,1,0.5208559545101371
0,0,0.14465552319151032
0,0,0.3130597266320427
0,1,0.5920180194599538
0,1,0.5324122615871578
0,1,0.6121071385226503
0,1,0.7020280476462356
0,0,0.24821069388991487
0,1,0.5926025758639342
0,0,0.2889124847397281
0,0,0.29298905285015203
1,0,0.46290742303607696
0,0,0.08251050350410462
0,0,0.37985429824160666
0,0,0.47160511497106683
0,0,0.38466067117020053
0,0,0.1680353297743046
0,0,0.288132424150047
0,0,0.37091449453270353
0,0,0.1757357205892941
0,1,0.6279079123316549
0,0,0.48649949669095416
1,1,0.7223949765552589
0,0,0.3451826958544174
0,1,0.6112048230995023
0,0,0.2655571535080673
0,1,0.550781154349511
0,1,0.545049358988091
0,0,0.29044903360281626
0,0,0.3238770250885159
1,1,0.6425203272279387
1,1,0.5948694312705868
0,0,0.38916883647685546
0,0,0.3231478291194676
0,0,0.12177920347889815
0,0,0.14626984421173206
0,0,0.1299321956792133
0,0,0.4929991444140551
0,0,0.49938102776937987
0,0,0.10041318996966189
0,0,0.4508661286662556
0,1,0.6608214912428447
0,0,0.36074032635535513
1,1,0.6084083800968038
0,0,0.3596765027276014
0,1,0.6538867776569945
0,0,0.15116529330530945
0,0,0.47307829794951173
0,1,0.505522264160722
0,0,0.31268468759308304
0,0,0.33662803495585314
0,0,0.477912128122891
0,0,0.040899150192479264
0,0,0.4553382363177113
0,0,0.4232290927835217
0,0,0.3786853658785904
0,1,0.6399729428538554
0,0,0.46586152902836275
0,0,0.491136888122169
0,1,0.6248173125068849
0,0,0.12315465268614895
0,0,0.48271669586668337
0,0,0.15255805362123595
0,0,0.28301666786197144
0,0,0.42765121643940407
0,0,0.3760028741726284
0,0,0.3995048341439205
1,1,0.7060835677011884
0,0,0.3424128802946569
0,1,0.596007402999345
0,0,0.021167144516050607
1,0,0.46726538696291053
0,1,0.7293827328675255
0,0,0.44737514811307366
0,1,0.6448988070899706
0,0,0.45856178185564817
0,0,0.33299471546542003
0,1,0.7688404999041455
0,0,0.4052835925821213
0,1,0.5894880320415264
0,1,0.8824664622983299
0,0,0.41589084479650296
0,0,0.3806895743646279
0,0,0.31810923062158003
1,1,0.5975822143131524
0,0,0.36585252417315767
0,0,0.23961419431788988
0,0,0.18813099933144725
0,1,0.7074575292187258
0,0,0.4358736124838564
1,1,0.5178449936979838
0,0,0.3868026771750648
0,0,0.3682842225166846
0,0,0.4196869100862264
0,1,0.5183181291955682
0,0,0.4114205922092628
0,0,0.4310218508072029
0,0,0.36505426194780105
1,1,0.9413387372171158
0,1,0.6230545428226849
0,0,0.3436445812655038
0,0,0.32718625179920807
0,1,0.9142040385768719
0,1,0.8699525269330588
0,0,0.45466574388153747
0,0,0.47996085256029175
1,1,0.7948428700220007
0,1,0.5684766343252204
0,1,0.5212010404807883
0,0,0.055064488773268944
1,1,0.5620664592837994
0,1,0.5281034539795972
0,0,0.007203478445096614
0,0,0.19122378434838028
0,0,0.3121626940538745
0,1,0.5680057278794529
0,0,0.2225011507580408
0,0,0.19505811120166128
0,0,0.46773823992792984
0,0,0.2511471055659256
0,0,0.2099810495281105
0,0,0.13673326788192952
0,1,0.6063890348241909
0,0,0.46250213754865355
0,1,0.695815983453673
1,1,0.5976603431268621
0,0,0.49503883027582485
0,0,0.0053569810175768265
0,1,0.6590842101230083
0,0,0.4895933692579458
0,0,0.30214332573572217
1,1,0.5011226810609495
0,0,0.29837138165588695
0,0,0.3622848550337244
1,1,0.6965605898967867
0,0,0.4031379099882457
0,1,0.5559832105880964
0,1,0.6122835967491816
0,1,0.5064920603458711
0,1,0.5823496184085987
0,0,0.17196957839730279
0,0,0.4832691481237407
0,0,0.2738246053652183
0,0,0.4892225492083209
0,0,0.003846611625020149
0,0,0.3579908389320913
0,1,0.7562454670038136
0,0,0.3533251229764069
0,0,0.46710770632998977
0,1,0.5465835999869699
0,1,0.5586151118697866
0,0,0.2555601631912765
0,0,0.20291340675761796
0,0,0.4465025113985664
0,1,0.6022932455270668
0,0,0.441630846019065
0,0,0.2598601490801385
1,1,0.7167736784273473
0,0,0.24774887969838372
0,0,0.29856616572044237
0,0,0.37680139337375046
0,0,0.33740242536099446
0,0,0.24645613823731416
0,1,0.8037784451234018
0,0,0.383481981750048
0,0,0.3989390453768879
0,0,0.006085557046926953
0,0,0.32706638808569755
0,0,0.27242992735770166
0,0,0.12132538651265563
0,0,0.31139407623877763
1,1,0.5673288934954074
0,0,0.29975039692683003
1,1,0.6273500848077407
0,0,0.38744648698123185
0,0,0.3514294620634567
0,1,0.7017115860504034
0,0,0.3245616621275989
0,1,0.7601181549464368
0,0,0.46848494326353407
1,0,0.32840425334257844
0,0,0.3009142130928194
0,1,0.6614544721133824
0,1,0.563639717533342
0,0,0.48080990238667437
0,0,0.3278986185209592
0,0,0.21738022956863878
0,0,0.0022598148270847915
0,0,0.2625009855757903
0,0,0.27756514544366406
0,0,0.44986034238112216
0,1,0.7690508681131782
0,1,0.6444531291459864
1,1,0.5291386368463576
0,0,0.004583899366585008
0,0,0.41085135054844757
0,1,0.7856058359023141
0,0,0.3767203573306256
0,0,0.33729663575307683
0,0,0.4314071388573981
0,0,0.3861212455760078
0,1,0.7063851155849038
0,0,0.3233759032353824
0,0,0.47384950639116014
0,0,0.2888648541927887
0,1,0.5610837409569195
0,0,0.4379533803607801
0,0,0.40550469622879615
0,1,0.5028508198729321
0,0,0.4826505829917483
0,0,0.3800863507826918
0,0,0.22471822063148336
1,0,0.4234961217272488
0,0,0.3627600841531273
0,1,0.5578590163135351
0,0,0.47311086980427747
0,0,0.4675491686373487
1,0,0.42088580578284934
0,0,0.27063832711963554
0,0,0.41156200090445355
0,1,0.5666956470888489
0,1,0.7446426572856493
0,0,0.43541869051907384
0,0,0.062109743372151215
0,1,0.613902967250901
0,0,0.3396088686234359
0,0,0.005257083834096248
1,1,0.5736651861392854
0,1,0.5168513222820545
0,0,0.20221688770613397
0,0,0.4077243184661341
0,0,0.38088769966939795
0,0,0.29500714044268694
0,0,0.33880894517859306
0,0,0.01233576019459472
0,0,0.14515974161778042
0,0,0.41694963803093427
0,0,0.4211249400052537
0,0,0.35406624512683255
0,1,0.5622176557321864
0,1,0.5696007054622129
1,0,0.47650048445251625
1,1,0.826693666863673
0,0,0.23329081741206742
1,1,0.5964768481290772
0,0,0.1462298531736113
0,0,0.47564897611969403
0,0,0.14405521908950977
0,0,0.3656278251556686
0,1,0.641064270476356
0,0,0.40666199614990256
1,1,0.5188156043759865
0,0,0.425214703646157
0,1,0.7053423122938283
1,0,0.2735728461149655
0,0,0.3777383129230026
0,0,0.2821882870362621
0,1,0.5169817027182663
1,1,0.7559898893353293
0,1,0.5970799531661741
0,1,0.8845606686374455
0,0,0.2313181662734934
0,0,0.1493016511279142
0,1,0.519388915270324
0,0,0.4625808052930155
1,0,0.288949967605918
1,1,0.6637938409113843
1,0,0.4275082113109667
0,0,0.4091345206912735
0,1,0.5611502891716247
0,1,0.5313383088762031
0,0,0.30081109662913547
0,0,0.20652264845190918
0,1,0.5283903884175114
0,1,0.5117107874922131
0,1,0.6120167056543644
0,0,0.28891913061457036
0,0,0.3120190074634062
0,0,0.39245250965992534
0,0,0.04259959795228241
0,0,0.2700984194943617
0,0,0.22935581040499722
0,1,0.6475744958758658
0,0,0.003288327065925212
0,0,0.35131982703516507
0,1,0.7199252814861652
0,0,0.345183693671794
0,0,0.0033117525157277984
0,0,0.3937637668916831
0,0,0.28852467763427814
0,0,0.23457165791651186
0,1,0.8141434828949773
0,1,0.662577766276624
0,0,0.264852067709824
0,1,0.5334752713942124
0,0,0.4101110043011242
0,0,0.3597459161853767
0,1,0.5437211682044334
0,1,0.5945655263256484
0,0,0.38451474873208835
1,0,0.37427303159933784
0,0,0.4893017066422008
0,0,0.38000743526912695
0,0,0.4749160169722058
1,1,0.9092790137966826
0,1,0.5349577455372235
0,0,0.47319447018435934
0,0,0.253889685678785
0,0,0.3097440297749494
0,1,0.731004516688173
0,1,0.7793052625937872
0,1,0.6372283540683624
0,0,0.32917137719591083
0,0,0.38110351697702716
1,1,0.8341348207789194
0,1,0.900846969016779
1,1,0.6865880451087765
0,0,0.43548548673959897
0,1,0.8198513633398932
0,0,0.05979996803054458
0,0,0.17955705115016207
0,1,0.5436584266296913
0,1,0.5482573152020046
0,1,0.6958081420562005
0,1,0.5060109665001238
0,1,0.5106098651740517
0,0,0.44028705764583653
0,1,0.5192270307796413
0,0,0.4835836864906718
0,0,0.28901477584331187
0,0,0.3525042409466512
0,1,0.548922239522364
1,0,0.22116067459970729
0,0,0.3977424350787417
0,0,0.2621789644554258
0,1,0.5149165456335754
0,1,0.5053082138188427
0,1,0.587033832037652
0,0,0.48571076065902047
0,0,0.1764423014482984
0,0,0.23229698520852604
0,1,0.5744879940518197
0,1,0.6615702168791225
0,0,0.40146537919912134
0,1,0.8533563740801492
0,0,0.32691830274031186
0,0,0.4508523278507368
0,0,0.30811195440819306
1,1,0.5412907501570412
0,1,0.7060459800086589
0,1,0.6272213857137323
0,1,0.5369398483124108
0,0,0.3418978106479214
0,0,0.47475630679190417
0,0,0.49748382260689655
0,1,0.5159848059353379
0,1,0.5904548773256468
0,1,0.6103972949971488
0,0,0.2213149868345774
0,1,0.5471025027232879
1,0,0.38424591423752935
0,1,0.5373407886625968
0,0,0.24160558491103873
0,1,0.5372108445143353
1,1,0.6390774785292975
0,0,0.3724543798658378
0,1,0.5170084215880587
0,0,0.15346154155808564
0,0,0.349815318550067
0,1,0.5601868165419414
0,1,0.527889314859751
0,1,0.5695353954412501
0,0,0.4422366679893274
0,1,0.5231442388787634
0,0,0.28738750889743536
0,1,0.8958822817333052
0,0,0.4405019754290006
1,0,0.43734633319634736
1,1,0.8195278886385013
0,0,0.46932666212323126
0,1,0.6450899413666296
0,1,0.5922691922471445
0,0,0.2840923015606279
0,0,0.3693902176996673
0,1,0.5751051707520646
0,0,0.25835002082368536
0,0,0.378881354825761
0,0,0.2547552582227287
0,0,0.20748355795924042
0,0,0.4352018743071555
0,0,0.1926392033076815
0,0,0.25755752344614835
1,0,0.44810313898771814
0,0,0.34947697097964575
0,1,0.7333825190911859
1,0,0.2839496446392425
0,1,0.5245176953749231
0,1,0.5913488896602173
1,0,0.3442457006426055
0,0,0.3437631469023571
0,0,0.17418509763938922
0,0,0.3772050126467243
1,1,0.5264018034340786
0,0,0.39537176658453
0,0,0.35564481020192834
0,1,0.8432343481747356
1,0,0.48387984459610417
0,0,0.2950745977710279
0,0,0.41527351482928104
0,1,0.5062723493705846
0,0,0.399328321603812
0,0,0.2830789842235171
0,1,0.650340577964582
0,0,0.15499182089203487
0,0,0.0050864213924027265
0,0,0.31248020570431456
0,0,0.4743422171512679
0,1,0.527019420286967
0,0,0.4708266909320391
0,0,0.47161553586519217
0,0,0.45017643085268466
0,1,0.5587406407182592
0,1,0.686541987327166
1,1,0.5984639120130354
1,0,0.2349485186982357
0,1,0.5574107220500875
0,1,0.5206948268323086
1,1,0.6332232193250332
1,1,0.693024689414074
0,0,0.417872900713249
0,1,0.6134251901676494
0,1,0.5130540532973344
0,1,0.7687138256945484
0,0,0.49798482838591984
0,0,0.46518844358431694
0,0,0.1560242217528739
0,1,0.677736234719617
0,0,0.4963779051960195
0,0,0.25179410930627455
0,0,0.4374741715447206
0,0,0.43299815052936846
1,1,0.7300766138410969
0,0,0.33198808138551933
0,0,0.24962616353180983
0,1,0.6933601453876946
1,0,0.40653652501182463
0,0,0.11987951696518162
0,0,0.34602703595538026
0,0,0.4193493052143385
0,1,0.6081784822864823
0,1,0.7511741653854334
0,0,0.49580798672658116
0,0,0.1351390178807708
0,1,0.8358949297902313
0,0,0.06483663175852374
0,0,0.4413714684156317
0,1,0.5943272699849224
0,0,0.387471361827959
0,1,0.8285094114429328
0,0,0.36187439176183683
0,1,0.9165615533510696
0,1,0.7035727081192548
0,1,0.5868531173990053
0,1,0.7897698397815188
0,0,0.43141914593579767
0,1,0.5618945923236888
0,1,0.5005851718464258
0,0,0.437654835184449
0,1,0.5614184849833623
0,1,0.5655904449087972
0,0,0.2836744919369506
1,1,0.8442985637117988
0,0,0.30237165392826676
0,0,0.36684962910252367
0,0,0.4055645218772462
0,0,0.26180269582597193
0,0,0.3412413429017041
0,0,0.406716713506382
0,1,0.6099180620365436
0,0,0.3025444644947355
0,0,0.3265862749204989
0,1,0.7731896971342989
0,0,0.1149705076702639
0,0,0.4923986623387592
0,1,0.8649996686635972
0,1,0.5950956697497745
0,0,0.4402668886498599
0,1,0.7873322251904756
0,1,0.6298427950020931
0,0,0.4921434919490389
0,1,0.6220581934302467
0,0,0.19897152812729463
0,1,0.6281341207488115
0,0,0.4347577167582727
0,0,0.24540842825093856
0,0,0.40607993779614293
0,0,0.4609813729392812
0,1,0.511324662825554
0,1,0.5418099000017725
0,0,0.17007313236131893
0,0,0.3055084364818558
0,0,0.3541251482360333
0,0,0.38686213568308686
0,0,0.41159743275180194
0,0,0.18968468136006894
0,1,0.5644486314566203
0,0,0.48037305936794045
0,1,0.5729403461535225
0,0,0.3602423547209413
0,1,0.5370322815734841
0,1,0.6090913289519785
0,0,0.31215507451340585
0,1,0.6943056721924403
0,0,0.2898517181038385
0,0,0.3185442931304858
0,0,0.30308943779013525
1,0,0.34615002351714125
0,0,0.48523499352728106
0,0,0.2855815882818058
0,0,0.42476046838531784
0,1,0.6205487379927052
0,0,0.3967031967470692
0,0,0.46676022265807776
0,0,0.49306546058310924
0,1,0.6348989798948709
0,0,0.06771835707008043
0,1,0.6578710528669466
0,0,0.25266485122970556
0,0,0.3159135689587634
1,1,0.5068920243397812
0,0,0.3399274839961662
0,0,0.3406045311282536
0,0,0.4706916355681989
0,1,0.5764360893029694
0,1,0.7412125699064172
0,0,0.4838968995260867
0,1,0.5161578300670606
0,1,0.6810571627565329
0,0,0.4954255100210798
0,1,0.7061334962391091
1,1,0.8347875342934219
0,1,0.5795660757527575
0,1,0.5761225404071163
0,0,0.317901745144218
0,0,0.41569131796235714
0,0,0.44316466638616686
0,1,0.6042720164785619
0,1,0.5665563971326771
0,0,0.3762756284752702
0,1,0.5740580149021698
0,1,0.6066564266137237
0,1,0.510912911314594
1,0,0.3476898827353255
0,0,0.497455351573245
0,0,0.4615828028048243
0,0,0.4321076851335575
0,1,0.5246872644768653
0,0,0.09216825862197137
0,1,0.7102106426335353
1,1,0.7628722058682692
0,1,0.7745058947162842
0,0,0.3556380885064663
0,1,0.6694874876821313
0,0,0.25712514577700435
0,1,0.8665276139473042
0,0,0.30381022430752463
0,0,0.3540697807922446
1,1,0.6222454044539515
0,1,0.681779291087546
0,0,0.4932162260007317
0,0,0.06637621268845281
0,0,0.281291271006351
0,1,0.5500169159174124
0,0,0.4910182893525034
1,0,0.46032276263560673
0,1,0.5963313536783895
0,0,0.33664809672894214
0,0,0.3929466458448345
0,0,0.43532463041530106
0,1,0.8600348866326404
0,0,0.40400249048096065
0,1,0.5482682951703257
0,0,0.08654108172677
1,0,0.4823390086733712
0,0,0.48630552870047
0,0,0.4968958592445723
0,0,0.448189320184955
1,0,0.36708590975572053
1,1,0.7054898767674072
0,0,0.3626749955891361
0,0,0.21664626465907183
0,0,0.3213938430682782
0,0,0.38263444765969146
0,0,0.40725998238066013
0,0,0.4892821760809386
0,1,0.5788617499566657
1,1,0.5451584483592881
0,1,0.8075735562245088
0,0,0.3213039208445401
0,0,0.4840865331496807
0,1,0.6606540283336672
0,0,0.3489171690671694
0,0,0.3307871420989333
0,0,0.41373178618903017
0,0,0.4686777424229179
0,0,0.44159090487855623
0,1,0.5267532980151708
0,1,0.5203509781783585
0,0,0.27001827933046924
0,0,0.27032356270355207
0,1,0.6732617713695344
0,0,0.39670772420334555
0,0,0.4216588518581056
0,0,0.37968397655113606
0,1,0.6477556765372234
0,1,0.6166637644061591
0,1,0.6547239468467524
0,0,0.2972359147705047
0,0,0.2946322528174638
0,1,0.5749617694420721
0,0,0.4373940785812511
0,1,0.6590080787895716
0,0,0.3637076364358384
0,1,0.8163946419121134
0,0,0.3595520150297955
0,0,0.38059445151712573
0,1,0.5552310794036701
1,1,0.5296158315125085
0,1,0.806200088013517
0,1,0.6132189012382196
0,0,0.30044058808310564
0,1,0.5255451982622572
0,0,0.49626094589213815
0,1,0.5720145545372577
0,1,0.5802871118575614
0,1,0.6204457962029651
0,1,0.5396331885690654
0,0,0.45564572837104417
0,0,0.4975242114488884
0,0,0.4126296525901012
0,0,0.4967173083601739
0,1,0.5301289299143936
0,1,0.9519446294172401
0,1,0.5806279417402267
0,1,0.5073159694293075
0,1,0.6244183359121344
0,1,0.6016531020000336
1,1,0.6067681557199823
0,1,0.55186581284823
1,0,0.4878565241454901
0,0,0.4156345003134546
0,0,0.31282145608811757
0,0,0.35600934175495824
0,1,0.6190636770094013
0,1,0.7287631258441077
0,1,0.5785802330058928
0,0,0.3155155442008047
0,0,0.41663118533117005
0,1,0.5871294243807886
0,0,0.47829342748767234
0,0,0.4116796462800835
0,0,0.2670832029096036
0,1,0.6343361483044088
0,0,0.22088834538428362
0,0,0.34491380903650687
0,0,0.14582494096392185
0,1,0.6542683646143157
0,0,0.2946510760834177
0,0,0.26650965926380077
0,1,0.7506255856859487
0,1,0.5830146168397217
0,1,0.6235135914058979
0,1,0.5386890744404933
0,0,0.460557266854203
0,0,0.4888700954182021
0,0,0.34692902941423237
0,0,0.36310779737648163
0,0,0.418383179567191
0,1,0.6097795315185349
0,0,0.47848406364474755
0,0,0.24364379248382254
0,1,0.5441409031592186
0,0,0.3639643037299349
0,0,0.3976920056653127
0,0,0.13353774838468674
0,1,0.6314899352923721
0,1,0.509256210196866
0,1,0.5306160587509107
0,0,0.463392575178686
0,0,0.3896354907265967
0,0,0.4787588748998896
0,1,0.5100507722977994
0,0,0.2941192853548436
0,1,0.555072956482572
0,0,0.08968806703641684
0,0,0.0027206987482598275
0,0,0.03436146719299256
0,1,0.6321510848273448
0,0,0.47854604430016673
1,1,0.7248242960154466
0,1,0.5008362545665237
0,0,0.36955513844091664
0,1,0.583238099371233
1,1,0.7671143339220284
0,1,0.7671185329467163
0,1,0.5169662947924231
0,0,0.2587437508711571
0,0,0.36325931211745954
1,1,0.7175366858975574
0,0,0.318406531597527
0,0,0.2929582994754223
1,1,0.544827901296321
0,0,0.20982628079053897
0,0,0.4357754693597162
0,0,0.2367912578823636
0,1,0.6407518557715308
0,0,0.259844525496092
0,0,0.06806976573267336
0,0,0.45347572071948705
0,1,0.6699551020163611
0,1,0.5941006471489495
0,1,0.5616310625850462
0,1,0.5138365529542436
0,0,0.35790085508947633
0,0,0.4380691448992653
0,1,0.6199222722437553
0,1,0.8340462013012808
0,1,0.6428426918201806
0,1,0.5877631965732839
1,1,0.7725019073774251
0,0,0.49910389706231706
0,0,0.33282740060599125
0,0,0.1710709026968131
0,0,0.2926345254535944
0,1,0.5859731459996819
0,0,0.4860506162447067
0,0,0.495002375695876
0,0,0.16313761851446618
0,1,0.5709020138018243
0,1,0.6314372282269319
1,1,0.5550198283114407
0,1,0.5545037950989441
1,0,0.2768910201039808
0,1,0.5637256366319595
0,0,0.46206266278565444
0,0,0.006443810369129654
0,1,0.900392634700745
0,1,0.799529393662501
0,0,0.33384006790747073
0,0,0.46700441236942924
0,0,0.46230902714451216
0,1,0.572383310707783
0,0,0.30999215153349186
0,0,0.17521776675434858
0,1,0.6992972764173135
0,1,0.6229402912908394
0,0,0.30639282463273154
0,0,0.3845602405148043
0,0,0.3456866938428142
0,1,0.7137606252987968
0,0,0.16468062581414622
0,0,0.42098836393710976
0,0,0.4478923014045497
0,0,0.43461178114866333
0,0,0.34250820555178757
0,1,0.6734927906281946
0,0,0.3744480223034993
0,1,0.6841961928583964
0,1,0.6301561148058037
0,1,0.585988629280648
0,0,0.42266489018709247
0,1,0.6251263384627973
0,0,0.3937611697841353
0,0,0.27556496424326243
0,1,0.6681252139582925
0,1,0.5861074821179929
1,1,0.5886350699863276
0,1,0.5137164971163438
0,0,0.0072141614071970705
0,1,0.6753090382765244
0,0,0.45740666160973514
1,1,0.6109127306253721
1,0,0.4152443179824019
0,1,0.6843723369955108
0,1,0.5209187744887281
0,1,0.6901538405664845
1,1,0.6404619160260704
0,0,0.40300702690522155
1,1,0.6468822594770769
0,1,0.646968613151184
0,0,0.4327639893865934
0,0,0.48747468845033254
0,1,0.7384102288504215
0,1,0.5209578570765505
0,0,0.23220790398304655
0,1,0.5842384307283388
0,0,0.49284517148556506
0,0,0.26574704602702365
0,0,0.20989981490855864
0,0,0.4293004434315695
0,0,0.3055690030164426
0,0,0.427139892398361
0,1,0.6000711928291343
0,1,0.5126874968048158
0,0,0.34102249177070837
0,0,0.3970158828858721
0,1,0.7470893010057633
0,0,0.3614735237354381
0,1,0.7935044941699815
1,0,0.34989663240070185
0,1,0.9091174420974744
0,1,0.6023149241178087
0,0,0.4648577247792495
0,0,0.15444345336645496
0,1,0.6059853837439636
0,0,0.4904169982475319
0,0,0.20935589926876924
0,1,0.5080199941962097
0,0,0.44021965553854997
0,1,0.6811049236039249
1,0,0.19637827417278575
0,1,0.7335209115777125
0,1,0.8347456184170455
0,0,0.31299082681811924
0,0,0.4137562531069825
0,0,0.311411479288777
0,0,0.1912313683080145
1,0,0.458041499470094
0,1,0.5388121818455895
0,0,0.3427482429067657
0,1,0.5936965039106833
0,0,0.2894313590216324
0,0,0.41482664921782897
0,0,0.4848038671742936
0,0,0.27650552785596866
0,1,0.8337148841685905
0,0,0.4173985938763718
0,0,0.4529005630248448
0,0,0.40600283011294835
0,1,0.7401951303067096
0,0,0.2016848128613049
0,1,0.6421626441450962
0,0,0.3610327762641898
1,1,0.7641759989464217
0,0,0.4516630528852573
0,1,0.5062970377452511
0,0,0.3350182120334411
0,1,0.6393636215343454
0,0,0.3389781728205395
0,0,0.22838646024204193
0,0,0.12746932627296415
0,1,0.888894141947255
0,1,0.5218698473613986
0,0,0.2138135824482193
0,1,0.6030810823874452
0,1,0.5276194701018773
0,0,0.14131751092349318
1,1,0.9022276240266177
0,0,0.31209414129288376
0,0,0.3523959857071837
0,0,0.43891710014161384
0,0,0.011061894949253021
0,0,0.3569317205415809
0,0,0.35346247192344754
0,0,0.0047451657267604174
0,0,0.0728260177809085
0,0,0.4709080367539742
0,0,0.058789133204453566
0,1,0.6105221630911096
0,1,0.5819614431613324
0,0,0.4907637532983661
0,1,0.817230324999974
0,0,0.2844035314812774
0,0,0.3603863080907814
0,0,0.47004796359332346
0,0,0.4394394249705793
0,0,0.310281575385271
0,0,0.20744709904832648
0,0,0.24156483328977993
0,1,0.5431478556972283
0,0,0.4519405770883555
0,1,0.5781512548828585
0,1,0.7187927140165026
1,1,0.6219789850661739
0,0,0.41872148138372134
0,0,0.30398220270446286
0,1,0.7448030791099701
0,1,0.9118948350686978
0,0,0.4876904181756872
0,0,0.43699602025781253
0,0,0.33666910945007983
0,0,0.19072772727642726
0,1,0.725689289443462
1,0,0.3731098632173135
0,0,0.4382974716613461
0,0,0.1455880796767223
0,1,0.5798485493521655
1,0,0.3819322632549123
0,0,0.36350294053909504
0,1,0.5311843593042849
0,1,0.8389321184505358
0,0,0.1744144733889911
0,0,0.45518266964733595
1,1,0.7621147477509649
0,0,0.4015664594708803
0,0,0.2501665381078329
0,0,0.49899237403309177
0,0,0.08085092237083943
0,1,0.7158242047501571
0,0,0.32665712493865307
0,1,0.5250310161676726
0,0,0.4041277567323188
1,0,0.3620231808192397
0,1,0.6250557199615188
0,1,0.563288251751934
0,1,0.6679854719854896
0,1,0.6684597563980921
0,1,0.552759340168371
0,1,0.5900438488750999
0,1,0.538625703869365
0,0,0.3136220326485249
0,0,0.2813503181556047
0,0,0.38366675949491585
1,0,0.4704435595469922
0,0,0.08318740269583468
0,0,0.3242780929299467
0,1,0.5465502351803483
0,0,0.32524167189633174
0,0,0.21258199907997938
0,0,0.14496628885432453
0,0,0.20341057180985245
0,1,0.6306465026811487
0,0,0.3724547306574336
0,1,0.6678402324676033
0,0,0.3162287340791247
0,1,0.7894380600403792
0,1,0.5754578162139932
0,0,0.3217560873745404
0,1,0.7739010349677241
0,1,0.7495042607115318
0,0,0.38493971120847775
0,1,0.5816958609166718
0,0,0.3209331810071556
0,0,0.26670193284660004
0,0,0.3273375396234668
0,0,0.4955865471799331
0,0,0.42122221508871616
0,0,0.4588973509219129
0,1,0.5829821640481749
0,0,0.35774502363471644
0,0,0.31731870205715984
0,0,0.34655949829018823
0,1,0.5955358258428116
0,0,0.49257566821071125
0,0,0.4575692332776761
0,1,0.5248375125845033
1,1,0.587038030839973
1,0,0.46244918318712575
0,1,0.5271627983513205
0,1,0.7703569942305619
0,0,0.28484670653734667
0,0,0.4048868741010637
0,1,0.561232444572505
1,0,0.48812205733859726
0,0,0.3521332941644913
0,1,0.6302828577923164
0,0,0.35826982760346043
1,1,0.5440478133871869
0,1,0.8973844145459214
0,1,0.8035015585538422
0,1,0.5608069780544086
0,1,0.5864295105637374
0,0,0.157389318295753
0,0,0.45247272967244806
0,0,0.41710557807138765
0,1,0.518114380254052
0,0,0.4759100073845905
0,0,0.366826120841072
0,1,0.5557091461567263
0,0,0.40332897242319465
0,1,0.8505323993383188
0,1,0.837110892204477
0,0,0.4117876625934439
0,0,0.3593414658325655
0,0,0.46726323326548674
0,0,0.2860885017173365
0,1,0.6335684834429813
0,0,0.24504222077014903
0,1,0.5387410794634577
0,1,0.5211499430003101
0,1,0.5233660631783994
0,0,0.4131422211251694
0,0,0.30367756147109937
1,1,0.5000309107358495
0,0,0.3785063008972992
0,1,0.552752642313684
0,1,0.7456856337173473
0,0,0.3715771281259028
0,1,0.6927572880860214
0,1,0.5384787671275177
0,1,0.5701939965509446
0,0,0.2527447734950819
0,1,0.5513598676809367
0,1,0.5351474548154437
0,1,0.5854356957034447
1,1,0.603361315898043
1,0,0.4558901359490858
0,0,0.45560116936637873
0,0,0.41585587859933315
0,0,0.40721755960551276
0,1,0.6769049025651871
1,0,0.45672271116363344
0,0,0.4068599433694573
0,0,0.19989052257406992
0,1,0.5393575460509619
0,0,0.4521466521465402
0,1,0.6392061105074329
0,1,0.5593939662034675
0,0,0.42406155064882234
0,0,0.41438492573262764
1,0,0.4411730808932702
0,0,0.43887046164426297
0,0,0.007792156207227617
0,1,0.5166072133540318
0,0,0.30179851322049345
0,1,0.5470840346497584
0,0,0.39780683086263646
0,1,0.517745547789492
0,0,0.40831614637526104
0,0,0.39369921397560487
0,1,0.6183437773012023
0,1,0.5804778198027838
0,1,0.7370961702104184
1,0,0.2384959111559814
0,0,0.38072620934567125
0,0,0.35244906311108354
0,1,0.5601841242960385
0,0,0.16347695094283166
0,0,0.40740823160047074
0,1,0.7389623960124733
0,1,0.7391106279052241
0,0,0.4112776650799539
0,0,0.4231487293077427
0,1,0.7208297506128823
0,1,0.6911405826309003
0,1,0.6846046269691416
0,0,0.36591601564188037
0,0,0.39760317674462725
0,0,0.11717234584398385
0,0,0.2703734545174428
0,1,0.5316647941366265
0,1,0.7850355352701144
0,0,0.28883329355395115
0,0,0.4067904685968721
0,1,0.5976893511040388
0,1,0.6246203492208007
0,0,0.29038749972012695
0,0,0.317070286055165
0,0,0.2699788213789058
0,0,0.22764917754256458
0,1,0.6180127081221571
0,0,0.3380550880229684
0,0,0.3983976834298987
0,0,0.4522426245378646
0,0,0.41112824920626423
0,0,0.361540796387392
0,0,0.30103837196373534
0,1,0.5426256382835628
1,0,0.4734148318769922
0,0,0.009447644792944413
0,1,0.5059625391081822
0,0,0.4763275797676171
0,0,0.38334204636716274
0,1,0.5406111018368996
0,1,0.563139343541864
0,1,0.7366857235927705
0,0,0.37191523768561774
0,0,0.31378692216494686
0,0,0.31299208060771244
0,0,0.4836552957021862
0,1,0.5643398406978495
0,0,0.4259428993770856
0,1,0.507433479596976
1,1,0.5075303163950022
0,0,0.22820463822353446
0,0,0.26007490060163957
0,0,0.16106276976249814
0,1,0.6176383694173814
0,0,0.00503576240536415
1,1,0.7034362509082975
0,1,0.6107779401069857
0,1,0.6057574043887114
1,0,0.46848361635574126
0,0,0.039126618613166846
0,0,0.30710567507310965
1,0,0.24432365033763262
0,1,0.6288693325073875
1,1,0.771560419968152
0,1,0.524063552439545
0,1,0.5183179539001753
0,1,0.7022664330160463
0,1,0.5620412282721128
0,0,0.18673044620480206
0,1,0.5840817767387331
0,1,0.6557467811237669
0,0,0.37808596289258356
0,0,0.174739812253837
0,0,0.11109608578146012
0,0,0.4047165326445607
0,0,0.14470551943129117
0,1,0.5339236632875528
0,0,0.123170188785383
0,1,0.5587036963286528
0,0,0.47846108962112294
0,1,0.537125923089295
0,0,0.38832757475516033
0,0,0.44552911861004435
0,0,0.4886413263926605
0,1,0.6491316452967698
0,1,0.5590177034689153
0,0,0.2533981582337847
0,0,0.29491578421209413
0,0,0.4522000431190224
0,0,0.3306624586154157
0,0,0.2985977913840009
0,0,0.34278358039598883
0,1,0.507486872374301
0,1,0.7718689391730919
0,0,0.11815572676530556
0,1,0.5099366561393114
0,0,0.4260402744863853
0,0,0.1640807348862025
0,0,0.24389986757440266
0,1,0.5788013626828087
0,0,0.4731118093217567
0,0,0.4502586819040072
0,1,0.504998278179343
0,1,0.6234327875773374
0,0,0.3444088265287004
0,1,0.5217136207247896
0,0,0.380134969839656
0,0,0.3053611481834365
0,1,0.6298280555637754
0,0,0.44446210690543614
0,1,0.5756566040819052
1,0,0.21633498043324176
0,1,0.5626779574024611
0,0,0.3879416882780822
0,0,0.36604183613174296
0,0,0.2625935638157471
0,1,0.7026856965393221
1,0,0.4223747844125717
0,0,0.42333443134202015
0,0,0.36807726035601496
0,0,0.31303528443394146
0,0,0.44628927811005686
0,1,0.6127370597070717
0,0,0.43085370956869773
0,0,0.1278303892155625
0,0,0.39174482729479304
0,1,0.6483027540741372
0,1,0.5245520120687486
0,0,0.31016033896264306
1,1,0.5698299696440938
0,1,0.5528155161026183
0,0,0.4976835891889101
0,1,0.5002336739831693
0,1,0.6264339636511593
0,0,0.4316292945500493
0,0,0.1999912379090863
1,0,0.27956417537568545
0,1,0.5592998033540924
0,1,0.5449375958014328
0,0,0.4679716875408387
0,0,0.320391861944505
0,0,0.43511212849821795
0,1,0.5829041916149669
0,0,0.31179914719093954
0,0,0.4663043282609441
0,0,0.24748091507707828
0,0,0.46331514887943287
0,1,0.5720091694345365
0,0,0.4984831603304326
0,1,0.6866560980933453
0,1,0.5292380225162655
0,0,0.3889423628018123
0,0,0.3965393927667069
0,0,0.4320603034817475
0,1,0.56444055386822
0,1,0.5881113374223443
0,1,0.6069390069034619
0,1,0.5020314119384913
0,1,0.5575255967826277
0,0,0.23451566571441504
0,1,0.5905457298292722
0,1,0.5630485872575256
0,1,0.5369924464560474
0,1,0.5780752005999038
0,1,0.5138943110081929
0,1,0.7550460526915783
1,0,0.4644598721232424
0,1,0.5149376610322218
0,0,0.14539986429043564
0,1,0.5376157779043464
1,0,0.3226911758656294
1,0,0.4401745765072131
0,0,0.3280083165645546
0,1,0.6128838687672232
0,0,0.34132824380750804
1,0,0.37648795067099994
0,0,0.373397642906886
0,0,0.4209151264898294
0,0,0.06731268339128342
0,0,0.4811464665445353
0,0,0.3303374616796061
0,1,0.7165863021610239
0,0,0.29428765577445254
1,0,0.30428915582397487
0,1,0.5907505138171391
0,0,0.214183839399911
0,1,0.5375370210924342
0,1,0.5200470432797497
1,0,0.2499142436332479
0,1,0.5033815485288322
0,0,0.41597191360965435
0,0,0.3785725151323719
0,1,0.5138767525461947
0,0,0.429127266987647
0,0,0.24353405180630175
0,1,0.6227866586659598
0,1,0.6453375553045609
0,1,0.8028216610416444
0,1,0.6233950927461542
1,1,0.6431371523878592
0,0,0.21415928716133614
0,0,0.35064237529010894
0,1,0.5293896848216514
0,0,0.2916222120799753
1,0,0.43823085343970714
0,1,0.887503490265849
0,0,0.44594515471288937
0,0,0.36774504786445
0,0,0.3685838458388589
0,0,0.47319223630333285
0,0,0.3798280313861621
0,0,0.49206020837457454
0,0,0.26512288607341894
0,1,0.5875084530817106
0,0,0.4667540249255034
0,1,0.5340997533366711
0,0,0.21948748615680636
0,0,0.338853842204679
0,0,0.29913967009600234
1,0,0.2530241880336982
0,1,0.7454768756979732
0,0,0.18790591590703534
0,0,0.27114516164491825
0,1,0.5686156721646763
0,0,0.44989293942286324
0,0,0.2385383991597964
0,1,0.6173009413213145
0,0,0.21821169230505624
0,0,0.3859127266203283
0,0,0.4066628459215169
0,1,0.5024868605752252
0,0,0.4309885864185941
1,0,0.31477138253531506
0,1,0.5700658109327463
0,0,0.40599215206625794
0,1,0.5879632881307436
0,0,0.40446809648498905
0,0,0.4752752824536599
0,0,0.42878654682365824
0,0,0.4196427878015451
0,0,0.2829095405886883
0,0,0.4925181617247672
0,1,0.5585924112794203
0,1,0.7804303114875394
0,0,0.43649332601434865
0,1,0.6016246826564292
0,0,0.1763615393003406
1,1,0.5171761795633159
0,1,0.5317268558568362
0,0,0.39155994791266047
0,0,0.2233323633372499
0,0,0.41136647772592216
0,0,0.38431429374857345
0,0,0.3894982492907693
0,0,0.32230751867371044
0,0,0.4293897635228014
0,1,0.6621384230630257
0,1,0.5074315926399314
0,0,0.28354671957336147
0,1,0.6145830899279444
0,1,0.5905392409361648
0,1,0.5409638935845398
0,0,0.3571682332492606
1,0,0.47695719173727474
0,0,0.25783789241727545
0,0,0.19433775298736797
1,1,0.5019872888712262
0,1,0.5049329439593402
0,1,0.6500553752931961
0,0,0.22142895172606508
0,0,0.2712415824816133
1,1,0.6816469226957342
0,1,0.6764197241984874
0,1,0.667876497806203
0,0,0.49186084488968596
0,0,0.42688204971012034
0,0,0.013802703915077884
0,0,0.39193664665929734
0,0,0.4654470003794717
0,1,0.5013840757262832
1,0,0.4216791353844147
0,0,0.42208256170704506
0,1,0.523837384274713
0,1,0.6317691134130043
0,0,0.2006458594427718
0,0,0.25696792895192705
0,1,0.5467673698981229
0,0,0.430611883496996
0,1,0.6341885059002841
0,1,0.5944274981102295
0,0,0.46345097612858294
0,1,0.5424052556683122
0,1,0.5580474792330817
0,0,0.2681108474708706
0,0,0.43517128950241196
0,0,0.3266445989546714
0,0,0.35659733299388235
0,0,0.46748475072479095
0,0,0.36107774289059136
0,0,0.3721275505314526
0,1,0.6664965856161063
0,0,0.36744212989740344
0,1,0.5362714450597472
0,1,0.5668769706617521
0,0,0.3654368404731578
1,1,0.5145977272825671
0,0,0.20441688450100687
0,0,0.4395226641723734
1,1,0.6392101498644238
0,1,0.5288773948878751
0,1,0.5199184115387785
0,1,0.7308679040125868
0,1,0.5257190677778191
0,0,0.047822450412291315
0,0,0.4738940592012056
0,0,0.4845656897177489
0,0,0.19472209602697288
0,0,0.21219303437842293
0,0,0.4721088749595063
0,1,0.5352703000653746
0,1,0.6444213939022937
0,0,0.336565060525785
1,1,0.6153180481298786
0,1,0.5274997644756408
0,0,0.44916715746300995
0,0,0.3110660694659433
0,1,0.626959287145136
0,0,0.45685068963461484
0,0,0.25133619420357844
0,1,0.6355527485587558
0,0,0.49753286984104395
0,1,0.590023962041767
0,0,0.3384852055942959
0,0,0.3709697254138094
0,0,0.22833011568043587
1,1,0.6618363713824116
0,0,0.08536738325562916
1,0,0.4731342914193083
0,1,0.5305805646845015
0,0,0.3303708005840069
0,1,0.5763300045572906
0,0,0.44974278270838963
0,1,0.5247517176494754
0,0,0.17629061810739566
0,0,0.4813133162961767
0,0,0.40841816114148066
0,0,0.20951814358738183
0,0,0.24239287360745454
0,1,0.6005134106057358
0,0,0.2015942881846284
0,1,0.5222240403006992
0,1,0.6231843155558603
0,0,0.25432252368122893
0,0,0.3096184329507946
0,0,0.41349496225564364
0,1,0.7255118667880485
0,0,0.4496750988847519
0,0,0.30657490134799875
0,0,0.38196546683860977
0,1,0.5661893154524903
1,1,0.6190984229230826
0,0,0.3521844499650229
0,1,0.5145735465843688
0,1,0.5926726586982454
0,1,0.5677746128755624
0,0,0.44625352862632683
0,1,0.5023344752838651
0,0,0.3976408534809659
0,1,0.5498336067080287
0,0,0.2787382067713609
0,1,0.6804931429500843
0,0,0.10912733010973369
0,1,0.8202585456379603
0,0,0.45870231621408686
0,1,0.6577670607126652
0,0,0.3472252566764424
0,0,0.39198810236768084
1,0,0.18642901293396325
0,0,0.21610045188922838
0,1,0.5341193622702509
0,0,0.10075042752458045
0,0,0.332824153094229
0,1,0.6562634338841036
0,1,0.5057633389450461
0,0,0.19566487214823733
0,0,0.46866991839063055
0,1,0.5873299685666269
0,1,0.5750446979643505
0,0,0.359922645405917
0,0,0.4417796676087034
0,0,0.23890066254652723
0,0,0.38986247745246927
0,1,0.5260764670390217
0,1,0.8988374523977538
0,0,0.34191849406044267
0,0,0.334841714278235
0,1,0.6814463607036902
0,1,0.5038053697349115
0,0,0.46357284809544813
0,0,0.2624207293137095
0,0,0.3999006342140633
0,1,0.6172052556436621
0,1,0.5218373176894211
0,0,0.33884946138555716
1,0,0.44826333739561236
0,0,0.37385506631743987
0,0,0.21519240359606379
0,0,0.4225582173801773
1,1,0.5574081669177435
0,0,0.3643562264327391
0,1,0.6604421158097387
0,0,0.29009348066642826
0,0,0.45518304291113304
0,0,0.4103676587282336
0,0,0.4054376820023808
0,0,0.38031590339039895
0,0,0.36029475336449623
1,0,0.2900219943845442
1,1,0.6050448981981947
0,0,0.26799313631550753
0,0,0.2905255587129628
0,1,0.6024340158424462
0,1,0.5289034330394263
0,0,0.4705254638111638
0,0,0.3496065525778294
0,0,0.2690015614747547
0,0,0.434842106887225
0,1,0.529305630931233
0,0,0.18843710117838783
0,0,0.055240297912081265
0,1,0.55676424350003
1,0,0.477677303934568
0,1,0.776547719031293
0,1,0.5148834646227448
0,1,0.5040722796588237
0,0,0.004171193361309473
1,1,0.7260276871285817
0,0,0.37714290200200884
0,1,0.5286212717648309
0,1,0.5597897023963196
0,0,0.36004108776108174
0,0,0.4433330305401692
0,1,0.5924317581593683
0,1,0.6704315395813177
0,0,0.35418146355550884
0,1,0.6537963635965668
0,1,0.6107870219850109
0,0,0.4322415703770927
0,1,0.7303859694895269
0,0,0.2087645013956811
0,1,0.7626107100295129
0,0,0.26684198769613887
0,0,0.40155310002695044
0,1,0.6290080755429026
0,0,0.4913116110605761
0,0,0.38612991498746574
1,1,0.6586376583843786
0,1,0.5678456394367726
0,0,0.39311292240242485
0,0,0.4260413511271893
0,0,0.21882180160887327
0,0,0.3539057994900803
0,0,0.2063821561192257
0,0,0.36450139782932944
0,0,0.4275493014982482
1,1,0.5314843628430714
0,0,0.4981869237032708
0,0,0.30967680423066757
1,1,0.594353641700633
0,1,0.7832695952658211
0,1,0.8392838908910087
0,0,0.4184328819487472
0,0,0.47926647067668693
0,0,0.4766058622050474
0,0,0.3816227477738724
0,1,0.5911767479704029
0,1,0.7363502728518376
0,0,0.48330338228188874
0,0,0.3053682215759671
0,0,0.22599923834119318
1,1,0.518949537784022
1,0,0.39643338425349794
0,0,0.46791930708929036
0,0,0.4867158409137162
0,0,0.3056019614352861
0,1,0.5894660174314341
0,1,0.5357370190589839
0,1,0.5434656316727421
0,0,0.2498279758944152
0,1,0.6363693109574983
0,1,0.5840572386264634
0,0,0.34538197187129493
0,0,0.45490351343626056
0,1,0.6946532504467596
0,0,0.3369816368241973
0,0,0.42035442719205596
1,0,0.3979344156360999
0,1,0.73890673578659
0,0,0.35655312854730825
0,0,0.4370381292772103
0,0,0.36914559997623564
0,0,0.4231815465609289
0,1,0.7187943473475772
0,1,0.5569997621653048
1,1,0.7440901890916668
0,0,0.36340142755477317
0,0,0.3525841696518407
1,1,0.6725635622290767
1,1,0.7282860189499017
0,0,0.3886854472462228
0,1,0.6235906664176514
1,1,0.5453401645231077
0,0,0.44996592091340437
0,1,0.7273807502949889
0,1,0.5140313317623293
0,0,0.4701260225163538
0,1,0.5485334120148556
0,0,0.41252921679256743
0,0,0.4914460859545979
0,1,0.5196595165765621
0,0,0.3921927408464937
0,1,0.6479844378885474
0,1,0.7253236498662977
0,1,0.5358456693921754
0,0,0.4878624559411973
1,1,0.8079429479482864
0,0,0.1418794410100863
0,0,0.32906487388467365
1,0,0.35184425843853373
0,1,0.564437895016587
0,0,0.4168326779356721
0,1,0.5882256039893408
0,0,0.32035181260570095
1,0,0.37329940586661076
1,0,0.4622213831391481
0,0,0.40532049473675014
0,1,0.7682619773000279
0,0,0.17715228763296964
0,1,0.6479522993161706
0,0,0.33019084013315253
0,0,0.4990845119101319
0,1,0.6583778550096671
0,0,0.4781936624704136
0,0,0.3165062253193687
0,0,0.29741141486335626
0,0,0.3106721612945113
0,1,0.5671618266783868
0,1,0.5045239827072316
0,1,0.6463812358167031
0,0,0.23114341541729694
0,0,0.3049506684843345
0,0,0.3085139207827193
0,0,0.2715845902254445
0,0,0.3016461822910607
1,0,0.4821866317130797
0,0,0.4575738744267914
0,0,0.4127112854619743
0,0,0.38556525297652694
0,1,0.5771792981890083
0,0,0.39931574993189073
0,0,0.4252552653739938
0,0,0.4473148301046017
0,1,0.6968341851894151
0,1,0.5469750694464927
1,1,0.5822104328001177
0,1,0.7027316845254394
0,1,0.5140148869505194
0,1,0.7318133877773116
0,1,0.6558536750591982
0,1,0.7712331240468261
0,0,0.4860971463210308
0,1,0.5297397372156347
0,0,0.4347004293301152
0,1,0.6641628345669968
0,0,0.4818937147814878
1,0,0.3252678110009138
0,1,0.7004971131688419
0,1,0.5197602711611673
0,0,0.3080665165146653
0,0,0.3610539723273372
1,0,0.4570889729811228
0,0,0.4208383841149527
0,0,0.3447884756493023
0,0,0.3327390487785943
0,0,0.3868085546778834
0,1,0.6535770286041602
0,1,0.7358441634048426
0,0,0.30912849183578267
0,0,0.398363128328662
0,1,0.7902174781996737
0,0,0.46349376218743543
0,0,0.314661062278493
0,1,0.6326933400608382
0,1,0.7109046183713091
0,1,0.8271752064205506
0,0,0.36967037800963826
0,0,0.3969915421004682
0,1,0.5166609598473436
0,0,0.44445541584038023
0,0,0.43245980592133954
0,0,0.2884233497883426
0,0,0.48810376706300285
0,0,0.4305720140087516
0,0,0.3716570361623593
0,0,0.3930320342179231
0,1,0.7197870481080539
1,1,0.5661969068796626
0,1,0.5688198629702598
0,0,0.4776623599905992
0,0,0.38333133610121284
0,0,0.386912652685984
0,1,0.5163950741945051
0,1,0.5680874003768052
1,1,0.5216196568226739
0,0,0.30008005037616825
1,0,0.4755814039993664
0,0,0.3994956503725302
0,0,0.21174176366830183
0,0,0.40371587998728004
0,0,0.4411630022153476
0,1,0.7389514876276717
0,0,0.222443218397101
0,0,0.21925453841075
0,1,0.5433073566378219
1,1,0.7934880496813456
0,0,0.2532407482666916
1,1,0.6345203784178285
0,0,0.28531819071292486
0,0,0.41585659142591863
0,0,0.3387210259293165
0,0,0.44757085151518655
0,0,0.2670132020969468
0,1,0.5916809851246161
0,0,0.04612756094628757
0,1,0.529749242888117
0,0,0.42735386215378546
0,1,0.5601547475187899
0,1,0.557518170769969
0,0,0.43492240922822845
0,0,0.12561061216862401
0,0,0.1372974266906836
0,1,0.7751975465289372
0,1,0.6571137409094109
0,0,0.015495721976942461
0,0,0.387072701096164
0,0,0.38008321455019956
0,0,0.4085574257742062
0,0,0.004559215305444015
0,0,0.38942102107056453
0,0,0.15380137691890028
0,0,0.23437309652423718
0,0,0.3061008225551372
1,0,0.41535783127659476
1,1,0.7425018267343813
0,0,0.4897890946074788
1,1,0.5156308524595367
0,0,0.33801258187923156
0,1,0.5402317566710032
0,0,0.3521143385223262
0,1,0.5664380500370998
0,0,0.4937196092750849
0,1,0.5934336110249929
0,1,0.7253547048162284
0,1,0.7461783601837131
0,1,0.5838799852764781
0,1,0.5532311226011811
1,1,0.5364630285110608
0,1,0.7333636324085643
0,0,0.3465855416849389
1,1,0.5843740223977869
0,1,0.5153988839441264
1,0,0.1917708664677113
0,1,0.5671996271003743
0,1,0.6041700471816978
0,0,0.4735546037182639
0,0,0.3311435964166605
0,0,0.30973450590741947
0,1,0.7324062852687346
0,1,0.5043018465763929
0,0,0.27773434319473184
0,1,0.5461972371042191
1,1,0.7628509417512602
0,0,0.10586323858962737
0,1,0.5208793977367069
0,0,0.36030914079500165
0,0,0.4967310790631043
0,1,0.5654441907730955
0,1,0.5551238049911726
1,0,0.15038016394350587
0,1,0.6538395479516049
0,1,0.6340502934702934
0,1,0.5426581240562666
0,0,0.11005937068827985
0,0,0.48686603107202353
0,0,0.31859357673168576
1,0,0.1845049262939059
0,0,0.3974098028723551
0,1,0.6952633972368587
0,0,0.1659722474681618
0,0,0.43389391654424275
0,0,0.34669470379738654
0,1,0.6429036795172011
0,1,0.5267573568044288
1,0,0.3764732167510462
0,1,0.6137612915279134
0,0,0.39249751723389903
0,0,0.28190303094763164
0,0,0.4029136470770234
0,0,0.29304476042931193
0,0,0.22760314918463204
0,1,0.5079393993552695
1,0,0.45336849359767717
0,1,0.6638769475775812
0,0,0.39770770983763837
0,0,0.398444569125592
0,0,0.48776119145837915
0,1,0.5264862282742152
0,0,0.22777672769978877
0,1,0.7363868725668821
0,1,0.7063564199630159
1,1,0.7816311734644683
0,0,0.2181834560452602
0,1,0.5091072443357229
0,0,0.31084627586274244
0,0,0.4664109262777512
0,1,0.6695289808975875
0,0,0.3394084073908534
1,1,0.5243312098699733
0,1,0.5534837026159841
0,0,0.35425739934500317
0,0,0.24836840505076785
0,0,0.3255375253282142
0,0,0.493218891142009
0,1,0.6594360416679808
0,1,0.5074714908218446
0,1,0.6598732602620646
0,0,0.014479868258599062
0,1,0.5185247075498051
0,0,0.4717123669702841
0,0,0.43772136808264694
0,1,0.7025943170189
0,0,0.4300529779605839
0,0,0.27204447973422785
0,0,0.4689799633048669
0,0,0.4993412194016167
0,1,0.7618838588537666
0,1,0.5619387465528763
0,1,0.5211706772918728
0,0,0.3011994276924728
0,0,0.42356678825871835
1,0,0.3746512484755192
0,1,0.6509396886839613
0,0,0.44067185033615003
0,0,0.29383374384028504
0,0,0.36456179483286766
1,1,0.7906459052792426
0,0,0.3013014324770693
0,0,0.4540433379631406
0,0,0.3812413949694286
0,0,0.2507245182385868
0,0,0.38758227694805614
0,0,0.4732855739200311
0,1,0.807145936671335
0,1,0.7982408847662603
1,0,0.1324900701276189
0,0,0.155462132011415
0,0,0.18774416491049728
0,0,0.3260363614656672
0,1,0.5444874404732444
0,0,0.3948209302760429
0,1,0.6572637117984318
0,0,0.3427307807560378
1,1,0.8456571945502569
0,1,0.7930741805625542
0,0,0.30911333108044703
0,1,0.5227803526469506
0,0,0.37655078884025817
0,1,0.5248009538926359
0,0,0.004078594175618813
0,0,0.3991925566707191
0,1,0.8602871773761114
0,0,0.30497236339678835
0,1,0.7589743125017394
0,0,0.2874644740855139
1,1,0.7944372360506151
0,0,0.21625977475835578
0,0,0.3349387322187256
0,0,0.3187599378838392
0,1,0.612465690890263
0,1,0.5166216282182474
0,0,0.4664104908700462
0,0,0.2433399146417877
0,0,0.45725964847548783
0,0,0.44880059528945043
0,0,0.23757042610658216
0,1,0.7096055621362564
0,1,0.5041298724171679
1,1,0.5473654541055634
0,1,0.8863750876326344
1,0,0.404836623520544
0,0,0.4606909696296812
0,1,0.5031280521493343
0,0,0.40390008396557214
1,0,0.3116064326541082
0,1,0.538751942445363
0,1,0.5588499716715458
0,0,0.31846738799313234
1,0,0.2471547803755741
0,0,0.47085815827884964
0,0,0.4337043027217348
0,1,0.6948027846215932
0,1,0.6537382074563346
0,1,0.5062471775214904
0,0,0.39372286333540846
0,1,0.6091200497609587
0,0,0.45368663112089835
0,0,0.2982760910743087
0,0,0.33941800802353517
0,0,0.21036945402938373
0,1,0.5281445880130706
0,1,0.6141146379521196
0,0,0.2590402466417846
0,1,0.6667785589316308
0,0,0.46768516255585774
0,0,0.2023360927483789
1,1,0.8349102885903872
0,1,0.5543277243408705
0,0,0.36057846028632573
0,0,0.1542196624102447
0,1,0.5096543895534824
0,1,0.5341197921092001
0,1,0.6182556649825546
1,0,0.3630478200384502
0,0,0.22007273478381809
0,1,0.6777755825511848
0,1,0.6963227487121137
0,1,0.5035867156406267
1,1,0.5316712705434189
0,0,0.3087411190666752
0,0,0.4314601185848601
0,0,0.26584286350928243
0,1,0.5711051343636367
0,0,0.35649787591713933
0,1,0.5479478897017851
0,1,0.6523892982312182
0,0,0.4107048716923445
1,1,0.5448081633830082
0,1,0.5673625215190119
0,1,0.6668134692688055
0,0,0.028520242779276662
0,0,0.45923567372958374
1,1,0.6408117541611702
1,1,0.8786900434611065
0,0,0.1756129393008369
0,1,0.5301961647026963
0,0,0.3685286993702657
0,0,0.3465148561148677
0,0,0.4665000492569252
0,1,0.5644402210342857
0,0,0.3996556111015724
0,0,0.42584774348400223
0,0,0.40875499918784863
0,1,0.6298320815356553
0,0,0.23023518287264008
0,0,0.36972791579445885
0,0,0.458760842312286
1,1,0.8064737737943719
1,1,0.5259354323295432
0,0,0.4806112871129922
0,1,0.5541657581932875
1,1,0.7039892692778623
0,0,0.4458654233546158
0,0,0.42551156251776834
1,1,0.8394027629818833
0,0,0.2923565270352599
0,1,0.544802261731646
1,1,0.8237251026873454
0,1,0.5528791261184105
0,0,0.45631189663781113
0,1,0.6416353125139357
0,0,0.458091377340958
0,0,0.42627807560455067
0,0,0.37977099465844083
0,1,0.6861208219198518
0,0,0.45283769201109947
0,0,0.39472944384930103
0,1,0.6412186636056457
1,1,0.6492663713505931
0,0,0.2828793153085973
0,0,0.4962335837596118
0,0,0.27366034466045114
0,1,0.5347160968229417
0,0,0.3720414597224179
0,0,0.3880364057442088
0,1,0.667506694105712
0,0,0.12145029073135186
0,0,0.43340652682059827
0,0,0.39842588517701716
0,0,0.39225048912510047
0,1,0.5285756296219969
0,0,0.3495302933492782
0,0,0.3680622104098832
1,1,0.6776331126588403
0,0,0.4105095039417319
1,0,0.4086600359675306
0,1,0.5061172460247098
0,0,0.29393477282257635
1,1,0.9249851762351499
0,0,0.3245196768256075
0,0,0.34781230695447635
0,1,0.6913383496984744
0,1,0.6092485080061689
0,0,0.3865615558429137
0,0,0.24873629624903312
0,0,0.432413111715879
0,0,0.4584040566994264
0,0,0.2119116929314292
1,1,0.8691401724220651
0,0,0.3768345699234958
0,0,0.4879253641498077
0,1,0.5221624795632758
0,0,0.4754750436010692
0,1,0.5164740124895387
0,0,0.15780008890853092
0,1,0.533098213064316
0,0,0.1265406979091043
0,0,0.34349336844741457
0,0,0.4475665296203973
0,1,0.5990687752479676
0,0,0.28599487278405106
0,1,0.5583915114232364
0,1,0.7729197519015701
0,0,0.41309459654019504
0,0,0.4850930129801716
0,0,0.3369442681736441
0,1,0.5340125819271494
0,0,0.32172066013045275
0,0,0.2894586496286588
0,0,0.31944536665729
1,1,0.8833743382329085
0,0,0.3260850682955325
0,1,0.7268459583323955
0,0,0.34266404434625025
0,0,0.4104858446496455
0,1,0.5411900273884946
0,0,0.425722365616019
1,0,0.46586177821089875
0,1,0.5254802958955463
0,0,0.49844285200672284
0,0,0.31603334161249863
0,0,0.29242087162607244
0,0,0.1605023058056597
0,1,0.5496827675365634
0,1,0.6339758714123139
0,1,0.5442216276904362
0,0,0.2074511978660657
0,0,0.2733435112387149
1,1,0.5244786062547145
0,1,0.505563122119528
0,0,0.2594418135006969
0,0,0.39561448633337193
0,1,0.7901135467450495
0,0,0.4755045964515457
0,0,0.48214081419691535
0,1,0.549594306041388
1,0,0.47990725323407474
0,0,0.3552468824760412
0,1,0.5448851896665863
0,0,0.3467318706873494
0,1,0.6692230411949354
0,1,0.5741220924540823
1,1,0.7881615987658603
0,0,0.14140600507194895
0,1,0.6047664881574655
0,0,0.28115672932794683
0,0,0.18800134366032098
0,1,0.5392539983574095
0,0,0.4086721747035161
0,1,0.6502910452697996
0,0,0.257755185965913
0,0,0.34850071340771926
0,0,0.45512760223613546
0,0,0.38088636621267635
1,0,0.37659774303764393
0,1,0.5798195366701109
0,1,0.5691674813199911
0,1,0.6214455911899665
1,1,0.8003640260752004
0,1,0.5387515481038609
0,0,0.10943371881873444
0,0,0.29489268844768796
0,0,0.30857710825997775
0,1,0.6712812527586932
0,0,0.4274476910884549
0,0,0.2911948062410153
0,1,0.7871996015367533
0,0,0.2774460171816987
0,1,0.7699951604939802
0,1,0.6353646775686309
0,1,0.5721178002485263
0,0,0.30973804827027634
0,0,0.49838473986985493
0,0,0.41759927594256036
0,1,0.6396695935521651
0,0,0.4164045494332919
0,0,0.3319603036786311
0,0,0.4139388846070093
0,0,0.2764617111247615
0,0,0.446904113667409
0,1,0.5470832296414148
0,0,0.46797019497301173
1,0,0.4341937700720807
0,0,0.29673499442833917
0,1,0.5567620436153489
0,0,0.11755949097713195
0,0,0.1876127541580773
0,0,0.42919680086271383
0,0,0.3059773781346825
0,0,0.2756412481254743
0,0,0.3996189201572515
0,0,0.2567795639268317
0,0,0.32087826327805885
0,0,0.36520392923181644
0,0,0.3814782219164378
0,0,0.40058372258730285
0,1,0.6650045695698434
0,0,0.2986141928139695
0,0,0.32793539716486664
0,0,0.48041997999778874
1,1,0.6999284254382884
0,1,0.5959469217192209
0,0,0.3140009572040101
0,0,0.349598582461013
0,1,0.6340297899402063
0,1,0.6165605619509522
1,1,0.5283717956854979
0,1,0.7696315463419253
1,0,0.17404577619756262
0,1,0.7899163434043478
1,0,0.46470761126854165
0,0,0.4618052121131853
0,0,0.3568400332221367
0,0,0.39983926034012707
0,1,0.5163403135721881
1,1,0.5800463925141683
0,1,0.7434970271884067
0,0,0.2574981438203617
0,0,0.23704975807394837
0,1,0.8826819017065827
0,0,0.42914494564556577
0,0,0.4108016009367572
0,0,0.2758595107128591
0,0,0.2788983000524602
0,0,0.31679255165372244
0,1,0.5719700217855076
0,0,0.44331379019569284
0,0,0.4919896536095201
0,0,0.2902227431424306
0,0,0.3132064885274536
1,0,0.4333420472377162
1,0,0.4519000873163882
1,1,0.5855949189352269
0,0,0.2669871076730665
0,0,0.3862766503211473
0,0,0.45332186427180726
0,0,0.4809581833756095
0,1,0.8318314368352653
0,1,0.798443106439803
0,0,0.30542833839378747
1,0,0.2797630422301245
0,0,0.44562654752057473
0,0,0.2094870270954967
0,0,0.448551220325439
0,0,0.48005271977489145
0,0,0.28517463008399646
0,1,0.5746236478311889
0,0,0.43252253670899077
1,1,0.8660927167761442
0,0,0.37889031419235797
0,1,0.6941690451550233
0,0,0.4094164747359106
0,1,0.5163332845617272
0,1,0.5048598325538384
0,0,0.4185587526172848
0,0,0.48924963681428546
0,1,0.5932416371193634
0,0,0.4793152705273609
0,0,0.2565959625384199
0,0,0.4572912732053241
0,1,0.5160460714840767
0,0,0.1344318956373605
0,0,0.15049247763179618
0,1,0.5435006158697285
0,0,0.4906161284380187
0,0,0.44301815990026955
0,0,0.38842646556514415
0,0,0.4999311745632058
0,0,0.12506907075349344
0,0,0.4697636494357403
0,1,0.6668652521842564
0,0,0.4876015724298293
0,1,0.5268044581915425
0,0,0.36090842992734146
0,0,0.315375991049269
0,0,0.3317309403344409
1,0,0.3566001386524285
0,0,0.13608160688173598
0,0,0.3164636829896845
0,0,0.3611564363083794
0,0,0.47984056477519443
0,0,0.45582131205637777
0,0,0.4436135243233527
0,0,0.3700140712859655
0,0,0.48774138449544946
0,0,0.4791378153261563
0,0,0.3894036279851651
1,1,0.6825036560511566
0,0,0.4652049836668428
0,1,0.7137767596442076
1,0,0.29195181265250975
1,1,0.898357205808952
0,0,0.46787866530063427
0,0,0.24611499699373568
0,1,0.504019697584205
0,1,0.5201819258024488
0,1,0.8815809328060755
0,1,0.5014307842756266
0,0,0.4366950698864023
0,0,0.31704222889774786
0,0,0.43088729564691713
0,0,0.32120630203864853
0,1,0.6546676971677063
0,0,0.28399527036384453
0,1,0.6468562370771705
1,1,0.7103000766446954
0,0,0.4604745150410737
0,0,0.4765542486390528
0,0,0.464828167046611
0,0,0.3429875967135446
1,1,0.846604188208988
0,1,0.6241012658827533
0,0,0.43699067821977033
0,0,0.3119280168407203
0,0,0.1852604252540647
0,0,0.3408862605292382
0,0,0.44649908625093016
0,1,0.5673784292611384
0,0,0.3605241510219986
0,0,0.1996395024221023
0,0,0.42768292016294424
0,0,0.26500529245659843
0,0,0.3635656067129709
0,0,0.36113874992526257
0,1,0.5318335363628413
0,1,0.5854733290478051
0,0,0.27906297985153045
1,1,0.5860560391002434
0,0,0.46161024723584937
1,0,0.4078553410498691
1,1,0.5114678011462269
0,0,0.277596355094092
0,0,0.3852316752408718
0,0,0.40575397862570894
0,0,0.4201800583449273
0,0,0.3796927416518739
0,0,0.47452954104486617
0,1,0.595438594509969
0,0,0.456486571212227
0,0,0.34312291341121526
0,0,0.4166721720988401
0,1,0.5338969363599751
0,0,0.24680881061282517
0,1,0.7872190900333821
0,1,0.5426335646707204
0,1,0.519452881600744
0,0,0.00696895638162609
0,1,0.5591126629362156
0,0,0.2646791306886576
0,1,0.6548259967571797
0,0,0.4837457337785946
0,0,0.2911329949134676
0,1,0.5630782574480828
0,1,0.5527967617576405
0,0,0.4122229695484305
0,0,0.3109888608829719
0,1,0.7283418005023944
0,1,0.6050371139504447
0,0,0.33457882760108587
0,0,0.2290988281440151
0,0,0.4375555463987511
0,1,0.5001350236903175
0,1,0.5252814959457046
0,0,0.13442975412175054
0,0,0.4838830633568695
0,0,0.31157006615822214
0,1,0.5470936245245336
0,0,0.3804287369082376
1,1,0.8286596309374576
0,0,0.309241813854268
0,0,0.29646867878836386
0,0,0.2834790219148667
1,1,0.7016233853995449
0,1,0.5775034635972047
0,0,0.26983696951835695
0,0,0.44551527432448895
0,1,0.8193541515213186
0,0,0.39700572658735245
0,0,0.3770459453276472
0,1,0.5060854585346923
0,1,0.6087589047045678
0,1,0.6340818410670201
0,1,0.5387847822146501
0,1,0.8166550820560257
0,0,0.3228227865482304
1,1,0.8840622037687083
0,0,0.4358428891037668
0,0,0.06575860551689369
0,1,0.5254741222873179
0,0,0.2853525177151903
1,1,0.7244767290860319
1,1,0.5723496286110253
0,0,0.3595163193632808
1,1,0.5895840828141734
0,0,0.3550964800289629
0,0,0.42889108741815934
0,1,0.7029126450185437
0,0,0.24125235622949112
0,0,0.052993151973850613
0,0,0.3694851367985675
0,0,0.08019767266925738
0,0,0.2800735728691273
0,0,0.07905307624953416
0,0,0.4748252367537069
0,0,0.360123828602742
0,1,0.7564248585757851
1,0,0.2929469863703633
0,1,0.5242185817433429
0,1,0.6383380272992938
0,0,0.3349356099089722
0,1,0.5311984003236279
0,0,0.1915823399649769
0,0,0.35589318084395544
0,1,0.7702362916396807
0,0,0.4154470334771646
0,0,0.1338329826077779
0,0,0.4159743459704483
1,0,0.4450468437498265
0,1,0.512131455815072
0,1,0.5134742504064682
0,0,0.4201488746913288
0,0,0.3350178277543625
0,0,0.32555796317172264
0,0,0.13377335022804135
0,0,0.39726496205066897
0,0,0.39959307640213954
1,1,0.8386370718221082
0,0,0.45162915688686106
1,0,0.46506825085486897
0,0,0.4839131736988324
0,0,0.49385861695559363
0,0,0.48731837566173314
0,0,0.379898124050648
0,0,0.35476638259269955
0,1,0.5508726344825083
0,0,0.41809685421863774
0,1,0.5015292562453526
0,1,0.5148071286315492
0,0,0.14740585383557925
0,0,0.4139596068207279
0,0,0.49204811036266105
0,0,0.2605519690912036
1,0,0.40096255612425047
0,1,0.5241614421163509
0,1,0.5262311377117269
0,1,0.6168854450881445
0,0,0.46887218046712803
0,1,0.5965328589394394
1,0,0.30641432094148346
0,1,0.5350295712792222
0,0,0.42498638817015305
0,0,0.34885148220355583
0,1,0.6089421710131738
0,0,0.40441149194295223
0,0,0.4433231584127919
0,1,0.5639558751998365
0,1,0.6368003460128113
0,0,0.1808139111514596
0,0,0.3586794531204479
0,0,0.45549084411140334
0,0,0.40805558459324803
0,0,0.0044094960229931765
0,0,0.3799819089016001
0,0,0.247112724399643
0,1,0.6686793809086069
0,0,0.2865496131149982
0,0,0.483540447449362
0,1,0.7359507338128674
0,0,0.2731485028457345
0,1,0.5525477230984062
0,0,0.21991597500498805
1,0,0.3907091942419109
0,0,0.39936287523592756
0,0,0.470176951760268
0,1,0.7359691909700319
0,1,0.5700723914926429
0,0,0.008331510630929576
0,0,0.2249234830223092
0,0,0.2620572773703148
0,1,0.5425146458164283
0,0,0.2951600708419567
0,0,0.462329599647412
0,0,0.39280768694634655
0,0,0.3421364718688976
1,0,0.44382228306679333
0,0,0.2042401789384877
0,1,0.6562503348159057
0,0,0.3651746729053509
0,0,0.41492837718854264
0,1,0.7926173193785885
0,0,0.3266192762520617
0,0,0.354147990750039
0,0,0.4886693855324046
0,0,0.39907094386267
0,1,0.6720413863236278
0,1,0.6540195715382138
0,1,0.6187068773225631
0,1,0.5925758610710924
0,0,0.4909228356630129
0,1,0.570657336454714
0,1,0.6561009098637658
0,0,0.36740921563106
0,0,0.4032856192635643
1,0,0.3851551606473493
0,0,0.3620164991095303
0,1,0.8105745184790958
0,0,0.4425287089593999
0,0,0.3005569598281652
0,0,0.31146221792605944
0,1,0.695523231160059
0,0,0.44482401371216856
0,0,0.3963521222682045
1,1,0.5674331361233711
0,1,0.7936898066434881
1,1,0.8507652207594016
0,1,0.6487031348889947
0,0,0.29324291585257084
0,0,0.2481555866156199
0,1,0.5064359293922631
0,0,0.43277171952864635
0,0,0.10106785373046881
0,0,0.45642035186711494
0,0,0.478427160941938
1,0,0.3897731669793915
1,0,0.4887990905436002
0,1,0.5460012053984781
0,0,0.20691343814126037
0,0,0.007927272678564754
0,0,0.3465503757622946
0,1,0.6296701198056881
0,0,0.48096787908601013
0,1,0.606646493102159
0,1,0.5141044296702905
0,1,0.5072258398446243
1,1,0.6347553642085617
0,0,0.3909473907449855
0,0,0.3267005593988091
0,1,0.6021445054627492
0,0,0.33768559496684225
0,1,0.5238830036409954
0,1,0.7142586805290501
0,0,0.3948079538526934
0,1,0.5566285164574523
0,0,0.32878706658139983
0,0,0.10537162368043766
0,0,0.3156177668369006
0,0,0.49211977699905235
1,0,0.22229268494769255
0,1,0.5013412390612969
0,0,0.2273979169492425
0,1,0.6160710100245171
0,1,0.5351182818184493
0,0,0.348234658850746
0,0,0.17597257691538964
0,0,0.24385509632979396
1,1,0.6708794918708589
0,1,0.7727292441806795
0,1,0.6165563670445136
0,0,0.34316866588275535
0,0,0.060615525374562385
0,1,0.5066721907329276
0,0,0.4746052167357962
0,1,0.6174501968022232
1,1,0.9481308334360786
0,1,0.733830031309877
0,1,0.8233583809836705
0,0,0.47746568758249913
0,0,0.38926191229371
0,1,0.6892875191613104
0,0,0.4014698631593913
0,0,0.3547716416691926
0,0,0.44741352272355234
1,0,0.4309497880672183
0,1,0.5487822431710265
1,0,0.42835567105197875
0,1,0.62516013081593
1,1,0.6437518234448824
0,0,0.11086796148170545
0,1,0.892312498292004
0,0,0.30222846274735987
0,0,0.46939964992769473
0,0,0.4029915172588999
0,1,0.7000081930786956
0,1,0.5948802565564968
0,0,0.4781234327220035
0,1,0.6322127171245424
0,0,0.23451171920641814
0,0,0.49542870136566025
0,0,0.07818639756305262
0,0,0.422119505247206
0,0,0.3319079148036512
0,0,0.07527089368204841
0,0,0.2623353835592316
0,0,0.36171086969241306
0,0,0.3640987818638138
0,0,0.432687705023648
0,0,0.4048154470652492
0,1,0.5298856510868815
0,0,0.3881459481854138
1,0,0.48724027027793726
1,0,0.33794161744041895
0,0,0.28597251247630834
0,0,0.10583232912005205
1,1,0.5665089816628158
1,0,0.42101694405484835
0,0,0.2577592250454059
0,0,0.29070068291402246
0,0,0.2975999397064359
0,0,0.3328424661364089
0,0,0.4461197746081867
0,0,0.2678936444972543
0,0,0.4632453733572376
0,0,0.37754528260566783
0,0,0.4316267228011234
0,1,0.5592476144912828
0,1,0.5978429817991009
0,1,0.7963636276352335
0,0,0.41862502490632797
0,1,0.7409263520451704
0,0,0.39316244311374365
0,0,0.47023600154856243
0,1,0.5710189106570465
1,1,0.7127224096240689
0,0,0.3687979641629312
0,1,0.8026233179207459
0,0,0.38659568379919584
0,1,0.8566354675326772
0,0,0.42101120104191686
0,0,0.3624828389948964
0,0,0.3387360220834197
0,0,0.3804362758902477
0,0,0.07718368495327052
0,0,0.4194040136583075
0,0,0.37604814694880784
1,0,0.19920800917541073
0,1,0.5884890048013048
0,0,0.25198097333176644
0,1,0.5787544138473374
0,0,0.4772028382176458
0,0,0.33151007503230606
0,1,0.8207666128627614
0,0,0.2341964202713283
0,0,0.08284566866165553
0,0,0.42572039773942805
1,0,0.03363172552534068
0,0,0.46321502037137463
0,0,0.4005771896932088
0,1,0.5106435377810582
0,0,0.4706705902738547
0,0,0.3533086274523212
1,1,0.6044588967079845
0,1,0.627093435100186
0,0,0.2808262641326313
0,1,0.5886176509285101
0,0,0.31887630883253504
0,0,0.3345734866788498
0,1,0.51076601783815
0,0,0.005428034431533403
0,1,0.5927188477464894
0,1,0.7474458185054824
0,0,0.28564719323214205
0,0,0.45264457242878925
0,1,0.613082027856649
0,1,0.5144319582238832
0,1,0.5821443777069548
0,1,0.68703225720994
0,1,0.6473386657954404
0,0,0.061681447237890354
0,1,0.5239384127422743
0,0,0.2860172083103203
0,0,0.3924165352999564
0,0,0.4895286764046756
1,0,0.42424044926741344
0,0,0.30905033665865983
0,0,0.42613961621935564
0,0,0.1586445671390922
0,0,0.2891075159492619
0,0,0.31573778862724244
0,1,0.6917161670661784
0,0,0.4658047751909283
0,1,0.6171527034571614
0,0,0.3304356747287512
0,0,0.10244672608305655
0,0,0.47909389583180134
0,1,0.8274129588134952
0,0,0.38313611255183677
0,0,0.4434941283212671
0,1,0.5798264348689384
0,0,0.48064621406163127
0,0,0.2739104002459635
0,0,0.2490477257980522
0,0,0.49801143323277036
0,0,0.39463830169673253
0,0,0.49987732713308636
0,0,0.3644159768819622
0,0,0.36693005511684584
0,0,0.40028244174321104
0,0,0.23106567051876356
0,1,0.875193584479224
0,0,0.3906106804545765
0,1,0.5482248900964879
0,1,0.6032149130506618
0,1,0.6201715437357608
0,0,0.42418892505777434
0,1,0.8803338994264049
0,0,0.40493433919299054
0,0,0.26468927440865114
0,0,0.38318040729434866
0,0,0.3389866595304955
0,0,0.33640510149584063
0,1,0.5292035950847003
0,0,0.491302899022193
0,0,0.33276908178464526
0,1,0.5576839648271402
0,0,0.4389675940480147
0,0,0.37636046513935156
0,0,0.4891129100636521
1,1,0.7401555938130852
0,0,0.43698579911991836
0,0,0.3484432810044515
0,0,0.46845390321931724
0,0,0.1777750916545591
1,0,0.38898410302848
0,1,0.7133531182121304
0,0,0.29539862299664704
0,1,0.5287303610499186
0,0,0.49019321732820764
0,0,0.27756688198348156
0,0,0.278289381363266
0,1,0.7026443076956328
1,1,0.6586960424014593
0,1,0.6415553444067922
0,1,0.633878606998753
0,0,0.4073836928676388
0,0,0.3946082748553638
0,0,0.3560686539042298
0,0,0.46364527469938777
0,0,0.3128703387136287
0,1,0.6943703084101875
1,1,0.5145864302376056
0,1,0.5367016046603732
0,1,0.8723426732034525
0,1,0.5070153346587911
0,1,0.5629974063889154
0,0,0.3674136338574489
0,0,0.18132910200954538
0,1,0.5217381020598971
0,0,0.4173274786083861
0,0,0.4664618167551862
0,1,0.6049368548810544
0,0,0.345839096321733
0,0,0.44951163069431826
0,1,0.5415203173366633
0,0,0.35588806974264825
0,0,0.4549933226890452
0,0,0.15453638056139954
0,1,0.8512579287969593
0,0,0.3085571641665894
0,0,0.445335896493315
0,1,0.9415313279761486
0,0,0.3882679569212068
1,1,0.6409149569914159
0,0,0.015149273933703977
0,0,0.4644283069300654
0,0,0.36089015611447706
0,1,0.5628827048874785
0,0,0.2954745374133889
0,0,0.30514315846277557
0,0,0.39522973019755425
0,0,0.38969340492632154
0,0,0.23820389898623892
0,1,0.7125410769799739
0,0,0.3012277689895642
0,1,0.7266535819654808
0,0,0.22910501311067663
0,1,0.6753688615369734
0,0,0.3826654849798201
0,0,0.1752140852713043
0,0,0.3887488785117023
0,1,0.6362625570986509
0,0,0.17816622416107955
0,0,0.35281253571326837
0,1,0.6952047135414898
0,0,0.3802953989185597
0,0,0.20200208929204325
0,1,0.5356057174491116
0,0,0.3126430951238941
0,0,0.0037854149548484815
0,0,0.3557181056446784
0,1,0.5017681795041883
0,0,0.24930742240000023
0,1,0.6312228381860231
0,0,0.3499303254664585
0,0,0.3885490385434073
0,1,0.6262587578036883
0,1,0.7477086445371505
1,1,0.7961275864812194
0,0,0.3018702880638447
0,1,0.7562959077167604
0,0,0.2703733982048642
0,1,0.5558536476112761
0,0,0.3343777714370597
0,1,0.7200344675869705
0,0,0.24273181168125973
0,0,0.393154519360255
0,1,0.5802665053724572
0,0,0.0752378690321117
0,0,0.35457787217607617
0,1,0.5555306283077446
0,0,0.1466865142741254
0,0,0.4461966351310795
0,0,0.40088922070419153
0,0,0.4739060281093629
0,0,0.4842125280552774
1,0,0.31470728746697696
0,1,0.6120293837734341
0,1,0.5151855985450385
0,0,0.40369888368434104
0,1,0.7425643089199386
0,0,0.45345260091892914
0,0,0.12067260434627318
0,0,0.4163217728025611
0,0,0.3504351108211711
0,0,0.42189325923293625
0,0,0.3084156794162959
0,0,0.26702580135410836
1,0,0.3156990385775262
0,0,0.39555316891928716
0,0,0.4658377876658277
1,1,0.7357732224359504
0,0,0.3119686003774334
0,0,0.3123101934322099
0,1,0.5124615818177765
0,0,0.49872892387415957
0,0,0.35448437342208844
0,0,0.39662394053271455
0,0,0.4222373889411024
0,0,0.3589625732999869
1,0,0.4751337544279531
0,0,0.46491689920802837
0,0,0.4153019813664208
1,0,0.44672501945068027
0,1,0.7150229920117306
0,0,0.2882665945320683
0,0,0.3224949639788812
0,0,0.3292764087496573
0,1,0.6199325219532064
0,1,0.5847665534144205
0,1,0.7970010657435374
0,0,0.4719927122395161
0,1,0.505579470967564
1,0,0.1895845736059527
1,0,0.18796009963668528
0,0,0.354570291168713
0,1,0.511055614824963
0,0,0.41699886769670935
1,0,0.31533905333140083
1,1,0.565323102184188
0,0,0.3423625469127695
0,1,0.6654370123763408
0,1,0.678647940057172
0,1,0.6647456753793173
1,1,0.8184493416580345
0,0,0.45946386350809726
0,0,0.48114540375523673
0,1,0.7525854471136215
0,0,0.3703745976466026
0,0,0.032233538505044575
0,0,0.4430261514642945
0,0,0.2828034650596859
0,0,0.41657991624567087
0,0,0.30223969631847797
1,0,0.4333436384419977
0,0,0.42412962657433995
0,0,0.228350985349096
0,1,0.5058199100721027
0,1,0.5811328064491609
0,0,0.39582513721649304
0,1,0.5244799654479428
0,1,0.5816581139864686
0,0,0.37935672026977896
0,0,0.12425567454744149
1,0,0.29782236117087313
0,0,0.28178649875007655
0,0,0.4067315304213951
0,0,0.26659611504941105
0,0,0.4192609888826018
0,1,0.5493225451673321
1,1,0.5169631861650269
0,0,0.38102888273281427
0,0,0.23161419673274775
0,0,0.48153387827145605
0,0,0.4124581831149446
0,0,0.47811520414406145
0,0,0.36097565920973784
0,0,0.467800150924407
0,1,0.7025189172011447
0,0,0.38160046874551706
0,1,0.6515177374657422
0,0,0.26059664482972256
0,0,0.30029406358887634
0,0,0.41087654193049494
0,0,0.4537642001457451
0,1,0.6016758049724881
0,1,0.744082904770943
0,1,0.5864995569167057
0,0,0.16948652109310608
0,0,0.42427640349599866
0,0,0.42388959252669506
0,1,0.5771982618167049
0,1,0.5180125757327011
0,1,0.5612602242169751
0,0,0.36986727479945253
0,0,0.4510601344341311
0,0,0.47056880782633637
0,0,0.3733229409702977
0,0,0.356002989466737
0,0,0.41240163001733615
0,0,0.3442966129509881
0,0,0.366363556015326
0,0,0.36763707083741054
0,1,0.5317044377522562
1,0,0.41802327937083195
0,1,0.6423860165170854
0,0,0.3292030018572976
0,1,0.5253794849262979
1,0,0.44356458385938413
0,0,0.43805301170664795
0,0,0.4899737259259544
0,0,0.4093268177531522
0,0,0.3556737063061798
0,0,0.48144597746668455
0,0,0.09943156418923228
0,0,0.31131085561188965
0,0,0.2722651131232954
0,1,0.7605844159635301
0,1,0.6983382808052481
0,0,0.26060544451661205
0,0,0.39163154025384556
0,0,0.46724106773167173
0,0,0.4074659212372576
0,0,0.3339445406695392
0,1,0.5867631316277323
0,0,0.4943456093535288
0,0,0.3637125398844757
0,1,0.626937903505543
0,0,0.3162166391483621
0,1,0.820407910497647
0,1,0.518881861112711
0,1,0.6047139720704605
0,0,0.2630587889368361
0,0,0.2631538307734702
0,0,0.4101442646992114
0,0,0.4285783454603634
0,0,0.30749762207594056
0,1,0.5909760877750659
0,1,0.7231000209622587
0,1,0.6509815147738868
0,1,0.6008984584896004
0,1,0.6614333974666774
0,1,0.5485622441839665
0,0,0.4715536056210047
0,0,0.33329078410874863
0,0,0.29569329362157265
0,0,0.44828125537385766
0,0,0.1606903190982586
0,0,0.39920166001085233
0,0,0.33888967740177683
0,0,0.35618068090866783
0,0,0.37187023631812316
0,0,0.3750073697408575
0,0,0.45540351178533567
0,1,0.6675819023633536
0,1,0.5608977410737288
0,1,0.6714112161636795
0,1,0.5632374725336337
0,0,0.40786714592255163
0,1,0.5505478993735244
0,0,0.3962493489665408
0,0,0.4507173527203801
0,1,0.587176460293035
0,1,0.6075928484977331
0,1,0.547139842303215
0,0,0.36490089593607655
0,0,0.33684151355108255
0,1,0.5186284295821926
0,0,0.31826174776628874
0,1,0.7597353071171873
0,1,0.6662290469116052
0,1,0.5034865384712782
1,0,0.4390355223468468
0,1,0.6275988833897057
0,1,0.5583356398226579
0,0,0.37418104737191693
0,1,0.6925429748432891
1,1,0.7058086563358246
0,0,0.4631043987045843
0,0,0.3969470971499342
0,0,0.4324488818131805
0,0,0.30999771478602045
0,1,0.7783004141900286
0,0,0.2850424678281901
0,0,0.13901871065314253
0,0,0.49656889777485647
0,0,0.47687626384532417
1,1,0.631502188607624
0,0,0.29789507207505245
0,1,0.6811897893580885
0,0,0.2603727089417963
0,0,0.015747122370423153
0,1,0.6154169526150247
0,1,0.9289547759718044
0,0,0.32858931425764987
0,0,0.33835197524785465
0,0,0.2836568317439741
0,1,0.849152063973323
0,0,0.1912019553151303
0,1,0.7461490154372296
0,0,0.30349633903004714
0,1,0.5610714075151471
0,0,0.34955127083225174
0,0,0.30588493868129885
0,1,0.5474933880203845
0,0,0.003991565243436586
0,0,0.23603367610562573
0,1,0.6011769921592331
0,0,0.3951786052414453
0,0,0.3624200720216576
0,0,0.34188397227737644
0,1,0.6002196095659669
0,0,0.42548137033233313
0,0,0.4353279694024647
0,1,0.6565420211878743
0,1,0.5244204210356569
1,0,0.37655103601332524
0,1,0.8312555329429023
0,0,0.007726335919215458
0,1,0.8507110077883775
0,0,0.27684387159515805
0,1,0.509723118155042
0,0,0.4248915029490554
0,0,0.38804228461462975
0,0,0.4149959497920254
0,0,0.4310693306453843
1,1,0.532970524127225
0,1,0.7965311967047792
0,0,0.1402160146963071
0,0,0.32901945162565804
0,0,0.45402231967352896
0,1,0.620141223722776
0,0,0.40077816968298996
0,1,0.538369369655927
0,0,0.30122727082983336
0,0,0.3087313141323652
0,1,0.6375822947124166
0,1,0.6072965336432866
0,1,0.5797790222172085
0,1,0.5867641354948585
0,0,0.2928274183023188
0,0,0.3761110599518487
0,0,0.3613883567040228
0,1,0.5599417151689757
0,1,0.5157312105642287
0,1,0.5037833990449353
0,0,0.055279011399505355
0,0,0.03520528336509726
0,1,0.548249281604354
0,1,0.5633794373972706
0,1,0.6983902509936695
0,0,0.4896235249940071
0,1,0.5603147563625749
0,1,0.7507437824999194
0,0,0.1860633462398635
0,0,0.37521826490431265
0,1,0.5034274668760169
0,0,0.28733205135498496
0,0,0.3543151476245282
0,0,0.3690648531024532
0,0,0.055799558033686136
0,1,0.6202648310903169
0,1,0.7495955674087922
0,0,0.03153638052685182
0,0,0.005425022262870742
0,0,0.35853278789210663
0,1,0.689508120290083
0,1,0.7144861528248218
0,0,0.37588168118432874
0,0,0.42979138353475554
1,1,0.6060760460500223
0,0,0.004572681416035242
0,0,0.459490661349138
0,0,0.4623033366872459
0,1,0.5008111953509038
0,0,0.37309819004869327
0,1,0.9073376754978414
0,1,0.5324341614609384
0,0,0.46619142375085143
0,1,0.7050691853938178
0,0,0.3010496701278791
0,0,0.15615059288390765
0,0,0.25899591614480527
0,1,0.6039724655096494
0,1,0.6752670490450124
0,1,0.5024881598445131
0,0,0.3928057131064497
0,1,0.5428518055891635
0,0,0.4242209633820748
0,1,0.5181820633942872
0,0,0.19273446148936058
0,0,0.41960266382845485
0,1,0.5579950525485875
0,1,0.5459185925934829
0,1,0.6006850405632381
0,0,0.4260180764194358
0,0,0.2890288461261525
0,1,0.6593906939156688
0,0,0.33429671308036707
0,0,0.3076111679501058
0,0,0.44853142372740884
1,1,0.7509808607213646
0,0,0.319975265740434
1,1,0.9519936009666398
0,0,0.3784468473015702
0,0,0.37295443828545005
0,0,0.4959262406834354
0,0,0.42652768017177206
0,0,0.44218965885408934
1,0,0.1411983529184948
0,0,0.37881487998298785
0,1,0.5149602046204789
0,1,0.6464196739624877
0,1,0.5586541721671127
0,0,0.4468630725330954
0,1,0.5970347484945507
0,1,0.5105200816077641
1,1,0.7493175713717077
0,0,0.2613493133158874
1,0,0.4759409492496032
0,0,0.4337990679847068
0,0,0.38370135631938634
0,1,0.5824717835872187
1,0,0.4952997292443886
0,0,0.32543008980071425
0,1,0.8199957212538239
0,0,0.3830008780196923
0,0,0.35002916450995575
0,0,0.4105680002638669
0,0,0.4930509010415369
0,0,0.44971157015519775
0,1,0.5397320083274596
0,1,0.5076747461901125
0,0,0.17729473290445721
0,1,0.7787174629799721
0,1,0.5709973572623325
0,1,0.5075145672932054
0,0,0.4614444223724798
0,1,0.767103122070565
0,0,0.31678218705176187
0,0,0.4657453689986199
0,0,0.3738392071911218
0,0,0.47218716212024653
1,1,0.7468706154220623
0,0,0.4755628539348177
0,0,0.34982794521254656
0,0,0.2888549970832986
0,0,0.14181680546959693
0,0,0.3459769409195953
0,0,0.351377644246495
0,1,0.6477509100516115
0,0,0.42662405033000844
0,0,0.424774793478877
0,0,0.327069552410871
0,0,0.3842689548511638
0,0,0.46904583826580043
0,1,0.6434481868630362
0,0,0.12406177459546225
0,0,0.27660364785929414
0,0,0.3623722469179968
0,0,0.3063121106385419
0,1,0.5179465791874296
0,0,0.4338311668759876
0,1,0.5403003904887816
0,0,0.33227051579801326
0,0,0.24709747836284507
0,0,0.34961600583264446
1,1,0.6768208237814763
0,0,0.18043172627379508
0,1,0.5843734118447508
0,0,0.4359379393247379
1,1,0.8469486421826864
1,0,0.3647653077506606
0,0,0.47994628305738624
0,0,0.33234419989936953
0,0,0.3636271737701964
0,0,0.1562922566300928
0,1,0.5853149155285537
0,0,0.481921192255767
0,1,0.6791869186691648
0,1,0.565546399726649
0,0,0.4630854300134036
0,1,0.6837073719594248
0,0,0.389691087407298
0,0,0.002223629982223508
0,0,0.30291530079449747
0,0,0.39479967433250013
0,0,0.26509893857380656
0,0,0.44857878991433303
0,0,0.4660826575286475
0,1,0.5802306622572936
0,1,0.583607554653651
0,1,0.5525565969303239
0,0,0.18152518113540603
0,1,0.5485215611584379
0,1,0.8270909680074585
0,1,0.6818879422600888
0,0,0.20451222038018166
0,1,0.5708899463289339
0,0,0.3486803331335951
0,0,0.4277997610664475
0,1,0.5352610344936909
0,0,0.34732215208416345
0,0,0.3787803741640393
0,1,0.575075908930514
0,1,0.5961342015682632
0,0,0.4874189725272866
0,0,0.38541503420927864
0,1,0.5757082251317847
1,0,0.18020589727577546
0,1,0.9351855962774053
0,0,0.19954368374330217
0,0,0.3562294314781145
0,0,0.0934709889324617
0,1,0.5815615256066273
0,0,0.34248830059646246
0,0,0.256069764211166
0,1,0.5621361331437588
0,0,0.17467706767205202
0,0,0.2718740662980832
0,0,0.291823228043649
0,0,0.2057662829480308
0,0,0.48550128541665866
0,0,0.2826302853496631
0,1,0.7374685507538579
0,1,0.507249908492958
0,0,0.4559871954991456
0,1,0.9022422926797691
0,0,0.2995502408290543
0,1,0.5439010457050029
0,1,0.5057838346984501
0,0,0.4838787330544279
0,0,0.3745150407629831
0,1,0.5947250476457151
1,1,0.7419788740668394
0,0,0.3964855241358612
0,0,0.46062263109185686
0,1,0.6094339206434818
0,0,0.4379553668603731
0,1,0.5359910060473745
1,0,0.2688888870772916
0,1,0.5016697422251849
1,1,0.7432699654577996
0,0,0.26393153308034567
0,1,0.5718755625749937
0,0,0.40858130730747577
0,0,0.2745392033318796
0,0,0.3598615456778985
0,0,0.30013692110260853
0,1,0.6466545978137925
0,1,0.8373385226745688
0,0,0.39068223396161794
1,1,0.6240961203064053
0,1,0.6133486415519589
0,1,0.5124824926064843
0,1,0.5905790103934973
0,0,0.3685720748199983
0,0,0.48018042298409136
0,1,0.7182243919300051
0,0,0.36148339378899863
0,1,0.6065948470401459
0,0,0.24657597501895492
0,0,0.44662703494950606
0,0,0.42956965835877475
0,0,0.22334541167807204
0,0,0.3434796391824263
0,1,0.5586575328540688
0,0,0.13150313924970122
0,0,0.4105721154156271
1,0,0.37393954093074067
0,0,0.3326508638730782
0,0,0.36721081801503325
1,0,0.4554723856609616
0,1,0.6584749157120497
1,0,0.4193019569239917
0,0,0.2514459907500222
0,0,0.2606623846373399
0,1,0.5193125013339432
0,0,0.38086932326812606
0,1,0.6380516468804069
0,1,0.6366573657621969
0,1,0.5311103207689089
0,1,0.5867519489546216
0,0,0.3440295627545368
0,0,0.08538076557439918
0,0,0.4626155059147016
0,1,0.88072565234902
0,0,0.43347733044398945
0,1,0.5961155235838828
0,0,0.09102373652199876
0,1,0.5106827840648007
0,0,0.4002150549450294
0,0,0.36806625158658474
0,0,0.3912077516304347
0,1,0.6563775496771281
0,0,0.453600579189972
0,0,0.4153815279481731
0,1,0.5278697443135699
0,0,0.3145249525663327
0,0,0.4874205121191534
0,0,0.40604223431959047
0,0,0.43955200739680766
0,0,0.4920594512348623
0,0,0.3795434658958425
0,0,0.4998347725326545
0,0,0.3651268365942474
0,1,0.698055503256131
0,1,0.6247665799397656
0,1,0.6885224097649482
0,0,0.3001993298650028
0,0,0.43090208667209284
0,0,0.4729426599661558
0,0,0.36040234217050265
0,0,0.34998833473751617
0,0,0.45753937341265666
1,1,0.9735729666088293
0,0,0.45859200248246046
0,1,0.7119666933702226
0,0,0.31583093480628294
0,1,0.6048708966939785
0,0,0.4816712259313905
0,1,0.6011013127744804
0,0,0.23752755272507237
0,0,0.36079394501345774
0,1,0.5078187722986299
0,0,0.4957801872565119
0,1,0.547635632795841
0,0,0.49530003544265827
0,1,0.8982807220184776
0,1,0.5076735396601011
1,1,0.6131146355182706
1,0,0.23469465515896595
0,0,0.2127773254170072
0,0,0.3656272062153582
0,0,0.16308181202586372
0,1,0.6370927548487778
0,1,0.677748546405203
0,1,0.5694869956012032
0,0,0.4210806418955697
0,0,0.4412363558698925
0,0,0.2242955759029727
0,0,0.32212496030897453
0,0,0.40757307627974126
0,0,0.4914239437493135
0,0,0.47704066205977996
0,0,0.3860152645577796
1,0,0.4017918900433745
0,1,0.5807569719896329
1,0,0.2747582053005476
1,0,0.26293090947191644
0,1,0.6500756893644621
0,1,0.6267131552484293
0,0,0.1706355309261878
0,0,0.4488510752827757
1,0,0.3859136004103166
0,1,0.5268557095012111
0,1,0.6065397259912435
0,0,0.46642437449713914
0,0,0.4710521617784448
0,0,0.2582309902511267
0,1,0.5092183814557975
1,1,0.5976200099558757
0,1,0.6822751591810031
0,0,0.28855857160754067
0,0,0.43731176486995277
0,1,0.561700629446219
0,0,0.19950651054421414
1,1,0.5355620504643646
0,0,0.34076068467379617
0,0,0.32726542147928545
0,0,0.4476143658893769
0,0,0.47763556631364235
0,0,0.4672411668323073
0,1,0.6963782244244443
0,0,0.3632491767440779
0,1,0.5552394661742184
0,0,0.2215576763293683
0,0,0.372516545565913
1,1,0.8522812776839648
0,1,0.6785388926494106
0,1,0.6138076623637195
0,0,0.244523715892832
0,1,0.7101481765914704
0,0,0.3478691757214061
0,0,0.36299394905996796
0,1,0.5353308843558154
0,0,0.48899009256051523
1,0,0.48217994416859405
0,0,0.3991671905935417
0,0,0.4057599626855883
1,0,0.2803111307356119
0,0,0.3203852047251482
0,0,0.41627631210911714
0,0,0.33372365416671407
0,0,0.29969922733154475
0,1,0.5439095690852058
0,1,0.7745586684855092
0,0,0.3566802127315522
0,0,0.22733083928336742
0,0,0.34309175271867104
0,0,0.20142954712197908
0,0,0.3505771134871696
0,1,0.5563132910961436
0,1,0.8063730622710028
0,1,0.6563187203290246
0,0,0.294757074231065
0,0,0.25323555827229555
0,0,0.361057773279832
0,0,0.27823546095999074
0,0,0.4403261699842903
0,0,0.44655479679604465
0,0,0.28022005568599934
0,0,0.45526959909803016
1,1,0.6163785940844584
0,0,0.316440574898244
1,1,0.6598385581335394
0,0,0.1261149594332204
1,0,0.40219098398983244
0,0,0.35024716451220517
0,1,0.5762148729369537
0,0,0.24174629531875913
0,0,0.43581110657043437
0,1,0.6343655230489489
0,0,0.07055601174259647
0,1,0.6307918477640454
1,1,0.5866424264396874
0,0,0.21521186143327298
1,1,0.7608501141873809
0,0,0.2303346464109229
0,0,0.38163693937311943
0,1,0.5797014593217099
0,1,0.5058219214291645
0,0,0.39298432662210947
0,0,0.4386592154881182
0,0,0.34444638503619096
0,0,0.23977467724711038
0,1,0.5381453812937954
0,0,0.0882056526056919
0,1,0.7019927021805358
0,0,0.4319406841414159
0,0,0.05443590457022241
0,1,0.5110653119923757
0,0,0.2633062011160826
0,0,0.4360647357677598
0,0,0.347789150997245
0,0,0.10640485299791892
0,0,0.17033150150694565
0,0,0.37948933135731483
0,0,0.3883276178471395
0,0,0.054468044435138134
0,0,0.2815565203945488
0,1,0.5178542898878231
0,0,0.40555151011645646
0,1,0.8727477587066355
0,0,0.04557296052486492
0,1,0.5834302737525285
0,0,0.4875601242871566
0,1,0.6058142435836927
0,1,0.6248161788410225
0,0,0.45692671539183266
0,1,0.7502871415001929
0,0,0.32739833084432746
0,1,0.6304949939710317
1,0,0.487216623951075
0,1,0.7347622665936163
0,0,0.39644736048685886
0,0,0.320549645004342
0,1,0.6125070647948495
0,0,0.34163491629300763
0,1,0.5010847157715768
0,1,0.7097626619137625
0,0,0.1995421246439078
0,1,0.5650452634655945
0,0,0.24582332624813558
0,0,0.4461804968482386
0,0,0.17175275028926745
1,1,0.6216804545265746
1,0,0.2967155962186499
0,1,0.6404107787333055
0,1,0.6490852015751818
0,0,0.34356288019246023
0,0,0.30074148631545666
0,0,0.3248427489132815
0,0,0.1794807238403724
0,0,0.24193021260588116
1,0,0.1956788447172319
0,0,0.1462347826079287
0,0,0.45975219992893346
0,1,0.6404618380156337
0,0,0.38925354177686927
0,1,0.6069500320523654
0,0,0.35921386437376146
1,0,0.38965635012593713
0,1,0.575895241274921
0,0,0.28934227113028466
0,0,0.2854077588326849
1,1,0.5138871693862428
0,0,0.30349738337411497
0,0,0.4568512783200137
0,0,0.15829694754101775
0,0,0.10708058389273124
0,1,0.5811540959359527
0,1,0.6161899732214723
0,1,0.7843912601269263
0,0,0.37484272108318156
0,0,0.40276209413043534
0,1,0.5391218189117789
0,0,0.2967797306621434
0,1,0.6230030721375039
1,0,0.11691271775187559
0,0,0.4587437013933373
0,0,0.3709493894253492
1,0,0.2986894729102312
0,0,0.2915557635600589
1,1,0.7643704364724825
0,0,0.4638407091006099
0,0,0.4425073445019893
0,1,0.6033827401749956
0,0,0.18322332381841924
0,0,0.18305963614244425
0,0,0.4402525703743702
0,0,0.28950749274219234
0,0,0.34387368360391457
0,0,0.44025642450519864
0,1,0.6313454329161066
0,0,0.32130239539536576
0,0,0.4475303583243407
0,1,0.620971468381202
0,1,0.7586484252915038
0,1,0.511318232220037
0,1,0.5497297914517335
0,0,0.4786735342984001
1,1,0.6965718984644159
0,0,0.38400541978595104
0,0,0.007444485216324241
0,1,0.5546871427480791
0,0,0.4678801615921815
0,0,0.4810010204416998
0,0,0.12057156546717275
1,0,0.4194720000904804
0,0,0.10375575750622378
0,0,0.46916853448892115
0,1,0.5556035132825871
0,0,0.19425848589927924
0,0,0.20674346176793873
0,0,0.07691086924571022
0,0,0.4170953546411086
1,0,0.3123052273985495
0,0,0.357834790869565
0,0,0.3480740189394081
0,1,0.5321701288165344
0,1,0.5041428738505132
0,0,0.39905314336560566
0,1,0.6665651696364945
1,1,0.6961828466480382
0,0,0.0890795926571426
0,1,0.5389428598416668
0,0,0.3970296941997339
0,1,0.528078761236784
0,0,0.48398045847175625
0,0,0.34259293611024916
0,0,0.16147273748942967
0,1,0.6962902162531948
0,0,0.22514281072452727
0,0,0.17502491766494577
0,1,0.5508662379810912
0,0,0.4674538678923085
0,1,0.5147540145683672
0,0,0.34735094728192867
0,0,0.3199089741388885
0,0,0.2479583202933922
0,1,0.5749240074419918
1,0,0.31679386834496204
0,1,0.5100272683667444
0,0,0.48166727382302343
0,0,0.2862471016029263
1,0,0.42858559432022264
0,0,0.4057571980327835
0,0,0.24962546089574053
1,1,0.5679406596976574
0,0,0.4086325147903643
0,0,0.38198095159905254
0,0,0.0021843040536701345
0,0,0.3834225319152843
0,0,0.42119328259801603
1,1,0.8394129764657151
0,1,0.8114596416305178
0,0,0.423630509530328
0,0,0.38658565689773694
0,1,0.627835374776011
0,1,0.535880988717345
0,0,0.37057329334347544
0,1,0.5720163055719554
0,1,0.674863207907115
0,0,0.2753062511690864
1,1,0.9147209560368792
0,0,0.3864873994821123
0,1,0.5018012243840984
0,1,0.6068416659549587
0,0,0.4734851329227005
0,1,0.6966184273993451
0,0,0.4695247052041915
0,0,0.47431563760897
0,0,0.43807773453266186
0,0,0.17035305412375312
0,0,0.3710398540848885
0,1,0.5414923988716401
0,0,0.14918102334520328
0,1,0.565729657303202
0,0,0.474435895977392
0,0,0.27707956475079226
1,1,0.7803461775334606
0,0,0.44459530977153094
0,1,0.5506207451504556
0,0,0.3634008065634772
0,0,0.42812509764249873
1,1,0.7007164401132666
0,0,0.3444347817891164
0,1,0.6855666668089933
0,0,0.45746661159064295
1,0,0.3806686388883427
0,0,0.3432351028038335
0,1,0.5054853124544706
0,0,0.4159137474662087
0,0,0.40105526605497915
0,0,0.32624920927580525
0,0,0.36981325510722224
0,1,0.5204494263070496
1,1,0.5171387111976821
0,1,0.5274313437598849
0,1,0.6230029901330517
0,0,0.4500435335504945
0,0,0.16039890132341383
0,1,0.5775238741517499
0,1,0.688031080382352
1,0,0.4740142063621706
0,1,0.5296354686753718
0,0,0.28246530650983664
0,0,0.10614146432915367
0,1,0.6887482548557127
0,0,0.47284979887308254
0,0,0.48406550298850826
0,0,0.3865893301690234
0,0,0.29228768788080356
0,0,0.49624616291624524
0,0,0.392713731388305
0,0,0.2346663777765849
0,0,0.3382025593486545
0,0,0.19416553315615875
0,0,0.48574013688005935
0,0,0.44688054854196285
0,1,0.6079955419586598
0,0,0.3597383327511687
0,0,0.37513291407705146
0,0,0.2725158056142454
0,0,0.32985007851607656
0,0,0.47534883374597775
1,0,0.3311937547561655
0,0,0.4091831988990619
0,0,0.2191734015578427
0,0,0.44452369385171653
0,0,0.4436647316812061
0,0,0.12844211515527887
0,0,0.3873596839911418
0,1,0.6512497673628597
0,1,0.589198283147844
0,1,0.8272224813104656
0,0,0.2874574189672764
0,0,0.41409691439240015
0,1,0.5917791834052031
0,0,0.005645069251960595
0,0,0.29735361630425056
0,1,0.560594267173971
0,1,0.5885841810699827
1,0,0.3608353518163528
0,0,0.40062777262479027
0,0,0.32497391877619386
1,0,0.4647925190181165
0,0,0.2341755746560105
0,1,0.7813569050462976
0,1,0.5840488141268912
0,1,0.5775745618405698
0,0,0.4250457840731961
0,0,0.44066182003136745
0,0,0.4579775346663653
0,0,0.40683762712331756
0,0,0.3935654884169582
0,1,0.547830080749964
0,0,0.23062221138637537
0,0,0.4265386423513691
0,0,0.13098847922297693
0,0,0.38293472546155044
0,0,0.31589338268531886
0,1,0.6118198824819615
0,0,0.41501136782285014
0,0,0.2868567004766502
0,0,0.43450844284207857
1,1,0.6173488229772038
0,0,0.3956342890179037
0,0,0.3864092515739757
0,1,0.6751892663564353
0,1,0.6832351613913207
0,0,0.31475078821031605
0,1,0.6382847707055768
0,0,0.4711132955432279
0,0,0.46345092421620177
0,0,0.49458898893034
0,0,0.4309849672300293
0,0,0.4962697896378958
0,0,0.41954528519870427
1,0,0.3675513879563994
0,1,0.5544002590609283
0,0,0.350151087757832
0,1,0.5702633198873751
0,0,0.3017499993330518
0,1,0.5613023748077621
0,0,0.3748005724158011
0,0,0.33264487811435034
0,1,0.6760417189105667
0,0,0.4134218198367217
0,0,0.3660766133879129
1,1,0.9682457562238913
0,1,0.713552468117456
0,0,0.4990573647513925
0,0,0.09465759229360246
0,0,0.321363098137667
0,0,0.4236220777899324
0,0,0.3218838027015735
0,0,0.4608058147955882
0,0,0.3652187990034564
0,0,0.48570256237775256
0,0,0.07894117508340857
0,0,0.43578916112253685
0,0,0.19758128121725874
0,1,0.5736427897301276
0,0,0.352278674765141
0,0,0.27934037801822365
0,1,0.5046869360711149
0,0,0.1384754699071364
0,0,0.30121880295449166
0,0,0.44058617769144115
0,1,0.5916714675769547
0,1,0.7033155419366217
0,1,0.9277678852361363
0,0,0.29987019973770507
0,0,0.2762157894964572
0,0,0.17978655024455562
0,0,0.19895479042771066
0,1,0.636312521142343
0,1,0.6733111518578644
1,1,0.5071226750709974
0,0,0.3962895874428004
0,0,0.3638505806818822
0,0,0.004480419101399916
1,1,0.8154366620983664
0,1,0.9070613018918423
0,1,0.649223281217521
0,0,0.3017791205825467
1,1,0.603420281436349
0,1,0.5794451156184871
0,0,0.1789316685107116
0,1,0.6188518297556035
1,1,0.5446078535858742
0,0,0.1518399052695038
0,1,0.7468560734102997
0,0,0.33885590218937367
0,1,0.7796275212096889
1,0,0.3995051548044431
0,1,0.5135968943185762
1,0,0.3461127312833521
0,1,0.6382331983063734
0,0,0.376206185872436
0,1,0.509931057819047
0,0,0.45489683865993036
0,0,0.3819778952945932
0,0,0.4291693943093413
0,1,0.7661651633837908
0,0,0.469537154688219
0,1,0.5877684803985057
0,1,0.6376725692301499
0,0,0.45487263846603515
0,1,0.5564261288862971
0,0,0.4842163569650869
0,1,0.8512219222984256
1,1,0.5908976197962101
1,0,0.3730101110031836
0,1,0.5789161516047043
0,0,0.30881091359753643
1,0,0.22891120721695132
0,1,0.5727696498036544
0,0,0.44705171162101015
0,0,0.290012016776651
0,0,0.2846672475668789
0,1,0.5373793478836381
0,0,0.004906574214534402
0,0,0.3615018051669944
0,0,0.3904428623261983
0,0,0.38453715701208
0,0,0.3175428295430715
0,0,0.3280175898740368
0,1,0.5071514067774573
0,0,0.3702997789656882
0,1,0.6417815289504418
0,0,0.3387027147663862
1,1,0.7441577629635261
0,0,0.29876581945842196
0,0,0.24350989458965946
1,1,0.7540426931119938
0,1,0.5690281705421388
0,1,0.5233679634332506
0,1,0.6483077286630496
0,0,0.2580623315641007
0,0,0.4612278654664994
0,1,0.624645638027284
0,0,0.26032340126992565
0,0,0.40457638405112445
1,1,0.81666055876915
0,1,0.6300591067172926
0,0,0.4696578971563835
0,0,0.41435157792315636
1,0,0.24222510834679192
0,1,0.5021495360753451
0,1,0.5813400851490029
0,0,0.2256945745569699
0,0,0.3076327368595362
0,0,0.44193475894903966
0,1,0.6277178589579755
0,0,0.4151521482108923
0,0,0.43823490382100866
0,0,0.42084319744662946
1,0,0.31505869090562716
0,0,0.43190225388398157
0,0,0.1674656481690296
0,0,0.46912590463954007
1,0,0.2089016954553364
1,0,0.18305169816635572
0,1,0.5033327077586055
0,1,0.5409518277993778
1,0,0.3931140535918998
0,1,0.6756161334336641
0,0,0.2851625352259109
0,0,0.2779032259671272
0,0,0.3305241422166346
0,0,0.49902434096341547
0,0,0.3340146388117863
0,0,0.4919932908202248
0,1,0.8246676208213757
0,1,0.7809830801706638
0,0,0.46444210780734047
0,0,0.39714807138591346
0,1,0.5356387483252301
0,0,0.3720328594985732
0,0,0.48822460176884014
0,0,0.38846162738527545
0,0,0.41007922542668873
0,1,0.5096231014189014
0,0,0.35832451351242267
0,0,0.41680944199945735
1,1,0.5528744950160162
0,0,0.1235022693005995
1,0,0.4778190093296434
0,1,0.5974366645822751
0,1,0.5092663983674873
0,0,0.4020213792638492
0,0,0.40849534604088483
0,1,0.7195620929044376
0,0,0.17512772634730456
0,0,0.4493044616688577
0,0,0.406280543731227
0,0,0.48427598590866544
0,0,0.1710500380002344
0,1,0.5357441741868202
0,0,0.024510600300213556
0,0,0.1519722585359307
0,0,0.3487332664905561
0,0,0.48534032305758834
0,0,0.3703242400165722
0,0,0.386736416962286
0,0,0.4376976843715045
0,0,0.4147884167525673
0,0,0.42306483933247174
0,1,0.5255217990947236
0,0,0.311060636951557
1,1,0.5578859601574202
1,1,0.8504067208108228
0,1,0.613689325133716
0,0,0.38764045735142433
0,0,0.43630583497526454
0,0,0.3330218399970468
0,0,0.3603419660080695
1,1,0.5895082343407644
0,0,0.4662759196837581
0,0,0.32897114920876297
0,1,0.5378104969737257
0,1,0.8090418536062478
0,0,0.4664937789861871
0,1,0.5445326125022236
0,0,0.34490242338678995
0,1,0.6541647374800993
0,0,0.40309131331546183
0,1,0.6385859312422991
0,0,0.1218753122015185
0,1,0.6459024914323755
0,0,0.42734999546859176
0,1,0.6529110535030426
0,1,0.5058932696126023
0,0,0.43833329983884506
0,0,0.35869554955143446
0,0,0.40344202406652685
0,0,0.08240447058970304
0,0,0.32436741421791176
0,0,0.3355991602686638
0,0,0.49631177592471615
0,0,0.30598302865430743
0,1,0.555702289359193
0,0,0.3983856822626697
0,0,0.2916648154827869
0,0,0.3976068019706763
0,0,0.4037508094743256
0,0,0.280790393923236
0,1,0.7976416213524476
1,0,0.345243566006695
0,0,0.36047410407009745
0,0,0.2341692644376661
0,1,0.5797588447285104
1,1,0.9788345740969857
0,1,0.6212281404211452
0,0,0.3572088607728056
0,0,0.3284515410071241
0,0,0.44527380896558477
0,1,0.6739785469513421
0,1,0.6687208111469877
0,1,0.693410840276455
0,0,0.3996029253725686
0,1,0.6349831728195875
0,0,0.4634041573639184
0,0,0.002373344372660498
0,0,0.310048025124063
0,0,0.1879371659813343
0,0,0.34951676724193703
0,0,0.44414250617914136
0,1,0.5207829951063
0,1,0.6892259971661658
0,1,0.5412418951740312
0,0,0.3374942737136003
0,1,0.5381212211442896
0,0,0.1602919608629285
0,1,0.6282765037877739
0,0,0.4698351655990284
0,0,0.4367910656645926
0,0,0.3445277874659488
0,0,0.2467764313944204
0,0,0.3766110247869399
0,0,0.13932963516835584
0,0,0.14374136328614548
0,0,0.11936977857840482
0,1,0.5062258403094555
0,0,0.26719112467712375
0,0,0.3555775347810585
0,0,0.25000396441777023
0,1,0.5058926529075356
0,1,0.5635324095940852
0,0,0.4385387037135526
0,0,0.4564760244204734
0,0,0.4664578037502493
0,1,0.7203364277555497
0,0,0.3855321446984598
0,1,0.5904292962832998
1,1,0.8424700864285745
0,0,0.36805503588855387
0,0,0.26476961663423826
0,0,0.45972448552420775
0,1,0.9385393454327698
0,0,0.47319654756240564
0,1,0.5903841418326382
0,0,0.38704778462069944
0,0,0.3482632768032603
0,0,0.4959713310905156
1,0,0.462549770446309
0,0,0.4366497733615255
0,0,0.3899785836841619
0,1,0.6404098804206342
0,0,0.49852040997789426
0,0,0.49612181446202797
0,0,0.005993734335493744
0,0,0.41620815991558174
1,1,0.8856354412596076
0,0,0.4343342860822561
0,0,0.34436156221788033
0,0,0.39466809793804314
0,0,0.4648415252232342
0,0,0.44304749608943544
1,1,0.6686303497054474
0,0,0.2835465713946868
0,0,0.4140479736340333
0,0,0.37491593761950787
0,1,0.5351819024938751
0,0,0.37791020161942623
0,0,0.4553302662441684
0,0,0.2929538128290064
0,0,0.3103602359607457
0,0,0.16576899005878165
0,1,0.6119541791798025
0,0,0.15626281804516884
0,0,0.3281563365808597
1,1,0.6250381877056262
0,1,0.6958109160918701
1,1,0.5019047507852363
0,0,0.15231646769868176
0,0,0.4084132219108209
0,1,0.774128093642243
0,0,0.24018944845517368
1,0,0.16652505012270205
0,1,0.5282808377822028
0,1,0.7884039963503148
0,0,0.39883509227947556
1,0,0.24718895378578956
0,1,0.7812607826930146
0,0,0.30588510355260046
0,1,0.7790151774916488
0,1,0.5290347631405556
0,1,0.5956711656557192
0,0,0.4691019172054462
0,0,0.34360594610092277
0,0,0.41545483488117935
0,1,0.6171831551567241
0,0,0.3192478117491935
0,0,0.48092352192627
1,0,0.4628845494478345
0,0,0.315003509411939
0,1,0.6094047625881142
0,1,0.5158555929034397
0,0,0.44690329045924126
0,0,0.26383990481460784
0,0,0.3991833628901795
1,0,0.3730019216062493
0,0,0.4761317966125522
0,0,0.26476395869699426
1,1,0.6024117744590922
0,0,0.30798899372650734
1,1,0.523932930532033
0,0,0.034908517503353186
0,0,0.28721233741939656
0,0,0.33490992545888965
0,0,0.47364337405454715
0,0,0.3949344258269992
0,0,0.4525269636742192
0,0,0.4719022937788171
1,1,0.6413763823881985
0,1,0.7077806576368724
0,1,0.5392521160381349
0,0,0.4885105050811504
0,0,0.0898392857297962
0,0,0.3878389855058015
0,0,0.30240442541439255
0,0,0.2657898521095862
0,1,0.504384187296684
0,0,0.23098857006290902
0,0,0.3093787807719193
0,0,0.23621031466664458
0,1,0.5738239378130948
1,1,0.7761149229657759
0,1,0.5046463326958364
0,0,0.41202598973638516
0,1,0.5165799865227284
0,1,0.5739294298778571
0,0,0.2825347011513771
0,0,0.2575148818896469
0,0,0.021209016644903052
0,0,0.4791458348177649
0,1,0.6176733360116243
0,1,0.6379886344700474
0,0,0.4162101987200006
0,1,0.5814140551442828
0,1,0.645037001985528
1,0,0.49575697953143777
0,0,0.38606688499184005
0,1,0.5578199757411851
0,0,0.41855773718350714
0,0,0.4133667494090663
0,1,0.7545643186276446
0,1,0.6837163913149771
0,0,0.48726645576028155
0,0,0.2990980712751596
0,1,0.6452115373363797
0,0,0.1577583753609547
0,1,0.5282548041101038
0,0,0.2540560003681466
1,1,0.800171604241297
0,1,0.5148843615813706
0,1,0.506628141634766
0,1,0.7194296429893475
1,1,0.880364353024977
0,0,0.35258217046069473
0,1,0.6187361844126151
0,0,0.47526352103340846
0,1,0.5139707987979995
0,0,0.38792310317717776
0,0,0.3476860226945603
0,0,0.34502090403301133
0,1,0.5975572015654492
0,0,0.4831142908416001
0,0,0.1323766644873416
0,0,0.39149335472187746
0,0,0.37578829420877424
0,0,0.39585800901135665
0,0,0.37792657198584023
0,0,0.4150782436431347
0,0,0.3704214149990299
0,0,0.3022561496925846
0,1,0.5666087289559463
0,1,0.5488695037586839
0,1,0.5227113889468603
0,0,0.3250976563741799
0,1,0.7719457062895796
0,1,0.6811162365037152
0,1,0.598113148465284
0,0,0.40119318368282053
0,1,0.637768714814474
1,1,0.5963924429191336
0,0,0.23016366949377212
0,0,0.41905745556537866
0,0,0.3863588965722437
1,0,0.3663059518566806
0,0,0.48549958464201237
0,0,0.17562360689443793
0,1,0.6650152886123972
0,1,0.5013025419487677
0,0,0.2583161641164091
0,0,0.35015009078798853
0,0,0.4651409920735082
0,0,0.45513107772126254
0,0,0.37753404678081753
0,0,0.007825233398063194
0,0,0.34145988804847893
0,0,0.42774730015442
0,1,0.6292126505215263
0,0,0.45868369854200947
0,0,0.4160922446903264
0,0,0.26787194151466864
0,0,0.3820141869053722
1,1,0.8718801475786674
0,0,0.36159536680094767
0,1,0.7072995635546574
0,0,0.3664478392709985
0,0,0.49838395910904876
0,0,0.2185478279538903
0,0,0.42954091976729675
0,0,0.3269014606759998
1,0,0.38548311515687683
0,0,0.40282451443566264
0,0,0.3991685674648558
0,0,0.3890848522751647
0,1,0.6958855902844365
0,0,0.4784455717108681
0,0,0.35895665336910315
0,0,0.41302316687374224
0,0,0.16110560626399426
0,0,0.2663939970115025
0,0,0.3031753738636372
1,0,0.41694214259626133
0,0,0.18897051943770266
0,0,0.4313005481364023
0,0,0.4768883815447787
0,1,0.6398749084413186
0,1,0.8226297789838747
0,0,0.2901504627111343
0,1,0.7082410954674361
0,1,0.6940959772634195
0,0,0.46867904857026826
0,0,0.3890034547536243
0,0,0.35407704110040605
0,0,0.0030958281361479828
0,0,0.3307406712907718
0,1,0.505755541311825
0,1,0.873463344901626
0,1,0.5426834059196978
0,0,0.2846039943818103
0,0,0.4908575274167119
0,0,0.16065098606493816
0,0,0.49245790689950614
1,1,0.7192620252799915
1,1,0.5080185599645831
0,0,0.4224210325883876
0,0,0.2970515021746979
0,0,0.005909951991327869
0,0,0.19315066952773308
0,1,0.5726534612576187
0,0,0.46585773436556493
0,1,0.5544976078618954
0,0,0.002153942831659003
0,0,0.04669415094674799
0,0,0.24122897466081858
0,1,0.5461141773222484
1,1,0.7168047078036829
0,0,0.3892339400320682
0,0,0.3105680054966771
0,1,0.6053693762656112
0,0,0.2041166793473885
0,0,0.3998312494792349
0,0,0.34302634172199037
0,0,0.17916232130624027
0,0,0.4776077020663766
0,1,0.6045822560502114
0,0,0.3128835826790242
0,1,0.7254857168120913
0,0,0.33696191913460033
0,0,0.4323201962495909
1,1,0.601018463797853
0,1,0.6036851512911914
0,1,0.5713480202919612
0,1,0.502906263428048
0,0,0.3930658587867131
0,1,0.5350296095159565
0,0,0.2906313208470385
1,0,0.37776777407577694
0,0,0.47085587090466036
0,1,0.5688272568441359
0,1,0.5902712953143914
0,0,0.292139371986504
0,0,0.35613606898259187
0,0,0.05575365971447458
0,0,0.406819720702246
0,1,0.6229522881039019
0,1,0.5326733591628856
0,0,0.4574185176655939
0,0,0.4818405937576241
0,1,0.5354953720463501
0,1,0.6162820140009847
0,0,0.4479619123760773
0,0,0.4069572671557249
0,0,0.4383683647480443
0,0,0.49453800735264647
0,0,0.27869709612451193
0,0,0.3252857438246577
1,1,0.5911817361117294
0,1,0.5346637958440988
0,0,0.37727386760682663
0,1,0.5888109583472343
0,1,0.9777249873530364
0,1,0.762275814698419
0,1,0.5234846808582172
0,0,0.48158159268357287
0,0,0.2900292923643842
1,1,0.6792052786250424
0,0,0.4263797001247214
0,0,0.29260314745277977
0,1,0.6972335225266592
0,1,0.6200152342642578
0,1,0.5445491165627337
0,0,0.49792735120341997
0,0,0.4704197335307585
0,0,0.41880903568337663
0,1,0.5427835040361525
0,0,0.46362884753268224
0,1,0.7273582956333972
0,0,0.4637535893553755
0,1,0.7588844451695407
0,1,0.7216144537953061
0,0,0.38252498618482556
0,0,0.45423258806241323
0,1,0.7586771227384144
0,0,0.2728931003186477
0,0,0.37751821402747304
0,1,0.6227626383036853
1,0,0.18292101554586182
0,0,0.46314572310445556
0,0,0.05883831821554824
0,0,0.3083533473515784
0,1,0.5243875931257301
0,0,0.32909695399909056
1,0,0.19250143282858337
1,1,0.6156099081101403
0,1,0.549717182718896
0,0,0.4704094214995788
0,0,0.3621388440903737
0,1,0.6100088324576338
0,0,0.33591192662629005
0,0,0.3809541494324406
0,1,0.5738047504140678
0,1,0.8248810008534592
0,1,0.5578444015783588
0,0,0.33876950121431737
0,1,0.7883794975861659
0,0,0.3728266300517319
0,1,0.6337902002338264
0,0,0.38308925936942556
0,0,0.40115849397775954
0,0,0.221300970291867
0,1,0.5075180450140656
0,0,0.3881130114755797
0,1,0.5183318624447697
0,1,0.7768015955113139
0,0,0.3789900529193504
0,0,0.4083734278454101
1,1,0.8279827083794155
0,0,0.3995427891098174
0,0,0.39698071135706275
0,0,0.39377897066786144
0,0,0.4157289164262918
1,1,0.6646929175637715
0,1,0.5654062662614286
0,1,0.5168946288307597
0,0,0.344210915802045
0,0,0.36216336585257036
1,1,0.9211123003838602
0,1,0.5772168567446867
0,1,0.5033684196689987
0,1,0.6674395513004815
0,1,0.5976286887900171
0,0,0.3183938951033307
0,0,0.4849254839127777
0,0,0.4478640115882676
0,0,0.2968768710089556
0,1,0.5797460041044725
0,0,0.39617456366469
0,0,0.4390868145280754
0,0,0.27195141679476154
1,0,0.3932492627351276
0,0,0.18861801453653984
1,0,0.3971543278602475
1,1,0.5949290654663517
0,1,0.5393168176206984
0,0,0.40442060484825504
1,0,0.30291638838380924
0,0,0.4830360177861546
0,0,0.49718973750102197
0,0,0.4618930637304001
0,0,0.3463088692692475
0,1,0.6171043038231747
0,0,0.412969537822659
0,1,0.5455394662421545
0,1,0.5575467749964428
0,0,0.4543504603772729
0,1,0.584877475911868
0,1,0.5850067501995437
0,0,0.4508472012187956
0,0,0.46347094851394854
0,1,0.5185901108344295
0,0,0.29045798943625106
1,0,0.2521017748925581
0,0,0.053262338126348445
0,0,0.4310867616561085
0,1,0.6139091605819038
0,0,0.2732608641117761
0,0,0.4232571498298876
1,0,0.4472861620976285
0,0,0.4813876403855584
0,1,0.8156359586111671
0,0,0.14731486771866267
0,0,0.3205542476328444
0,0,0.3700539078061305
0,0,0.12443003206809325
0,0,0.4874125803756205
0,0,0.3731169531032556
0,1,0.8565575988130915
0,0,0.2849423167137954
0,1,0.5063500803076076
0,1,0.5896991882438933
0,1,0.5073620889797866
0,1,0.5273438694215279
0,0,0.44823933976432934
0,0,0.36630298090062474
0,0,0.003702129548522442
0,1,0.5197585176430811
0,0,0.23997923988154146
0,0,0.3625655097083142
0,0,0.45838168414942077
0,1,0.7097354261771911
0,0,0.4133251795472069
1,1,0.5553679880750926
0,0,0.4724289203921377
1,1,0.7597336699291791
0,0,0.3304258580991961
0,0,0.4121079193457977
0,1,0.5419536340617627
0,0,0.24189852452943908
0,0,0.43807780712851935
0,0,0.0038439313406126935
0,1,0.5456963340328274
0,0,0.4848419503370016
0,1,0.5953766675264605
0,0,0.21464146261390366
0,0,0.44517742181243475
0,0,0.48017826204983455
1,0,0.490923631421013
0,0,0.3515646605148346
0,1,0.6909101898874962
0,0,0.31081426782433313
1,1,0.5535172540369341
0,1,0.5285093422897343
0,1,0.5297611554397164
0,1,0.5189096921738452
0,0,0.42673376038605937
0,0,0.41089402585343593
0,1,0.5685367448637002
0,0,0.3981288494982895
0,1,0.5885334349020429
0,0,0.34369086915602715
0,1,0.7335601747066007
0,0,0.4263668670846689
1,1,0.5007170401668336
0,0,0.3448411491599498
0,0,0.2937801655134794
0,0,0.4193912112031914
0,0,0.3698948118363329
0,1,0.6343720215273921
0,0,0.3074275562420057
0,0,0.26236217543936297
0,0,0.4903688149585052
0,0,0.360488171778
0,1,0.6238112311788653
0,0,0.3658100107854501
0,0,0.17025482383135876
0,0,0.31097856328232726
0,1,0.5518141916260392
0,0,0.15950627884453109
0,1,0.6163493398127067
0,0,0.36890469608058735
1,0,0.43556223396768634
0,0,0.32980120837211785
0,1,0.5764324691054882
0,0,0.30539147070737144
0,1,0.5383975257630979
0,0,0.3762312039424255
0,0,0.14129213242059638
0,0,0.3034513073366619
0,0,0.4058715294917149
0,1,0.6364654620283087
0,0,0.36978088090799527
0,1,0.7789445838693378
0,0,0.07741111663211794
0,1,0.6036323641581822
0,0,0.3917043005780414
1,0,0.4420001840853206
0,0,0.1258398879776161
0,1,0.539540325072039
0,0,0.4018566930257384
0,1,0.6837809305090361
0,1,0.6990705634073978
0,0,0.1364132366847022
0,1,0.8468010893811336
0,0,0.08587798700355713
0,1,0.704023202279753
0,1,0.8493296755943643
0,1,0.5972510174471635
1,0,0.38810126901237574
0,1,0.5461334049265223
0,0,0.3416887225295763
0,1,0.5340004186751799
0,0,0.3239562958701959
0,1,0.609978417419375
0,1,0.5841999812039989
0,1,0.5889678705616788
0,0,0.45711083989911794
0,1,0.5777142943728081
0,0,0.38574707811317177
0,1,0.6236876382069441
0,0,0.4603044019422654
0,0,0.3572810574644991
0,0,0.42059701052102283
0,1,0.5000573761768413
0,0,0.4619588852540804
0,0,0.4411221863292381
0,0,0.4450941261883933
0,1,0.6137543833611889
0,1,0.6921664637904198
0,0,0.40034715029818263
0,1,0.6043540853062125
0,1,0.7722169617461783
0,0,0.4751000427369552
0,1,0.5056696704595057
0,0,0.43733124523732203
0,0,0.19536592500129252
0,1,0.554471288029328
1,0,0.4018723522665014
0,0,0.3671594046746636
0,0,0.4411418454641364
1,1,0.5169135423528666
0,0,0.0805438346139113
0,1,0.6233006674150229
0,0,0.38786859534411766
0,1,0.6115185936471202
0,0,0.4743549660163322
0,1,0.7820500169118235
0,0,0.4800289298275911
0,0,0.2939229435825902
0,1,0.66779012216404
0,1,0.6943565031501563
0,1,0.5602630079470123
0,0,0.17602289195534568
0,0,0.37634717819466024
0,1,0.671523611867989
0,0,0.36352674144642005
0,0,0.4572244010995887
0,1,0.5985865105127506
0,1,0.589629539839438
0,1,0.5301545635913091
0,0,0.20698487259736043
0,0,0.44263206918924475
0,0,0.43645507997141064
0,0,0.29288955916547754
0,0,0.3426507843829888
0,1,0.5489045199453817
0,0,0.34700598890670964
0,1,0.6503189940544288
0,0,0.29906978725116273
0,0,0.31831557665786636
0,1,0.5374961322097218
0,1,0.6290945326597038
0,0,0.3879934533895947
0,0,0.49595439386759127
0,0,0.30133168833691304
0,0,0.3309584187741846
0,1,0.5332737129975852
0,1,0.8239384193855019
0,0,0.4951649691707224
0,1,0.776939211108133
1,0,0.3816578297360311
1,1,0.6386111027907608
0,1,0.5681715867275605
0,1,0.5671128234506068
0,0,0.35172817670058826
1,0,0.3260834660644825
0,1,0.6655544162042677
0,1,0.5542025119557425
0,1,0.503383025825632
0,1,0.5278217500343912
0,0,0.40143626939703214
0,1,0.5096706366369416
0,1,0.6489137039784645
0,0,0.33497546672582584
0,0,0.24228778911420942
0,0,0.40425032987674775
0,0,0.28460579129822094
1,1,0.5264265440150696
0,1,0.6830480498544951
1,0,0.21838222860909137
0,1,0.5383739484880357
0,0,0.37430951721681505
1,1,0.5459665463379937
0,1,0.6655968333327688
1,1,0.7549711535003029
0,0,0.3632556454803082
1,1,0.6720501503269367
0,1,0.5398908431307687
0,1,0.7434161254044567
0,1,0.5848060608206718
0,1,0.5558985862971889
0,0,0.2747779735930145
0,1,0.7833632631655131
0,1,0.5407820056140781
1,0,0.3337793503432233
0,1,0.6083886763777808
0,0,0.4273044625417428
0,1,0.6235758885108431
0,0,0.2596351600255298
1,0,0.28958343165630335
0,0,0.3483335313506274
0,1,0.6431749561765756
0,1,0.5084848756467697
0,0,0.29530702199674935
0,0,0.2663380468099813
1,0,0.31211962580919445
0,1,0.5684247366391173
0,1,0.6078741433547753
0,0,0.15741629779790475
0,1,0.8910139300614304
0,0,0.2912935417803956
0,0,0.4612471239937059
0,1,0.5933687148847095
0,0,0.4767295488839867
0,0,0.4393158262630356
0,0,0.34720857799988275
1,1,0.6517153328191302
0,0,0.45027833149949487
0,0,0.39544332140076893
0,0,0.4834399447654527
0,0,0.4251769366032633
1,0,0.412624324882875
0,0,0.28989991434774226
0,0,0.4630950712382944
0,0,0.49938955195258133
0,0,0.4486267837709568
0,0,0.2715988957280832
0,1,0.5313689085092153
0,1,0.5668095417588046
0,1,0.7381269056024096
0,0,0.34061339285808795
0,0,0.36171539477413195
0,0,0.20014279692128698
0,0,0.42522678755234106
0,0,0.42190354678559333
0,0,0.3430728525910708
0,0,0.4840952497552095
0,1,0.7165799672175764
0,1,0.6083482394386154
0,1,0.8937842319598814
0,0,0.4697505092124871
0,1,0.6288000167044417
0,1,0.5101293443781747
0,1,0.747658486454996
0,0,0.45835542931603107
0,0,0.38863829233784486
0,0,0.06750300201353684
0,1,0.7337820780681528
0,0,0.4353848960478928
0,0,0.22014847087286563
0,0,0.44562701569879387
0,0,0.34636438317866225
0,1,0.6354939193746177
0,1,0.5087569401339859
0,0,0.24851692913174447
0,1,0.5405690891768299
0,1,0.5216154737008952
1,0,0.36258734272977156
0,0,0.011986460585975061
0,1,0.6530095595228013
1,1,0.7430333233546975
0,0,0.43888014045725043
0,0,0.49581110874969714
0,1,0.6140452559508116
0,1,0.7008496192668433
0,0,0.3204673822543114
0,0,0.07579537461006235
0,0,0.409649289441184
0,1,0.5547775137315855
0,1,0.7475864422737265
0,1,0.5045086534941708
0,1,0.8598321686838402
0,1,0.6340607236319348
0,1,0.5679366488354917
0,0,0.49982705370656283
0,0,0.39791523491160763
0,0,0.26142989665452526
1,1,0.7907443648080829
0,1,0.6327712321686924
0,1,0.6245495840796321
0,0,0.4373261109309197
0,0,0.33300620550107624
0,0,0.48197681383703955
0,1,0.7298031497599518
0,0,0.34521626908147246
0,0,0.38143135719431404
0,1,0.7051518633661426
1,0,0.3285466280288353
0,0,0.38925765252895894
0,1,0.5755046671328106
0,0,0.35357181610973015
0,1,0.5333189248944408
0,1,0.5010740906521599
0,1,0.5019042586191999
0,0,0.4620501710897415
0,1,0.6204623301363074
0,0,0.4078501648091609
0,0,0.4168924912449436
0,1,0.6349288982786296
0,0,0.01968977723253107
1,0,0.2922952623872984
0,0,0.4278434227326001
0,0,0.4087801647021005
0,1,0.5317828246039205
0,0,0.4694215103988966
0,0,0.3016587271959751
0,0,0.46163829489597075
0,0,0.26564292087614605
0,0,0.2292257958877409
0,1,0.7507531346629646
0,1,0.5678412022358206
0,0,0.018544663384124478
0,1,0.6182681916869257
0,1,0.5305501654850417
0,0,0.41501074363000034
1,1,0.8142069114379842
0,0,0.43902898420437303
0,0,0.2571509067989724
0,0,0.3396865382602192
0,0,0.4419033650300498
1,1,0.6238782672789336
0,0,0.3698444873133075
0,0,0.22233323882618566
0,1,0.620674380586926
0,0,0.4381829463048108
0,1,0.606820823985402
0,0,0.40290898317017093
0,0,0.19584021776139449
1,1,0.9553293012094846
0,0,0.3469495637667639
0,1,0.6307758759142775
0,1,0.6382162645048847
1,0,0.35486076433330527
0,0,0.2810600267584095
0,0,0.19819769964521142
0,1,0.7726272166161584
0,0,0.327605018870135
0,0,0.4289205651953801
1,0,0.16494091025078184
0,0,0.29606301782173106
0,1,0.5581719347104241
0,1,0.5910062340984163
0,0,0.48019324279186704
0,0,0.4394880163206526
0,0,0.4843610767511762
0,0,0.36615721563375453
0,0,0.464421776162436
1,1,0.9302314138244068
0,0,0.45624604326492124
0,0,0.3755035093969454
0,0,0.23571096939836628
0,1,0.5869048841224958
0,0,0.48110915815945543
1,0,0.14795766205540034
1,0,0.26665937141127904
0,1,0.6032119673215338
1,0,0.4283074648737285
0,0,0.3887987226289957
0,1,0.6535673032625698
0,0,0.4033384413074528
0,0,0.418161600000354
0,0,0.3973027155682835
0,0,0.3050244670840429
0,0,0.16301291453863478
0,1,0.8257442538386898
0,1,0.503341568484969
0,1,0.5759854355942525
0,0,0.224467452943711
0,1,0.5067858965808506
0,1,0.5414953352125328
0,0,0.39893214824763545
0,0,0.45344335597979063
0,0,0.3692249782134801
1,1,0.512725969817943
0,1,0.556253522069501
0,0,0.18663690779645375
0,0,0.22100860156495544
0,0,0.3873173014660045
0,1,0.6046679128877164
0,0,0.22780911347974936
0,0,0.47704392363023684
0,0,0.4395954431380934
0,0,0.45520953171885203
0,1,0.7156453855533361
0,1,0.5114772884277785
0,0,0.34522951601579416
0,0,0.1253196291645339
0,0,0.4963361867570015
0,1,0.9434658126388238
0,1,0.5831900902173976
1,0,0.35348512125542725
0,0,0.2855106923781754
0,0,0.2886514751555144
0,0,0.22414710813404665
1,1,0.5156638012574103
0,1,0.5613815301823093
0,0,0.3345844297332896
1,1,0.6721070806738131
0,0,0.3230134970394973
1,1,0.7306417450690359
0,0,0.12459853476544122
0,1,0.5959081546834951
1,0,0.28613908578864444
0,0,0.3484909132220601
0,0,0.44397562227860254
0,0,0.42641630515923096
0,0,0.3821639132056492
0,0,0.3621660057178104
0,1,0.6288229493469906
0,0,0.4271691065949921
0,0,0.3819681463909771
0,1,0.6322075750546648
0,0,0.03361064490232971
0,0,0.002969177741800284
0,1,0.5943287476685528
0,0,0.18621659951031874
0,0,0.39912223433142696
0,1,0.8738970670439917
0,0,0.4328472117972123
0,1,0.5589217730012703
0,1,0.5898120376421153
0,0,0.27139048350171535
1,0,0.4624411674379387
0,0,0.39908788406915174
0,0,0.48021521312710796
0,1,0.7055010137174396
0,0,0.45465675000008376
1,1,0.8157927694107007
0,0,0.4481779032901264
0,0,0.20763455569192502
0,0,0.46858305233321534
0,0,0.28496990067205463
0,0,0.41816952391836454
0,1,0.5885166467744049
0,0,0.4763582804639303
0,0,0.4870169805118331
0,1,0.5222162504224633
0,0,0.3901086720934343
1,0,0.47393652002547965
0,0,0.23720762787044106
0,1,0.607995711070262
1,1,0.9358964228199103
0,1,0.6024785646655606
0,0,0.20530175585228622
0,0,0.26060044017275413
0,1,0.5130532251884656
0,1,0.5616519355623993
0,1,0.5168062437339173
0,1,0.5192353161246753
0,0,0.3849177462874927
1,0,0.49277478275967085
0,0,0.4974293683673953
0,0,0.33701187781610636
0,1,0.5250626122665389
0,0,0.2541177173719882
1,1,0.5688289664182299
0,1,0.555125509344655
0,0,0.42539217208076874
0,0,0.4222744844507333
0,1,0.5472090903824793
0,0,0.3340826568741964
0,1,0.559361439021749
0,0,0.469051686800767
0,0,0.42998168616651467
1,0,0.3933613582487698
0,0,0.10091401853219802
0,0,0.28157341891718785
0,1,0.7038312237007001
0,0,0.44987366503173204
0,1,0.603657238756296
0,1,0.6228707173913067
1,0,0.412569634469335
0,1,0.65498118313008
0,0,0.4909949847050539
0,0,0.4039456806429251
0,0,0.4129587467312901
0,0,0.486361585637446
0,0,0.3418788667332065
1,1,0.6777159902881869
1,0,0.4837649057047977
0,0,0.007461933629309879
0,1,0.5245605329028252
0,0,0.27615971594875854
0,0,0.37345611840644527
0,0,0.29084471021302377
0,1,0.6932734370121106
0,0,0.33173176379134656
0,0,0.4173762215661488
0,0,0.29438922808048035
0,0,0.1414824957683817
0,1,0.5782113584922686
0,1,0.7220248153353243
0,0,0.45186176189807664
0,0,0.38515807629403753
1,1,0.7218644507401141
0,0,0.4843583940002363
0,0,0.41332891079175077
0,0,0.3079181468665419
0,0,0.2685027985562018
1,1,0.6809560638053365
0,0,0.29238883442372565
1,1,0.7783758259906021
0,0,0.001958029366657122
0,0,0.45289108920976023
0,0,0.37075124558824163
0,1,0.584866370894034
0,0,0.458078734946606
0,1,0.5335866682898334
0,0,0.34283573747767204
1,0,0.384157708718699
0,0,0.27928761572192484
0,0,0.14664082671735415
0,0,0.4510799702534266
0,1,0.6187425189158052
0,0,0.22326167755584403
0,0,0.474281867305454
0,0,0.4955555110419144
0,1,0.5362198784091974
1,1,0.6559687696332768
0,0,0.39812165593043336
0,0,0.13911424476444387
0,0,0.09931363227147967
0,1,0.6732432297529093
1,1,0.5519743530033444
0,0,0.365089816263913
0,0,0.12840351990225018
0,0,0.21762633818967297
0,1,0.6435662799283124
0,0,0.2695998821694893
0,0,0.4994612840677568
0,0,0.3029779147399228
0,0,0.18810635352195226
0,1,0.5654329270138729
0,1,0.751302235438247
0,0,0.41900617004674223
1,0,0.431251970668363
0,0,0.45928680792728827
0,0,0.31390763566476243
0,0,0.2327680623590729
0,0,0.4128896855900763
0,0,0.31935638081564566
0,0,0.45888214312616665
0,1,0.6754787424977693
0,1,0.6431178399656556
0,0,0.2890335498587636
0,1,0.6779401989798757
0,0,0.1330889785759493
0,0,0.31820285376229085
0,0,0.29489470696580933
0,1,0.5459601640529048
0,0,0.4979575924672133
0,0,0.27831467137373705
0,1,0.5375948807397412
0,0,0.2793732545572694
0,0,0.2857248502215467
0,1,0.7060120673809372
0,0,0.4964790813755025
0,0,0.37756182164388263
0,0,0.3692699189879142
0,0,0.41960370882260023
0,0,0.36538805677272623
0,0,0.3033243491229122
1,1,0.6302708457552075
0,0,0.10583828745713493
0,0,0.4744379946017681
0,1,0.6350304725983867
0,1,0.5510988602980498
0,1,0.5675644327783882
0,0,0.20637517485949908
0,1,0.8309414139488834
1,1,0.7450568612005657
0,0,0.14893591810056278
0,0,0.2194234230281128
0,0,0.35714179938855145
0,0,0.006218603526357565
0,0,0.41257686865298193
1,0,0.18165158834756573
0,0,0.37902733250534587
1,1,0.7063018532873058
0,1,0.7118234833105461
1,1,0.5852406270504623
1,0,0.48545284547523526
0,1,0.621384557805157
0,0,0.3950105722886059
0,0,0.37022755975310906
1,1,0.7639411557525752
1,1,0.7046748038471177
0,1,0.7596534212005108
0,0,0.42242361545452933
0,0,0.34021859453405595
0,0,0.4439260070259915
0,0,0.2006605363631764
0,0,0.23976592740068228
0,1,0.6193481151207838
1,0,0.46816339608090485
0,0,0.3346821678380967
0,0,0.1574225229095165
0,0,0.464715954248947
1,1,0.5739652479992161
0,0,0.3441015761695701
0,0,0.24964050358763212
0,0,0.30142054577671384
0,0,0.07050675355366122
0,0,0.3438302198660776
1,0,0.4992929137828041
0,0,0.4008594716906935
0,1,0.7495419496581538
1,0,0.3184083077540867
0,1,0.5414711257947216
0,1,0.5742444322980172
0,1,0.5471103699661475
1,1,0.6308301207988757
0,0,0.37323466763234286
0,0,0.37405166362270803
0,0,0.3976220152632984
0,1,0.6201162772421719
1,0,0.2957878264620508
0,0,0.31172179910383674
0,0,0.1315757108389108
0,0,0.3726917259918628
0,0,0.4397177734130741
0,1,0.5845804135697696
0,0,0.271006670853987
0,0,0.24639986416988838
0,1,0.7872488648981759
0,0,0.1669999781880592
0,1,0.6068854784165377
0,0,0.4432283066845852
0,0,0.49157487821604723
1,1,0.6374416175608155
1,0,0.485491304383815
0,0,0.2694136330109164
0,0,0.43325621105486367
1,0,0.4006641015320479
0,1,0.6313839193137996
0,0,0.3927440223414963
0,0,0.4323882526251487
0,1,0.6821152684281995
0,1,0.5305663820272642
0,0,0.28034167439495916
0,0,0.43483784897479577
1,0,0.35016716181379615
0,1,0.6862644565055143
0,0,0.3839482470461821
0,0,0.37570401249087104
0,0,0.2606381006913521
0,0,0.22895648950509506
0,0,0.3416767907751433
0,0,0.27529826604666024
0,0,0.385224663711408
0,0,0.3999665231526638
0,0,0.3257479820411617
0,1,0.633015829624985
0,1,0.5080445697160313
0,0,0.41319933506712464
0,0,0.42932721063290225
0,0,0.40752294295265296
0,1,0.6055365678662912
0,1,0.5882617696676519
1,0,0.2860085404367228
0,0,0.3708935813777266
0,0,0.2905061959932638
0,0,0.3991932367236204
0,0,0.3185227147668344
1,0,0.18772584861368152
0,1,0.5036988670530951
0,0,0.3507645274733209
1,0,0.3120714376502339
0,0,0.37426440803684147
0,0,0.2955244394021052
0,1,0.6720900882204933
0,0,0.48773046512741547
0,0,0.1486074471904926
0,0,0.4470822857959162
0,1,0.6559848924713918
0,1,0.543360428377224
0,0,0.3961428751940285
0,0,0.0034691369743437145
0,1,0.7572941105362823
0,1,0.6300141433153915
0,0,0.40274908388693154
0,0,0.4370347787954492
1,1,0.5259652643649116
0,1,0.537284758104189
1,1,0.8683424782909391
1,1,0.5591487215378539
0,0,0.43123375412679804
0,0,0.3281533706742505
0,0,0.3375827654656264
0,1,0.6076584965107563
0,0,0.4035870684085488
0,1,0.5330812004387483
0,0,0.4745980516285223
0,0,0.259828488809301
0,0,0.2615402839284781
0,0,0.4224309263734823
0,0,0.49634920613095646
0,0,0.4336392028809454
0,1,0.7253133998034265
0,0,0.37404707460354875
0,0,0.3859342307001221
1,1,0.7098769922802923
0,0,0.2887133939950598
0,0,0.308089122142441
0,0,0.4752168480944057
0,0,0.37706454376321386
0,0,0.3546819771765761
0,0,0.11662606355922212
0,1,0.6512824031127173
0,1,0.5521962350666763
0,1,0.6506282637311529
0,0,0.2998431140441346
0,0,0.4384232092640439
0,1,0.5332617032762434
0,0,0.3784924613680168
0,0,0.3376883554044646
0,0,0.3442218004084993
0,0,0.05371329154803035
0,0,0.29755917253588887
0,1,0.6468215008745887
0,1,0.5851178228404457
1,1,0.6073023372231707
0,0,0.29989112844831195
0,1,0.5686961872581267
0,0,0.46030061559684915
0,0,0.42415226336219425
0,1,0.5106370793078855
0,1,0.6956067394401981
1,1,0.5035111565788251
0,0,0.4591072988393352
0,0,0.17878609736786572
0,0,0.17583864576891484
0,1,0.5716215034610591
1,0,0.40984417688981933
0,0,0.3912318666005519
0,0,0.20926693398080917
0,0,0.13508575919507215
1,1,0.8476463156174447
0,0,0.4470271931857029
0,0,0.42799967283535273
0,1,0.6600195780631288
0,0,0.3127424876953704
0,1,0.5095908572673161
0,0,0.3368260512420708
0,0,0.43098335872267507
0,0,0.39742191646833924
0,1,0.5974846452872455
0,0,0.304401787141875
0,1,0.5197935278391597
0,1,0.5345188443225519
0,0,0.48350729895605654
0,1,0.5448752856398278
0,1,0.690461631359036
0,1,0.5215371309847543
0,0,0.3877106593372031
0,1,0.7916240097725639
1,1,0.6573478500795854
0,1,0.7519023244091803
0,0,0.27526714373070527
0,1,0.6288297475512128
0,0,0.21681964793780567
0,1,0.6492562756805034
0,0,0.3234305839451833
1,0,0.4077671557761436
0,0,0.48321969277102744
0,0,0.304176175583127
0,1,0.5438658793418557
1,0,0.4048426875860269
0,0,0.2107187162638431
0,0,0.3588254114901533
1,0,0.2444374246038092
0,0,0.34553255552883727
0,0,0.3487290136079462
0,0,0.46505046269762834
0,0,0.3724158867289395
0,0,0.30230452429378213
0,0,0.2937641921643812
0,0,0.19127936247427574
0,0,0.3502259793539575
1,1,0.5764373579465321
0,0,0.4091331942220569
0,0,0.42334483663284206
0,0,0.4225338246544492
0,0,0.4617723492481093
0,0,0.4852898222508107
0,0,0.49175092449459096
0,0,0.4590804961458343
0,0,0.4536801106622872
0,0,0.28130280583130324
0,1,0.8141851169316169
0,0,0.48763333180222324
1,1,0.5513031633777415
0,0,0.46648411901982884
0,1,0.5429047159853134
0,0,0.13025117252851373
0,0,0.37889659044387214
0,0,0.1572271656375256
1,1,0.8567763402905835
0,1,0.6736387879552678
0,0,0.4732402198481547
0,0,0.32986972253900043
0,1,0.6865284986424718
0,0,0.30425795768966496
0,1,0.5693352081020375
1,1,0.7226146726654824
0,0,0.3843063115852088
0,1,0.759929341752438
0,1,0.7406478952786394
0,1,0.5260832399803931
0,1,0.6866148137932971
0,0,0.33161721515206
0,0,0.3975279199486227
0,0,0.35412716356617097
0,0,0.43988318010971317
0,0,0.3892860438477932
0,0,0.30889109965367
0,0,0.4426900666360022
0,1,0.8298273310716967
0,0,0.42797600072833386
0,1,0.5732543512930061
0,0,0.46040598353369944
1,0,0.43112067204701904
0,1,0.6324100286925272
0,0,0.3844755696541804
0,0,0.2834671570520067
0,0,0.325835205930052
1,1,0.579725398314687
1,1,0.5155429150565961
0,0,0.1383212538153027
0,0,0.3034569629924109
1,1,0.8815165352058659
0,0,0.309512782887114
0,1,0.5948479537785286
0,0,0.3192831291048301
0,0,0.391430445727406
0,1,0.7538001680875103
0,1,0.5677610770074376
0,1,0.5946117659976724
0,1,0.698612728976763
0,0,0.47555712407989686
0,0,0.18233117130580936
0,0,0.2537781814703538
0,1,0.869821852679854
0,0,0.139439318390216
0,0,0.47596241463771594
0,0,0.40218566745297607
0,0,0.4484018461265428
0,0,0.47434814229751837
0,1,0.5001152323935257
1,0,0.16027809696901732
0,1,0.5786355013149653
0,1,0.5777096457201191
0,0,0.29718765260307817
0,1,0.5761798275940364
0,0,0.2905044749760214
0,0,0.3940167964246551
0,0,0.2696389576383179
0,0,0.4794069242130281
0,0,0.23341589612148164
0,1,0.597010225540669
0,0,0.4863912253557075
0,0,0.41146287563144235
0,1,0.5712261224724402
1,1,0.5004888842307549
0,1,0.5493001787805419
0,0,0.3632204231188396
0,0,0.47997426891327133
0,1,0.5085834434203165
0,1,0.6924717820069963
0,0,0.4289588606259316
0,0,0.43360080591553074
0,1,0.7289151111958072
0,1,0.564484658254706
0,0,0.3819657703157824
0,0,0.24457821871030808
0,0,0.2804664810300609
0,0,0.21532573235334335
0,0,0.43214740597728074
0,0,0.3849092492298152
0,0,0.24090329801958824
0,0,0.46561791556221144
1,1,0.8765488405353218
0,0,0.12231641060323004
0,0,0.39563989775364544
0,0,0.04335248989565651
0,0,0.44832803954746603
0,0,0.17111915664151314
1,0,0.08134363399277564
1,0,0.23642822752894635
1,1,0.6859001510555381
1,1,0.7476166319863967
0,0,0.350591171169254
0,0,0.2978935061351262
0,0,0.2531078517210887
0,0,0.47800966307280335
1,1,0.5348491423034342
0,0,0.36792957931270637
0,1,0.5534350335034584
0,0,0.32235727974993655
0,0,0.2729944310798116
0,1,0.5551415385238639
1,1,0.5125382910912457
0,1,0.6932035469915734
0,0,0.477743243791961
1,1,0.8165781322956315
0,1,0.500273676132204
0,0,0.4592073197164784
0,0,0.34557452940675026
0,0,0.34590415929063617
0,1,0.5501776449588407
0,1,0.514162635923281
0,1,0.5171273356876018
0,1,0.5238139042594591
0,1,0.6968268292942691
0,0,0.28965752384381
0,0,0.4304475086848388
0,1,0.535730029544863
0,0,0.3131037056410726
0,0,0.43020112667356686
0,1,0.5761831452362934
0,1,0.6939611604562943
0,1,0.5403869180625338
0,0,0.45730145310773374
0,0,0.3631989998433352
0,0,0.3624347021831823
0,0,0.4452869630701354
1,1,0.8130619128991388
0,1,0.6678268135258091
0,0,0.38524390933929786
0,0,0.3946177068750275
1,0,0.4532491986511155
0,0,0.45097476230326916
0,0,0.48801162858233715
0,0,0.46559863265385454
0,1,0.7424726079504171
0,0,0.4304056315915451
0,1,0.9183420313622592
1,1,0.540766588010345
0,0,0.48304794810920415
0,0,0.4661200264082323
0,1,0.7633142627410399
0,1,0.5558067563018004
0,1,0.6067761597180074
0,1,0.5868076900262427
0,1,0.6802942863232526
0,0,0.35481594159269736
0,0,0.3553560538161997
0,0,0.4831316883340467
0,0,0.2726128068582425
0,1,0.577587844245011
0,1,0.5049795115866413
0,0,0.3153852200584643
0,0,0.42130290840636664
0,1,0.6327071154118947
0,0,0.12014276893852775
0,0,0.36747823160674575
1,0,0.486330631649147
1,0,0.44829002357600695
0,0,0.39423381666000784
0,1,0.6732723378820807
0,0,0.41872054995251223
0,0,0.3590196898452631
0,0,0.47983290917538585
0,0,0.22841705247935135
0,0,0.30151284913502296
0,0,0.30996876223561654
0,1,0.5053787064248624
0,0,0.3787668175330273
0,0,0.3338671127232454
0,1,0.5684013999775474
0,0,0.39970725548278624
0,0,0.4304135947601176
0,0,0.3685323750488425
0,0,0.4964016546980527
0,0,0.17382191250400195
0,0,0.24311778175648885
0,0,0.47164274919348464
0,0,0.2310621461620399
0,0,0.4983433060488986
0,1,0.8534366891414085
0,0,0.2920338190369089
0,1,0.6964369020399291
1,0,0.457428261252586
0,1,0.9717816386803869
0,1,0.5741545399612928
0,0,0.35968630523245304
0,0,0.2803875258875884
0,0,0.44747099101715215
0,0,0.47733835635980587
0,1,0.6314994347817955
0,0,0.3082626848567689
0,1,0.5473440455615501
0,1,0.5986542921248682
0,0,0.46392805626911915
0,0,0.4738293884326564
0,0,0.37994751987921854
0,1,0.5480005231204487
0,0,0.2813848681001012
0,1,0.6056372682357618
0,0,0.15333731177043256
0,1,0.6123738622996768
0,0,0.41687597836299706
0,0,0.41374112427751114
0,0,0.48877397528171
0,0,0.45921978604963354
0,0,0.4970296624236106
0,0,0.25255558621772706
0,0,0.3917281272071141
0,1,0.5952692215055365
0,1,0.7800274007143163
1,0,0.43716636126242236
0,0,0.478776098458992
0,0,0.33476002827931195
0,0,0.2895127242279067
0,0,0.21911920104615643
0,0,0.3983705197197929
0,0,0.16916351168926183
0,1,0.7348094601173822
0,0,0.26634528560620435
0,0,0.1602444630563874
1,1,0.5260849040842326
1,1,0.7207004437417474
0,1,0.5712506643202081
0,1,0.7218570873030418
0,0,0.2017507751508431
0,0,0.0041026588206367785
1,0,0.22084137926698058
0,1,0.553936390597669
0,1,0.682027407951499
0,0,0.25987814486929467
0,0,0.2628810011081733
0,1,0.611631149159537
0,1,0.6919183010664277
0,0,0.44277082157304737
0,0,0.3943859910463407
0,0,0.38640398710706864
0,0,0.49711889649067365
0,1,0.5782055714091983
0,0,0.16079994986243887
0,0,0.005215382609354922
0,1,0.524042659550566
0,1,0.5409796800118888
0,1,0.7388050329631886
0,0,0.35986779392841917
0,0,0.4779286333202103
0,1,0.710398100929969
0,0,0.11065432104282634
0,1,0.774587503458574
0,0,0.4729489792259893
1,1,0.7613363634661384
0,0,0.473641482537352
0,1,0.5551468177202308
0,0,0.45532489591411673
0,0,0.3689568151416116
0,1,0.6211894387036143
0,0,0.2594077847037659
0,1,0.5336323958143517
0,0,0.40283771932231827
0,1,0.6068808678207841
0,0,0.4405113134809985
0,0,0.3528781451767482
0,0,0.3714239516716287
0,1,0.5519579148335646
0,0,0.1480965272242298
0,1,0.5379811849076972
0,1,0.959258151868872
0,1,0.899679530269015
0,1,0.5927311959608783
0,0,0.26157931810090934
0,0,0.00912845395545422
0,1,0.5541656395437377
0,0,0.4884714834492006
0,1,0.6938086248468739
0,0,0.44095465352021773
0,0,0.35089387533409194
0,1,0.552319136710578
0,0,0.34089155837762997
0,1,0.5136149822299356
0,0,0.31007891799906406
0,1,0.7952774444057762
0,0,0.44787888282886723
1,0,0.35188374903884434
0,0,0.2604996355801396
0,1,0.5718580358928247
0,0,0.4273876310576959
