Actual,Predicted,Readmission_Probability
0,1,0.5325161166839003
0,0,0.42681604023088227
0,0,0.48576661486781103
0,0,0.49599884171226166
0,0,0.48699229087197543
0,0,0.43488241175942205
0,0,0.43000280961676834
1,1,0.6047547421390235
0,0,0.4698661400945431
1,0,0.433833731028242
0,0,0.47925606422267714
0,1,0.5041883215752127
0,1,0.5617545764980014
0,0,0.4683759462557508
0,1,0.5317328372347495
0,0,0.48344777886546014
0,0,0.4012547375989161
0,1,0.5479449711210957
0,0,0.4940719920108548
0,0,0.4936448392351104
0,1,0.5199796104148691
0,0,0.4592543489875681
0,0,0.40113324343356843
0,1,0.5637789189958766
0,0,0.42079033432636825
0,0,0.4928476951783157
0,0,0.44176626628557963
0,0,0.4422019363261581
0,0,0.4963681001316389
1,1,0.5215968109771884
0,1,0.5316944709698389
0,0,0.4553209189352843
0,0,0.49757108414741597
0,0,0.47734398640232967
0,1,0.5209505005713669
0,0,0.4736068167202929
0,0,0.4726053081249415
0,0,0.43434732870894976
0,0,0.4508352666631157
0,0,0.37052822539529884
0,0,0.4728547922504587
0,1,0.5067467470968259
1,0,0.4829282090918639
0,1,0.5321092267966258
0,0,0.45869155079367835
0,0,0.45747437549871917
1,1,0.5636259337946897
0,0,0.4490820288840805
0,1,0.6031186697560043
0,1,0.5165531637470893
0,0,0.48073829501847043
0,0,0.4753291463545704
0,0,0.4850579220560028
0,0,0.4234109089539659
0,0,0.46186621782804166
0,0,0.37618731908688735
0,0,0.47768584481830956
0,1,0.5300906275378268
0,0,0.3806870758437001
0,1,0.504509272750714
0,0,0.461311190421285
0,0,0.4731268275671996
0,1,0.5156081019649739
0,0,0.4781602087236642
0,0,0.45381317004384114
0,0,0.4141444522514095
0,0,0.44609451939746714
0,0,0.4814731190742901
0,1,0.5056868371959883
0,0,0.49396594662232524
0,1,0.5097171490165158
0,0,0.46805805557388747
0,0,0.45815436498561446
0,1,0.5069015964901505
0,0,0.4105642584951855
0,1,0.5124545299189017
0,0,0.4991073989123807
0,1,0.5066124109174905
0,0,0.37527831968408537
0,0,0.46240367954334033
0,0,0.45470668236327383
0,1,0.526589084554138
0,0,0.4990511741431343
0,0,0.4027260925894749
1,0,0.4942800323075033
0,0,0.3762510162036942
0,0,0.4274121669271432
0,0,0.44275075777116996
0,0,0.4492082450781737
0,1,0.5080462693599459
0,1,0.5008491341053546
0,1,0.532380511056537
1,0,0.46788764129688126
0,0,0.4911966743183824
0,0,0.43216555868136475
1,0,0.49135488409329925
0,0,0.438099354577307
0,1,0.5241078969835307
0,1,0.5307110872963093
0,0,0.494632118406255
0,0,0.44837319254145264
0,1,0.5293085614602806
0,1,0.5260293166275282
0,0,0.40079892035129533
0,1,0.5266918985164264
0,1,0.5181154871798598
0,0,0.49800721643572254
0,0,0.37489546461251577
0,0,0.4398592163504993
0,0,0.29470182085068847
0,1,0.532183394027556
0,1,0.5101194860080643
0,1,0.516731273573563
0,0,0.46313340442917406
0,0,0.47129862380925547
0,0,0.3356962364544215
0,0,0.4387481670131985
0,1,0.5136470977614447
0,1,0.5380325913169961
0,0,0.41480860950958065
0,1,0.5091383079823174
0,0,0.4254759680891751
0,1,0.505046689933365
0,0,0.483941083809645
0,0,0.43583493594223227
0,1,0.5016733785666578
0,0,0.44074213551688746
0,0,0.4663751855163014
1,1,0.5392096828167685
0,1,0.5302054890942904
0,0,0.39258544799699924
0,0,0.4471351292681301
0,0,0.4661466503157749
0,1,0.5031715347530907
0,0,0.49468476920341464
0,0,0.48404235708979554
0,0,0.4931907539489318
0,0,0.4300263789995842
0,0,0.39985022933358555
0,0,0.44453772881289283
0,0,0.4625506575838646
1,0,0.45689205663742066
0,0,0.4467697500009987
0,1,0.5405389530235286
0,0,0.4600369341458782
1,1,0.573113054942841
0,0,0.39261515262834273
0,0,0.43732620089133456
0,0,0.4949603182663937
0,0,0.47148344435771156
0,0,0.3848918036184495
0,0,0.3962546113469462
0,0,0.39015373021554844
0,0,0.4694095090305638
0,0,0.41375359652189303
0,1,0.5673029775665536
0,0,0.4568182145109253
0,1,0.5008884625505882
0,0,0.4020398378875511
1,1,0.5312870470651725
0,0,0.4633130082449339
0,1,0.5221383037594155
0,0,0.49758431530723857
0,0,0.42707160935575567
0,0,0.43928659478426213
0,0,0.43068895494251225
0,1,0.5659159856340041
0,0,0.46297048811595026
0,0,0.49988226585777445
0,1,0.5069568308720592
0,0,0.4732998648146934
0,0,0.4315452694686396
0,0,0.48177717610385234
0,0,0.47266923611014583
0,0,0.4526452063561875
0,0,0.3425992634811714
0,0,0.45648018530789636
1,1,0.5548182693590848
0,1,0.5211634775643594
0,0,0.44705535171694594
0,0,0.4802781766688301
0,0,0.4762660607701627
0,1,0.5101845573560125
0,0,0.4932029174478719
0,1,0.5871919571061585
0,0,0.41056809476614725
0,1,0.5058782821058486
0,0,0.3858281954870356
1,0,0.467951327273991
0,1,0.5112671312043787
0,0,0.3993286106071776
0,0,0.48149954150283236
0,1,0.519711019418363
0,0,0.3898936941465719
0,0,0.4231554475424522
0,0,0.44026123827125363
0,0,0.33869511023416154
0,1,0.5174670165730442
0,0,0.42095456843378026
0,1,0.5100165914828282
0,0,0.4830704554958947
0,0,0.4804771056571094
0,0,0.4026083874300373
1,0,0.4953838581122419
0,0,0.4486424562952884
1,0,0.33727228186023284
0,0,0.46511447801016603
0,1,0.5183127489630166
0,0,0.4486420149579438
0,0,0.4441971423878675
0,0,0.38696752470785656
0,0,0.4711201244585659
0,0,0.3481776950507097
0,0,0.4868826271119786
0,0,0.41523359659193704
0,1,0.545070500443315
0,1,0.5076191675622477
0,0,0.35554027398121596
1,0,0.4316279695621297
0,0,0.3962091562907948
0,0,0.31835003897916136
0,0,0.4170543093136313
0,1,0.5749348590233344
0,1,0.5050476519136647
1,0,0.4542860789184761
0,0,0.46166008318928886
0,0,0.4634078426923383
0,1,0.5872571493618881
1,0,0.3667457066412385
0,1,0.5203896085666536
0,1,0.5171547891351103
0,0,0.46829302803365097
0,1,0.516406665315654
0,0,0.40310606665664084
0,0,0.4133398828797485
1,0,0.39717074733743396
0,0,0.45344219301689725
0,0,0.3909743319026622
0,0,0.4681560842801051
0,0,0.3871471297051184
0,0,0.4301035937938698
1,0,0.45067691183578296
0,0,0.3403016139494344
0,0,0.44226534131779893
0,1,0.5221518224390419
0,0,0.4588688876562144
0,0,0.4673956620162167
0,1,0.5428260035713895
1,0,0.4789510540677492
0,0,0.32221382177277574
0,1,0.521269826266111
0,1,0.5193990955192632
0,0,0.44039666042127334
0,1,0.5172892764256857
0,0,0.4886055839525108
1,0,0.49441274125043067
0,0,0.34434167882434685
0,0,0.48815323982125086
0,0,0.37293828990274813
0,0,0.47882170365760174
0,0,0.4804028859718084
0,0,0.3508578758504577
1,1,0.5974472404542724
0,0,0.48209030963840394
0,1,0.5562561907722133
1,0,0.4999854940152895
0,1,0.5336452344942938
0,0,0.3981568394340801
0,0,0.48834990690539565
0,0,0.40797011393998106
0,1,0.5351243738046292
0,0,0.39918219427536605
0,1,0.5362108908663983
0,0,0.41874257494538836
0,0,0.41014280697892225
0,0,0.47180225405951176
1,0,0.4940677905739878
0,1,0.571014797115379
0,1,0.5544761893951659
1,1,0.559437010662204
0,0,0.4865290308875019
0,0,0.4918747549115038
0,0,0.4337512986748206
1,1,0.5775998052481895
0,0,0.3892635739311412
0,0,0.44736205158322084
0,0,0.4292084953584977
1,0,0.4732589390489098
0,0,0.4812116912446209
0,0,0.32977231976908344
1,1,0.5810306913879836
0,0,0.4563667034723138
0,1,0.5226816600722382
0,0,0.4840222184165928
0,1,0.5278838578977936
1,0,0.44442763374823113
1,1,0.6047524005283216
0,0,0.3186930892826566
0,0,0.47024381301017015
0,1,0.5127082105015374
0,0,0.47512430539302025
0,0,0.44143084294845536
0,0,0.40817043517705337
0,0,0.489091066522909
0,0,0.4245923099598298
0,1,0.5838612148585449
0,0,0.42836293365937356
1,1,0.5191839496130385
0,1,0.5026828279950297
0,1,0.528225299267476
0,0,0.4539807616286081
0,1,0.5602116983444462
0,0,0.473048101143496
0,0,0.48749033687361876
0,0,0.4572147968965995
0,0,0.49211918495755086
0,0,0.4645448218059821
0,1,0.5816048699227719
0,0,0.4953195031599349
0,0,0.4936616006097981
0,0,0.4849832848993937
0,0,0.45495097885075775
0,0,0.4101009880419778
0,0,0.3924259887550147
0,0,0.29164313113961016
0,0,0.45296398488999823
0,0,0.3659537272573419
0,0,0.4895737833513872
0,0,0.49365667197030144
0,0,0.4914407060540978
0,0,0.4519978162355702
0,0,0.46878618392085114
0,0,0.41111258918732757
0,1,0.5576976483488871
0,0,0.37087450718781867
0,0,0.3548916073928239
0,0,0.41988759870851167
0,0,0.4638465165174292
0,1,0.5484041078682442
0,0,0.38063709591036693
0,0,0.4544958458756069
0,0,0.32686004692930104
0,0,0.47974533071841313
0,0,0.4853873176229048
0,1,0.5150366007272291
0,0,0.3922940912846795
0,0,0.3999666888489027
0,1,0.5120445883771667
0,0,0.491752881411144
1,0,0.46372905433520095
0,0,0.44656836568019737
0,0,0.4014731650896405
0,1,0.5145709730013628
0,0,0.4129793982234585
0,1,0.5397731542692005
0,0,0.4054602740833249
0,0,0.458308284097622
0,0,0.35656676908077584
0,1,0.5086145215769498
0,0,0.42975439657455766
0,0,0.3763632712700867
0,1,0.5527911029053446
0,0,0.41706038818895425
0,0,0.40342391357081125
1,0,0.47892236999621923
0,1,0.5068062532588464
0,0,0.48626752329287304
0,1,0.5558064477101095
0,0,0.4632774812077464
1,0,0.4486840317508887
0,1,0.5152895632154371
1,1,0.5644937283483165
0,0,0.4281804746626655
0,1,0.5120562341667573
0,0,0.4499132725271924
0,1,0.5808960267459493
0,0,0.3451634017000608
0,0,0.4493872384082273
0,0,0.4987624868929111
0,0,0.4600954650697959
0,0,0.49075235070613005
0,1,0.512470998700594
0,1,0.5206333210462937
0,0,0.382302054875171
0,1,0.5037597122055287
0,0,0.4579100538890625
0,0,0.4948830003057389
0,0,0.4028694097303389
1,1,0.536586653310531
0,0,0.36976830411146466
0,0,0.4575334846889366
0,0,0.4934558707953089
0,0,0.3540098189494031
0,1,0.5237130817857885
0,1,0.5506500176528346
0,0,0.4291771575216363
1,1,0.5054686098583585
0,0,0.34419692589859613
0,0,0.4215838204377787
0,0,0.3859156652411132
0,1,0.5180819356953454
0,0,0.44345191011005974
0,1,0.5281362785050192
1,0,0.48936256322176463
0,0,0.4615605857193406
0,0,0.4404479191279513
0,1,0.5336528496952314
0,1,0.5261082349288724
0,1,0.5006287758347238
0,1,0.5065222024295761
0,0,0.4452326967442801
0,0,0.4429048881330649
0,0,0.4400996525178197
0,0,0.47178459584142407
0,0,0.4105394030780418
0,0,0.43737638172134674
0,0,0.43915141041232497
0,0,0.4420464145727958
0,0,0.43754239380776155
0,0,0.3962813874391855
1,1,0.5130301545246092
0,0,0.40136045520835656
0,1,0.5685415069088804
0,0,0.46412009510376073
0,0,0.49277291739774154
0,0,0.4324111725480319
1,0,0.3753337242062989
0,0,0.4021089704940686
0,0,0.3640198123425888
0,0,0.4818950461289181
0,0,0.37398815280838105
0,1,0.5914199249102178
0,0,0.4765672558400918
0,0,0.45426045510848423
1,0,0.4882494748349927
0,0,0.37356911544249316
0,0,0.4791315292223596
0,0,0.48116163894085473
0,0,0.41814121204506627
0,0,0.3467670580779793
0,0,0.42447969158792775
0,0,0.39762354259502997
0,0,0.42606777229879034
0,0,0.49408520779660037
1,1,0.533191878475222
0,0,0.4073724049546695
0,0,0.4061988359632246
0,0,0.4477190181051674
1,0,0.38688987162709876
0,0,0.4298037850049809
0,0,0.41649248718571846
0,0,0.4140167820890731
0,1,0.5564971219321923
1,0,0.4693070803571216
0,0,0.4305342686020826
0,0,0.40245342142300744
0,0,0.4770672423440334
0,0,0.49143151532929347
1,1,0.630045979927195
0,1,0.5097975049395272
0,0,0.37314411439977363
0,0,0.4393537536834718
0,0,0.45861917853253026
0,0,0.49398106591532986
0,0,0.39245633023820065
0,0,0.39290976196895466
0,1,0.5168625851764509
0,1,0.5425145639833111
0,1,0.5306187651681878
0,0,0.31982202328721
0,0,0.41076157738175256
0,1,0.5011746363370856
0,0,0.4691818674269429
0,0,0.45465712134104463
0,1,0.5338997914521659
0,1,0.5713486520410971
1,0,0.406577355403181
0,1,0.5381290927216409
0,0,0.30650833650753306
0,1,0.5352624843274638
0,1,0.5027535815068367
0,0,0.4477839033198805
0,0,0.3963529025617882
0,0,0.44527434397465276
0,1,0.5799364959939355
1,0,0.4393334100132401
0,0,0.37618609635563904
0,0,0.4313002122646759
0,0,0.4081971559137614
0,1,0.5010555294201776
0,0,0.42528496279615746
0,1,0.5588222744336967
0,0,0.405183988307324
0,0,0.3880877384175767
0,0,0.424608294090336
0,0,0.39346446413440994
0,0,0.4834571287577102
0,0,0.4956106015245487
0,0,0.4424378990826141
0,0,0.3916727557852624
0,0,0.43229027582551566
0,0,0.4220411105584742
0,0,0.47846454791578835
0,0,0.472072750386864
0,0,0.33447262475987843
0,0,0.4298561088737862
0,0,0.47315349691266284
0,1,0.5026233825467084
0,1,0.5670153931210733
1,0,0.44589193507985997
0,0,0.4547384750868739
0,0,0.4907244225656738
0,1,0.5400477437725004
0,0,0.4963121990375933
0,1,0.5546826806609925
0,0,0.4687881822719481
0,0,0.41358719738950667
0,1,0.5010820615957194
1,0,0.48688598785489856
0,0,0.45562987567877383
0,0,0.4353296594402347
0,1,0.5316011408303644
0,0,0.464438492247217
0,0,0.45549930266318733
0,0,0.4541315653983177
0,1,0.5200434395619077
0,1,0.5521809300918322
0,0,0.43653449555250495
0,0,0.45183440408383374
0,1,0.5267847782850049
0,0,0.36950542882545967
0,0,0.4460092110864423
0,1,0.5151458707056407
0,0,0.31717213617664725
0,0,0.4370824431340841
0,0,0.3995216306320792
0,0,0.4370394918432726
1,1,0.5213082203218837
0,0,0.43577683752181245
0,0,0.4528379460313813
1,1,0.5122000893824551
0,0,0.4214454360197248
0,0,0.48953244222367653
0,0,0.4135718090105511
0,0,0.4272584376601792
0,0,0.40814461286871256
0,0,0.4321726344177497
0,0,0.4143366020844972
0,0,0.4167796739997338
0,0,0.4411751314711676
0,0,0.31347014540170814
0,0,0.4229272556037371
0,1,0.5203258225796311
0,1,0.5082638707599016
1,1,0.582175619264267
0,1,0.5230565315128121
0,0,0.3858525307050345
0,0,0.4480590179574133
0,0,0.4631292133016972
0,0,0.4955512459826658
0,0,0.41139002428734506
1,0,0.4749045779353515
0,0,0.47499261801560033
0,0,0.4460128972530242
0,0,0.3538833827003332
0,0,0.4900168458255672
0,0,0.4613506076339496
0,0,0.43444988509826865
1,0,0.3421819192853537
0,1,0.5715587072940346
0,0,0.3379138893470083
0,0,0.47302471628506365
0,0,0.4029781484065467
1,1,0.5110345992227435
0,0,0.33656515291017763
0,0,0.3544004032711954
0,1,0.5337725745282824
0,0,0.42130069202190223
0,0,0.36838736855634585
0,1,0.5118476610700045
0,0,0.4545206383391837
0,0,0.38750901103455915
0,1,0.5070760242116306
0,1,0.5425248259580262
0,1,0.5269077700975668
0,0,0.391350439943433
0,0,0.37464741064780827
0,0,0.32466137264809136
1,0,0.46395346364071505
0,0,0.48418524112284933
0,0,0.3792053300511814
0,0,0.4249975582983322
0,0,0.49096590648949634
0,0,0.4431707563940746
0,0,0.47514241062936585
0,0,0.3951736821745209
0,0,0.3651925303078915
0,0,0.40722924835956986
0,0,0.41228166398581506
0,0,0.4344680677107543
0,0,0.47097572712115165
0,1,0.5117832900119955
0,1,0.5284109900565639
0,1,0.5062345678992987
0,0,0.38999639084229576
0,0,0.488673464856611
0,1,0.5582744325181671
0,0,0.45712866406059854
0,0,0.3988704301679275
0,0,0.34400546077733263
0,0,0.3586643775696964
0,0,0.43649955051955935
0,1,0.5391064030977593
0,0,0.36640061968501036
0,0,0.404767682481264
0,0,0.3977175211619415
0,1,0.5539812312336982
0,1,0.5060927029741361
0,1,0.5456419348552393
0,0,0.45558811270576444
1,1,0.5275991578166037
0,1,0.506418576638422
0,1,0.5066211617617513
0,0,0.47315414595902683
0,0,0.49111684577574016
0,0,0.4004101538965377
0,0,0.452004140985892
0,0,0.4439402230334556
0,1,0.5014877048739392
0,1,0.5309770501704958
0,0,0.46016065170941994
0,0,0.46173639816808476
0,0,0.46434050293465484
0,0,0.460575293454933
0,0,0.4227609148459344
0,0,0.36011201522321196
0,0,0.4271775346450147
0,0,0.4586226846056131
0,0,0.42421196605609757
0,1,0.5096161509627946
0,0,0.48060771899204163
0,0,0.37025886573788463
1,1,0.5197499073932483
0,0,0.45156789438656636
0,0,0.4554956213348739
0,1,0.5372950077459202
0,1,0.5394499220875559
0,1,0.5964505880195792
0,1,0.520694570538005
1,0,0.49137396335506944
1,0,0.46934637083691255
0,0,0.46241959876773353
0,0,0.4740511016735111
0,1,0.5879185418729318
0,0,0.3867842217428906
0,0,0.37245873109756955
0,0,0.3448424767711296
0,0,0.47297832761138203
0,1,0.5541560981731893
0,0,0.34109560979975173
0,0,0.4368493533014916
1,0,0.46118291562783925
0,0,0.4712729702280506
0,0,0.4225661333896251
0,0,0.46052401382385577
0,0,0.3719134649525393
1,1,0.5704170091220094
0,0,0.49360066909807077
0,0,0.49810637926719464
0,0,0.3270087844914494
0,0,0.47064464169668674
1,0,0.4922147101191334
1,0,0.49368163874447296
0,1,0.5106973488849261
0,0,0.4172685547311083
0,0,0.3914100091796034
0,0,0.4893464553844872
0,1,0.5043474212469851
0,0,0.4539793402506313
0,0,0.4818548609482471
0,0,0.48210617277463613
0,0,0.43144570145686567
0,0,0.43984415329150217
0,0,0.44293827455874457
0,0,0.3460985401974763
0,0,0.48265715815620597
0,1,0.5105580826672929
0,1,0.5386925559230253
0,1,0.5324026083027141
0,1,0.5195011835268549
0,1,0.5089197657508148
0,0,0.39523631426520245
0,0,0.4985335715559846
0,0,0.381448006938254
0,0,0.44309896660518105
0,0,0.4740729341775022
0,0,0.4455202034240029
0,0,0.479492593528946
0,1,0.5223293703264656
0,0,0.35633192652260964
0,0,0.34496515534748623
0,0,0.4440967361265735
0,0,0.3678695107663412
0,0,0.4970000358151863
0,0,0.46472374852985704
0,1,0.5670925263512632
0,0,0.43909731331692625
0,1,0.5332001769994755
0,0,0.44325323198831207
0,0,0.49592654193705743
1,0,0.48003336451896755
0,0,0.42632182900678184
1,1,0.5222206017882518
0,0,0.4710794786945431
0,0,0.4515985476489984
0,0,0.4446361118861018
0,0,0.382068360023158
0,1,0.5178184580439997
0,0,0.44651972079870844
0,1,0.5253156284326831
0,0,0.4885924027763683
0,1,0.5207075226104315
0,0,0.45267454997369255
0,1,0.5421265739711219
0,0,0.4796715814644907
0,0,0.3967175843574536
0,0,0.48560484228422046
1,0,0.48251261469044715
0,0,0.4605483131540251
1,1,0.5401996732288172
0,1,0.5274466112109324
0,0,0.44061176297117854
0,0,0.4092719602866674
0,1,0.528290028087358
0,0,0.3610327848754328
0,0,0.4379698435368649
0,0,0.3629645467787636
1,0,0.43391567390659813
0,0,0.25454935775378595
0,1,0.5416446183542907
1,1,0.5457666468930068
0,0,0.4619956269631827
0,0,0.41046591001383215
0,0,0.46270955727751284
1,1,0.5797338024110155
0,0,0.49708312605634086
0,1,0.5083055830028069
0,1,0.5248317714213337
0,0,0.43287658566652987
0,1,0.5401940311013704
0,0,0.47216378028907746
0,0,0.43562750191751065
0,0,0.4774555678251175
0,0,0.39566776904505263
0,0,0.45100838420641287
0,0,0.3966488571232445
0,0,0.40799945770835544
0,0,0.3813838246796656
0,1,0.5132725916033024
0,0,0.4471265318275332
0,0,0.44222775476086634
0,1,0.5676124392647736
1,0,0.47306489919235106
0,0,0.4363008830319847
0,0,0.46537207813812087
0,0,0.4636632485376516
0,1,0.5295692333189348
0,0,0.42176953952835256
0,0,0.4250989049832844
0,0,0.4477699048988935
1,0,0.4581317771272
1,0,0.40750041143549365
0,0,0.47282274126345947
0,0,0.48792703843599666
0,0,0.4933481302199824
0,1,0.5480061895545396
0,1,0.5600249665311939
0,0,0.41078341679707076
0,1,0.5033254533144531
0,0,0.42491037727825004
0,0,0.4150237501748146
0,0,0.4691856941297193
0,0,0.43017986737763686
0,0,0.402991292011165
0,1,0.5431382127292427
0,0,0.476709720341949
0,0,0.4086045716926995
0,0,0.3657786179455269
0,1,0.5172908284457509
0,0,0.4267776461622336
0,1,0.5102190329852611
0,0,0.42863430508838407
0,0,0.49872515299540376
0,1,0.5311603618268418
0,0,0.33120463993635263
0,0,0.49799971809749677
0,0,0.4110249627368836
0,1,0.5108249109240449
0,0,0.356756968893775
0,1,0.5171781417798644
1,0,0.44756822696588905
0,1,0.5156025698410848
0,0,0.4732411460175527
0,1,0.5026180753259782
1,0,0.43624699399319444
1,1,0.5064985110654314
0,0,0.39762462178875685
0,1,0.5698479272702639
0,1,0.5163784228376064
0,1,0.5148163058221216
0,1,0.5114017473571038
0,0,0.47485186470995655
0,1,0.5072507794474557
0,1,0.5057023959436846
0,0,0.290908905452577
0,0,0.3773373115774657
0,0,0.4278305544858072
1,1,0.5134748668588566
0,1,0.5172378638428939
0,0,0.408696332718334
0,0,0.45684404824432867
0,0,0.4245654481740082
0,0,0.488440298922438
0,0,0.4545765085254386
0,0,0.46366140846528553
0,1,0.5104602812460223
1,1,0.5889671833654287
0,0,0.43858427320569776
0,0,0.48402792192221306
0,0,0.365657015088129
0,0,0.45271014044619634
0,1,0.5097802337499836
1,1,0.5895667752443147
0,1,0.5045141052917916
0,1,0.5082278829547294
0,0,0.4715951927520808
0,0,0.4174034059113545
0,1,0.563465526588808
0,0,0.40189894433865875
0,0,0.3954357921858416
0,0,0.4403937064780872
0,0,0.4643808857722585
0,0,0.34917500561297404
0,0,0.41524121820310583
0,0,0.4388617764437124
0,0,0.35447734708800205
0,0,0.4477075178619667
0,0,0.48262720910502127
0,0,0.4854648744048753
0,0,0.46039767690886535
0,0,0.43116725628618124
0,0,0.4848971427799034
0,0,0.49536804064643286
0,0,0.37906940204362494
0,0,0.4221075616853702
1,0,0.40693488595069105
0,1,0.5050129190220394
0,0,0.41921252635560036
1,0,0.4821260206602057
0,1,0.5139661518628481
0,0,0.467199463033811
0,0,0.4464722692087185
0,0,0.4661282336269617
0,0,0.44133096254134707
0,0,0.3727205461274241
0,0,0.4767598617739943
1,1,0.5524257152207234
0,0,0.4538988370856172
0,0,0.3886575363224555
0,0,0.4348774661334163
0,0,0.4675085069414169
0,0,0.42525324695196964
0,0,0.4830409886553823
0,1,0.5316996779904658
0,0,0.4253543071159083
0,1,0.5435542672059905
0,0,0.47346319043350443
1,0,0.4656620203230047
0,0,0.4618612853504071
0,0,0.4225375333065151
0,1,0.5306758900683702
0,0,0.48887471830290635
0,0,0.43548654300752365
0,1,0.537814020690127
1,1,0.601346830341633
0,1,0.5000073861326537
0,1,0.5194928321611478
0,0,0.3420557047126617
0,0,0.4376067774761387
0,1,0.5051724944675539
0,1,0.5304653559217866
0,0,0.47774380759364055
0,1,0.5599491835843065
0,0,0.46768682947886653
0,0,0.4447839518686746
0,0,0.48505365629947433
0,0,0.46057932837946247
0,0,0.36078502407140733
0,1,0.5021365487135537
0,0,0.39674665534390774
0,0,0.463312754796066
0,0,0.41364400583360433
0,1,0.5352893947347626
0,0,0.4919315911631326
0,0,0.37650701549377424
0,0,0.38772076484891715
1,1,0.5023888009748588
0,0,0.3614517916495938
0,0,0.40751352012273384
0,0,0.3633635066572522
1,1,0.5201878702724209
0,0,0.45670689952736554
0,0,0.25769347407588455
0,1,0.5684085797012863
1,1,0.5706523557900764
0,0,0.43119167977504697
0,1,0.5246089672900787
0,0,0.42992677302056803
0,0,0.4427947404598229
1,0,0.43698807298608633
0,0,0.41338061976239454
0,0,0.3891995209782154
0,0,0.4266094462883933
1,0,0.4982454139591642
0,0,0.481946355300427
0,0,0.44669238436932945
0,0,0.44316532544604187
0,0,0.4844351529844419
0,0,0.4736912741645692
0,0,0.48273376505613363
0,0,0.4358782272900234
0,0,0.39409492182124956
0,0,0.44742220164053065
0,0,0.4622453403506772
0,0,0.48913255451638643
0,0,0.4638835003083268
0,0,0.38639260252348384
0,1,0.501472187117513
0,1,0.5283240565274583
0,1,0.507419932440576
0,0,0.4921176000608146
0,0,0.3662055796521134
0,0,0.41305200297684685
1,0,0.3968959986114464
0,0,0.3762541353553909
0,0,0.37540432602973306
0,1,0.5226666006182809
0,0,0.4737808004893086
0,0,0.4905203142293362
0,0,0.42887641669568305
0,0,0.4023794372922137
0,0,0.4752921986597669
0,0,0.3738034820206292
0,0,0.4260861046510289
0,0,0.476271895541255
0,1,0.5578161778143121
0,1,0.5271727688406787
0,0,0.44369532311647913
0,0,0.4173382004529618
0,0,0.4700008159274313
0,0,0.4856036268470969
0,1,0.5994652070822879
0,0,0.4104509197422906
0,0,0.34915952132000017
0,0,0.49567512796861407
0,1,0.5581369114141157
0,0,0.4918051983094686
0,1,0.5170992291321252
1,0,0.4496967911634956
0,0,0.42430892968072614
0,1,0.5005482538957778
0,0,0.4507294781901635
0,1,0.5246270421598591
0,0,0.38681196032331117
0,0,0.4956381968722558
0,1,0.5188981632981282
1,1,0.5768629721904527
0,0,0.4717613027020359
0,0,0.43641044582725663
0,0,0.47970845493952224
0,0,0.427602469731302
0,0,0.48262300396071334
0,0,0.46764817970620437
0,0,0.4640131935331641
1,0,0.3661401056653603
0,1,0.5014125304605
0,0,0.3602072163356421
0,0,0.47138205648665454
0,1,0.5308868563264802
0,0,0.4431291910731819
0,0,0.43443887465157005
0,0,0.4979822534197689
0,0,0.4543611395751296
0,0,0.4100322180195636
0,0,0.4360991884350534
0,0,0.48031834700871656
0,0,0.4641918642204451
0,1,0.555581334767326
0,0,0.37616665795215576
0,0,0.33371653753829295
0,0,0.4699125978067283
0,0,0.46872453163477595
0,0,0.49079124536834007
0,0,0.42599953330081164
1,1,0.5088496396649992
0,0,0.41454953367853065
0,0,0.4307637075596093
0,0,0.38543826430670003
0,0,0.4842002051564003
1,1,0.5367567946052901
0,0,0.44547296041684603
0,0,0.4738367092404397
0,1,0.526618251122255
0,0,0.3913951983387252
0,0,0.454217533231428
0,1,0.5336514629779487
0,1,0.5731043465999811
0,0,0.4630137497255889
0,1,0.5363815052621387
0,0,0.47094527549489434
0,0,0.4716490342365161
0,0,0.43347014032443665
0,0,0.45755707004745966
0,0,0.39023613806540053
0,0,0.3982218269790703
0,0,0.49365476375661876
0,0,0.42357012987937687
0,1,0.5457545668027897
1,0,0.48456933941040015
1,0,0.4791247727077826
0,1,0.5611300854442979
0,0,0.42384549202334343
0,0,0.2536711683652028
0,1,0.5292314090133167
0,0,0.49060450219149826
0,1,0.50424360521622
0,0,0.4942451075513939
0,0,0.3956969168970072
0,0,0.49260252715574154
0,0,0.40953313143070874
0,0,0.43816432851508325
0,0,0.4699659343655514
0,1,0.5350336157768409
0,1,0.511207420585311
0,0,0.4622919851265915
1,1,0.5526862011285213
0,0,0.36086434041009596
0,1,0.5213937933274692
0,0,0.3481822892540961
0,1,0.5848539793309097
0,1,0.5607631950827748
0,1,0.5337652152273348
0,0,0.48986590241523037
0,0,0.4769890634563887
0,0,0.4728161529575764
0,1,0.5607008548100917
0,1,0.5711123734434558
0,0,0.39377421020568415
0,0,0.4867232656960782
0,1,0.5615858858153935
0,0,0.47562446584880574
0,0,0.4520350338802552
0,1,0.5315967975793846
0,0,0.47935127673583344
1,0,0.4606644632157135
0,0,0.40047297082662614
0,0,0.31666743094189087
0,1,0.5092344487092354
0,1,0.5386881484100996
1,0,0.4774558238519602
0,0,0.4685393205679709
1,1,0.5196909803373022
0,0,0.38918533567620345
0,0,0.41936771297743547
0,0,0.3618504629542485
1,0,0.3756884815446769
0,0,0.47385766843350396
0,0,0.4969941447331782
0,1,0.5308645656532139
0,0,0.4648728791318871
0,0,0.46961511127247924
0,0,0.4697683471973065
0,0,0.42824614969263713
0,0,0.48289760075668176
0,0,0.4145381932862942
0,1,0.5319149118155181
0,0,0.4870078895688833
0,0,0.41812417808817004
0,0,0.4774691928787561
0,0,0.4888609729105716
0,1,0.5243440083159766
0,0,0.4369429716332787
0,1,0.5263582210065246
0,1,0.5087747669674342
0,0,0.4300628150108662
0,1,0.5632794295263303
1,0,0.4945840821461732
0,0,0.4621035614183297
0,0,0.48423388907850173
0,0,0.4768080665005201
0,0,0.3651542239679552
1,0,0.38122052723106764
0,0,0.4846578317968511
0,1,0.5018796146938732
0,1,0.5718495338086445
0,0,0.49647166068682635
0,0,0.4187267918762195
0,0,0.3814354476308852
0,0,0.41436252361137177
1,0,0.49626349219131494
0,0,0.48181922824038975
0,0,0.41656729787414626
0,0,0.4421894822805581
0,0,0.3723501524441378
0,0,0.41969185186935126
0,0,0.4513797628844422
0,0,0.44032102186455335
0,1,0.5189788898174534
0,0,0.4170570118342804
0,0,0.40375335631980147
0,0,0.33134704043966695
0,1,0.5126244451339297
0,0,0.43710190321051856
0,1,0.5020939542411729
0,0,0.48489048494198606
0,1,0.5063102262793648
0,0,0.28785173256395374
0,0,0.34733804625669906
0,0,0.43346313787711194
1,0,0.4234476858470168
0,0,0.35511250074533324
0,0,0.498719877571462
0,1,0.5571072240111064
0,1,0.5048795249821443
0,1,0.5080058222803318
0,0,0.34206965300140396
0,1,0.5234305101563613
0,0,0.37481297505721073
0,0,0.42927325249444437
0,0,0.447133005688169
0,0,0.49440083518822325
0,0,0.43571808712822097
0,0,0.42121527392506475
0,1,0.6016996265994681
0,0,0.48272060367430675
0,0,0.4640341692548222
0,1,0.5018949833644981
0,0,0.4888553983848836
1,1,0.5024631708290221
0,1,0.5117628308760339
0,1,0.5332902491716
0,0,0.43012329088637236
0,0,0.35985964899851486
0,0,0.4649192217448068
0,1,0.5427173487740174
0,0,0.44903382660833846
1,1,0.5361427978059985
0,0,0.46133460459443804
0,1,0.5623753566792513
0,0,0.3320727626614104
0,1,0.5120790206791139
1,1,0.5648974148525105
1,1,0.5348555125606422
1,0,0.4772387871742525
0,0,0.4529493461991602
0,0,0.4154884074569104
0,1,0.5332609769662134
0,0,0.44587811952570955
0,0,0.3957081552552249
1,0,0.4320380818087127
0,0,0.39979501926039396
0,0,0.40184460775839037
0,0,0.4761604524535734
0,1,0.5443685748678719
0,0,0.3971468104694285
0,1,0.5253162547842557
0,0,0.4144242721346261
0,0,0.4325779569849219
0,0,0.3794590388355942
0,1,0.5484653905544294
0,0,0.4785293582040591
0,0,0.3715432197479386
0,1,0.5682935612466307
0,0,0.477528811939049
0,0,0.3903811348567757
0,0,0.40465134186578317
0,0,0.42296222762777336
0,0,0.4104544473256124
0,1,0.5295649671006797
0,0,0.40870942835991597
0,1,0.5056778555480377
0,0,0.4380803013030052
0,0,0.4773623343207946
0,0,0.47661801349158756
0,0,0.4740182004189426
0,1,0.5038110746090064
0,0,0.45126242340516226
0,1,0.555787296014529
0,0,0.4713969692913224
0,0,0.43652514001508264
0,0,0.4432699410595709
0,0,0.3915658019884058
0,0,0.42987280962589003
0,0,0.4040978218294381
0,0,0.4271001209087777
0,0,0.4189143395072459
0,0,0.4143466303940497
0,0,0.4602411415082384
0,0,0.41810815443058963
0,1,0.5543789067747107
1,0,0.49921542353594384
1,0,0.37489468229183814
0,1,0.5630741825561318
0,1,0.5481171945344875
0,0,0.42006895507172265
0,1,0.505167041215898
0,0,0.4783053618094957
0,0,0.44246027692182127
0,0,0.44252115370998113
0,0,0.3987791518766259
0,0,0.4755850659172799
0,0,0.4805563112010962
0,0,0.3683855061083511
0,1,0.5011261202059774
0,1,0.5740593298934812
0,1,0.5014032006200961
0,0,0.34753047870242953
0,0,0.40498514187090356
0,0,0.47657478004624965
0,1,0.5363561713486383
1,1,0.5730527340351813
0,0,0.49831372248578276
1,0,0.4774380693095657
0,1,0.5014676691551367
0,0,0.48855380806305254
0,0,0.4338217986322372
0,1,0.532843242211792
0,0,0.43798907787426294
0,0,0.4520758936547202
0,1,0.5321447125295806
1,0,0.42327637463875817
0,1,0.5030135810168737
0,0,0.43153533323347326
0,1,0.5132632421738434
0,1,0.514883139213476
0,1,0.5162031595707842
0,1,0.5163072704645512
0,1,0.5150841120423817
0,0,0.4602525859758921
0,0,0.48619544022137673
1,1,0.5397381980380208
0,0,0.49141652349652565
0,0,0.42192514565640143
1,0,0.3922156802659481
1,1,0.5837776685890728
0,0,0.4262945454329577
0,0,0.44264775482801666
0,0,0.4634515211019877
0,0,0.4936549197151157
0,0,0.4854400766118106
0,1,0.5020439752878879
0,0,0.40183037684457656
0,0,0.49861587719409856
0,1,0.6126915283965291
1,0,0.4413965433587405
1,1,0.5165658875322905
0,0,0.2591338079611397
1,0,0.41527465448676554
0,1,0.5258555181675362
0,1,0.5243895987701773
0,0,0.44378426594112313
0,0,0.4564592233889329
0,0,0.4626949734518601
0,0,0.41897165861866403
0,0,0.4721229794254375
0,1,0.5153279759748607
1,1,0.5845030476299259
0,0,0.4285500517665103
1,1,0.5329652822725158
0,0,0.4149024709333631
1,1,0.5486510192738261
0,0,0.49545204870916737
0,0,0.4443666309271272
0,0,0.47607139815213545
0,1,0.5142688505077707
0,0,0.42173080132916047
0,0,0.49795913095480615
0,1,0.5554037860060057
0,0,0.4329270223668747
0,0,0.44284389022399195
0,0,0.3994072487695062
0,0,0.45913473862562626
1,1,0.5428538149535939
0,0,0.3496055566527637
1,1,0.5710216957399102
1,0,0.44528241558440335
0,0,0.4735405950440243
0,1,0.5066670575963144
0,1,0.52131664356946
0,0,0.46746858759806836
0,1,0.5375782149050063
0,0,0.4018930470088977
0,0,0.29347989694260124
0,1,0.541147832783201
0,0,0.4632909024999339
1,0,0.41329145096082315
0,0,0.47366243503426936
0,1,0.5287161788686242
0,0,0.4768817009349801
0,0,0.49387545968534674
0,0,0.45470346416975205
0,1,0.5064057234248204
0,1,0.5212742989123197
0,0,0.4822642455464262
0,0,0.42298149539317625
0,0,0.33310164443287044
0,0,0.4196261815140277
0,0,0.4770878879297179
0,1,0.528765841625901
0,0,0.461823015846945
0,0,0.4271521100028963
0,0,0.45644961873098866
0,1,0.5082880585675182
0,1,0.5989968378172992
0,0,0.43222740831543605
0,1,0.5463438199309668
0,1,0.5521222234426263
0,0,0.4935176443563791
0,0,0.3870428449756911
0,1,0.5029266478607771
0,1,0.5694727386888059
0,0,0.44005111604684777
0,1,0.5095970371795675
0,0,0.4439890384036762
0,0,0.46789258553442875
0,0,0.41506877630561845
0,0,0.37367856765929885
1,1,0.5796751276304222
1,1,0.5121136782872737
0,0,0.4274789833849212
1,1,0.5017633059351236
0,0,0.3501576732544014
0,0,0.44552160389429807
0,0,0.45106493023505123
0,1,0.5167089748372746
0,1,0.5528571964420435
0,1,0.5806223778538349
0,0,0.4520969584182828
0,0,0.46564337715301185
0,1,0.5080194521286671
0,0,0.4490664503886768
0,1,0.5336036913810294
0,0,0.35409496346873054
0,1,0.5112488012368408
0,1,0.546619139588715
0,0,0.3746388507913229
0,1,0.5214759383221467
0,1,0.5255120131346187
0,0,0.39931929407524064
0,0,0.39433187817929805
0,0,0.4562580437503275
1,1,0.5977499574557433
0,0,0.40791478618925
0,0,0.4508053034423431
1,0,0.42161674910904784
0,1,0.563402223143916
0,0,0.45614538866005644
0,0,0.4723120264026622
0,0,0.39674867801916613
0,0,0.4932538119119431
0,0,0.3214757409270003
0,0,0.49191868867208627
0,1,0.5224048932392629
0,1,0.5384396697079519
0,0,0.4685465612113642
0,0,0.4257489809016723
0,0,0.4055523936255285
0,0,0.39677232576664606
0,0,0.44598692069250057
0,0,0.2817742668699927
0,0,0.4592434886986709
0,1,0.5171944603772499
0,0,0.3961523204564677
0,1,0.5409890168121889
0,0,0.3940294638468466
0,0,0.33233393592735105
0,1,0.5156983417627573
0,0,0.46908185980645384
0,1,0.531854246324023
0,0,0.47584237605873225
0,0,0.47105938393389885
0,1,0.5901051843288498
0,1,0.5200996870263139
0,1,0.5543874341799302
0,0,0.3166688065970547
0,0,0.37081938761868777
0,0,0.46712595309198585
0,0,0.3676136067751707
0,0,0.4992180625906794
0,0,0.4986219232711979
0,0,0.38951706318098706
0,1,0.5272036826100489
0,0,0.4010418885946118
0,0,0.4954284053215546
1,1,0.5023884402213753
1,1,0.5354491417876268
0,0,0.4689588970796963
1,0,0.4389760708068932
0,0,0.47432811276478065
0,0,0.4694359864962714
0,0,0.47828963437495725
0,0,0.4458567429564518
0,0,0.25297850646820014
0,0,0.4408894504954445
0,1,0.5264173899328575
0,1,0.5099907860497959
1,0,0.4528728108657139
0,0,0.4340984596778236
0,0,0.4130910260222271
0,1,0.5257856209414316
0,0,0.4067330248731804
0,0,0.4700074292185235
0,1,0.5153305965536638
0,1,0.5244795924415228
1,1,0.5407760447918883
0,1,0.5301747970288665
0,0,0.46324373712420597
0,1,0.5257249246002786
0,0,0.37704185571734883
0,1,0.5306515896714188
0,0,0.48528698151982946
0,0,0.4561433625678334
0,1,0.5584099843139494
0,0,0.40797937514600663
0,0,0.440522148544587
0,1,0.5587996503116819
0,1,0.5064482111812765
0,1,0.5314792104049673
1,0,0.4323293264467516
0,0,0.4773135329974132
0,0,0.37576105033719265
1,0,0.4710005101320735
0,1,0.505553468436798
0,0,0.28491851654993033
0,0,0.40987004273784294
0,0,0.48570841084739264
0,0,0.46805062567789557
0,1,0.5070946835582295
0,0,0.42058503740537245
0,0,0.491054333050513
0,0,0.4196195661822508
0,0,0.4245424810797823
0,1,0.5595262720295376
0,1,0.5637910808825988
1,0,0.4870967086578321
0,0,0.36632652812936795
0,0,0.4978332711079736
0,1,0.559669725753194
0,0,0.40668100737116325
0,0,0.499256734486834
0,1,0.5237788278963739
0,0,0.4977459107797054
0,0,0.4493834163803895
0,0,0.4547100931479363
0,0,0.4105772655638688
0,0,0.4819292266894209
0,1,0.553841719864993
0,0,0.4860190957388179
0,1,0.5077382618595349
0,0,0.45953277775167306
0,0,0.4261133136219687
0,1,0.5101649824569516
0,0,0.48433234242111517
0,0,0.4506064166229631
0,0,0.43773996109217955
0,1,0.5217865781816016
0,0,0.40484110741815976
0,0,0.4644568407123478
1,1,0.5088251141130882
0,0,0.4517814512999278
0,1,0.5128153860360267
0,1,0.5313813406702499
0,0,0.4703328398413818
0,0,0.4189682319316747
0,1,0.5117191408638831
0,0,0.38337700580456036
0,1,0.5252120874559886
0,1,0.5738857459626656
0,0,0.262157216374856
0,0,0.4390282695351742
0,1,0.5586388572487625
0,0,0.488527011480601
0,0,0.4128675241736995
0,0,0.3863358999329926
0,0,0.4171293510698637
0,0,0.47528457503797006
0,0,0.41267915255833565
0,0,0.45462418384192715
0,0,0.46199869293582907
0,1,0.5562988149075145
0,0,0.3760267295438823
0,0,0.498093817559689
0,0,0.37764831369554275
0,0,0.38700532031865026
0,1,0.5442792476835167
0,1,0.5333865600763184
0,1,0.5079559295319346
1,0,0.4741176561371483
0,0,0.4523273087491274
0,0,0.3630340058186403
0,0,0.4043824140532228
1,0,0.4972351577625561
0,0,0.4478496201821603
1,1,0.5108568417250187
0,0,0.3956580506163387
1,0,0.4389277027147893
0,0,0.3694534260728089
0,1,0.5178930466956932
0,0,0.4633203698934059
0,1,0.5100403217454651
0,0,0.3828417369814239
0,1,0.5439369324398065
0,0,0.45924403435029587
0,0,0.4818774328996726
0,1,0.5066743675313612
0,0,0.3992959561573403
0,0,0.45131183756049986
0,0,0.45607894634068236
0,0,0.4343653240338514
0,0,0.3748322145761241
0,1,0.5045216320041395
0,0,0.49539621751911667
0,0,0.4330214061780091
0,0,0.45167998093793854
0,0,0.3973382961386539
1,0,0.4699090355288002
1,1,0.5354823640227643
0,0,0.30788733197843265
0,0,0.40096360890517596
0,0,0.47416968865917425
0,0,0.48480826026061996
0,1,0.5563762413438407
0,0,0.4241830662003164
0,0,0.4583915870153825
0,1,0.5572565000329022
1,0,0.4865513180839448
0,0,0.47599535405552446
0,1,0.5335349408488429
0,1,0.5672333494926246
0,0,0.4125683463810945
0,0,0.42938229128164496
0,0,0.37535795714866055
0,1,0.5857110538049727
0,0,0.44569514711620356
0,0,0.4473073753740958
0,0,0.4715816699081244
0,0,0.4854012965896489
0,0,0.39638113911040107
0,1,0.5233305012704639
0,0,0.36891773068145545
0,0,0.48427605043481653
0,1,0.5242845049447957
0,0,0.44436391049066204
0,0,0.46915605614953404
0,0,0.42915164215532775
0,0,0.36941828207873656
0,0,0.44569569484509386
0,0,0.2891108738039241
0,0,0.47954687363516973
1,1,0.537581280555474
0,1,0.558209189355567
1,1,0.5540874812548899
0,0,0.3452657151665325
0,0,0.4340351579444542
0,1,0.5562156575551396
0,1,0.5859318990784398
0,0,0.48366314224596935
0,0,0.35334991404035365
0,0,0.4757550586362438
0,0,0.4583204551273246
0,0,0.49337422058129177
0,0,0.4489551905328508
0,1,0.5265840184488327
0,0,0.49876744011819146
0,0,0.3999869736084679
0,0,0.45183875932835504
0,0,0.48796249025991784
0,1,0.5778454566449192
0,0,0.43214784903746256
0,0,0.3551747327533116
0,0,0.4075575800254034
0,1,0.5363307226431379
0,1,0.5331327487824112
0,1,0.5133253858592146
1,1,0.5473445858705256
0,0,0.3524932709123956
0,0,0.3910130014972301
0,1,0.6060065164041517
0,0,0.4657076600134926
0,0,0.43099403612583254
0,0,0.44545419229402233
0,0,0.41472364422595354
1,1,0.507440278851713
0,0,0.44669826773122545
0,0,0.4151824779007066
0,0,0.4838492465623374
0,0,0.43580968024692174
0,0,0.45322081527165337
0,1,0.5846702452370953
0,0,0.4271314732779573
0,0,0.4016412316021384
0,0,0.4758444764544299
0,0,0.3733292587174485
0,0,0.4289764211489562
0,0,0.49273862222557807
0,0,0.4303093923046271
0,1,0.5531969805744879
0,1,0.5496305321280947
0,1,0.5041295789291846
0,0,0.4175845553614232
0,0,0.43736531738233725
0,1,0.5096535023356321
0,0,0.4711770326002642
0,1,0.5033081827884381
0,1,0.5317505382177973
0,0,0.40735482437051673
1,1,0.5732125172333558
0,1,0.5898528141593462
0,1,0.5082720439694344
0,1,0.5553159391819131
0,0,0.46283603590302563
0,0,0.3380448018646446
0,0,0.3750239908711922
0,1,0.5082596114134824
0,0,0.42491048519196745
0,0,0.412993388435375
0,0,0.3837852153996489
0,1,0.5105354787998914
0,0,0.41211839878506384
0,1,0.5701546367972117
0,0,0.49651259200843095
0,0,0.4871732455368293
0,0,0.4389856551811273
0,1,0.5669141574510089
0,0,0.4631929653654401
0,0,0.45165322543948955
1,1,0.5508556310615585
0,0,0.3537834157467195
0,1,0.5528871520636469
1,0,0.4658869808872428
1,1,0.5387462251313615
0,0,0.48088675121078667
0,1,0.5903675553112223
0,0,0.438206401806004
0,0,0.42378026983513495
0,1,0.5563519419358953
0,0,0.3282797881962125
0,0,0.46830546709160453
0,0,0.4309555236728798
0,0,0.48535677712219455
0,0,0.4434991754487735
0,0,0.4633300549059681
0,0,0.4667610283451184
0,1,0.528981451464803
1,0,0.48911724203474166
0,0,0.4496467160701815
0,0,0.47336947720205885
0,0,0.43229809925128954
1,0,0.43367426555714444
0,0,0.45547038285343483
0,0,0.4266365078424263
0,0,0.38430680786363747
0,0,0.410685855694146
0,0,0.4492408384095157
1,1,0.5598486868309923
0,0,0.44140995343426814
0,0,0.4144338281500935
0,0,0.4665713263781493
0,0,0.4880097376141035
1,0,0.4388537756276334
0,0,0.2864633677144191
0,0,0.48548905941794146
1,0,0.38475892460871625
0,0,0.4911511315257557
0,1,0.5347992674655923
1,1,0.5561057617143421
0,0,0.45589111056603293
0,1,0.5489767301570706
0,0,0.44019452971859374
0,0,0.3670801083449603
0,0,0.3737046397900316
0,0,0.4055765739225538
0,1,0.5539831736092862
0,1,0.5045400151343162
0,0,0.42581639818492484
0,0,0.4081934424687191
0,0,0.47277001025277426
0,0,0.4586180683039296
0,0,0.40452383120457325
0,1,0.5732127619136994
0,1,0.5044963976786938
0,0,0.49790719905432224
0,0,0.45716192942482053
0,0,0.4183823054451112
0,0,0.40044314232153916
0,0,0.43450625530485304
0,0,0.3821699712814342
0,1,0.525340794775983
1,0,0.3777818108358692
0,0,0.45459040317567817
0,0,0.39712779040872936
0,1,0.5252516072720733
0,1,0.5061368648990999
0,0,0.4838937475247521
0,1,0.5653029277849398
0,1,0.5754932899120299
0,0,0.4408165700140956
0,0,0.41248537019053366
0,0,0.38685435729116846
1,0,0.44092707094587913
0,0,0.461666432072483
1,0,0.491510019306119
0,0,0.4570648399872211
0,0,0.39216931202325633
1,1,0.5844122633787441
1,0,0.4707843782809751
1,0,0.4418246986362952
0,0,0.3910881198224929
1,1,0.5869047732038506
0,0,0.4457758422647425
1,1,0.5340326332101857
0,0,0.48397639296574546
0,0,0.3711303530575647
1,1,0.567710848164353
1,1,0.5225433572633233
1,0,0.398040576067217
0,1,0.5015548782716477
0,0,0.4474378596483872
0,1,0.5460958730986301
1,0,0.4908838799098263
0,0,0.4897952308985377
1,1,0.5550813494855372
0,0,0.41004168031672483
0,0,0.3678389433468616
0,0,0.4683372128705782
0,0,0.499761301806739
0,0,0.4443717683980389
0,1,0.505565446807039
0,1,0.5105437383003187
0,0,0.4089401241248196
0,1,0.5390358954520987
1,1,0.506625208039508
0,0,0.399643379188742
0,0,0.4106562670377876
0,0,0.34928724393571103
0,1,0.5426705167595398
0,1,0.5332751375427325
1,0,0.4255677156370721
1,0,0.4693459826359746
0,1,0.5170824889091888
1,1,0.5375835640138837
0,0,0.41152231500846026
0,0,0.4124731311104432
0,0,0.48334266276322047
0,0,0.41165615179325854
0,0,0.48192515085295945
0,0,0.4017574622087849
0,0,0.46672648837636355
0,0,0.476452106406742
0,0,0.38817348968699433
0,0,0.43723973308347064
0,0,0.4340452358297012
0,0,0.44301021191956463
0,0,0.4694493660997013
0,1,0.5012596924065148
0,0,0.4104538688536767
0,0,0.36163736963592974
0,0,0.45946080250325955
0,0,0.42270700979662496
1,0,0.4935261367087114
0,0,0.4268729984796603
0,0,0.4294904176263924
0,1,0.600564269288736
0,0,0.32621704055728706
0,0,0.43888474588458365
0,1,0.5112619294260942
0,0,0.4071094918947191
0,1,0.5444684551875745
0,0,0.4871411012721441
0,0,0.47930226377551965
1,1,0.5614007006552721
0,1,0.5228772010200647
0,0,0.4778974984074296
0,0,0.4576288552620585
0,0,0.44427300637841705
0,0,0.42899563099614596
0,0,0.45363237228181746
0,1,0.5409007251846178
0,0,0.49715624818639426
0,0,0.48426113430729834
0,1,0.5201902453805212
0,0,0.47809398218101107
0,0,0.41849221338011966
1,1,0.5215216187740089
0,0,0.35847307337660594
0,0,0.4935823911595883
0,0,0.39309552106568707
0,0,0.4048124914977379
0,0,0.40934580811378035
0,1,0.5109825260992126
0,0,0.44026491726029493
0,0,0.42380505641403493
0,1,0.5029951424530048
0,1,0.5260726911129477
0,0,0.4046676319697057
0,0,0.41863252097948317
0,0,0.4538920809011031
0,1,0.5312725719232764
1,0,0.4607524189030542
0,0,0.47025116729809324
0,1,0.5419371847896813
0,0,0.4551728794111441
1,1,0.5089959772332944
0,0,0.42389912671104113
0,1,0.5112220828295245
0,0,0.4092778366735954
1,1,0.5532813876927452
0,0,0.46510606638900365
0,0,0.46366644370380555
0,0,0.4064421188719134
1,1,0.5344702536171548
0,0,0.3915233963316203
0,1,0.5308201530676565
0,1,0.5614193035548518
0,1,0.5467610488935915
0,1,0.5269064039217208
1,1,0.5187118749866366
0,0,0.46118370514122203
0,1,0.5414972394368704
0,0,0.37016461800903316
0,0,0.42777209502778385
1,1,0.5343581145014762
0,1,0.505311088648481
1,0,0.4355996616817153
0,1,0.5635976291452077
0,1,0.5329928000786923
0,0,0.41792264318871125
0,0,0.45861924140404126
0,0,0.48807158023097247
0,0,0.49299705800063287
0,0,0.4486377679884967
0,0,0.41893109476074875
1,1,0.5401035989674379
0,1,0.53597414490797
0,1,0.5072469861855394
1,1,0.5422592971232624
0,0,0.47520250867422204
0,1,0.5155213672239819
0,1,0.5269116718214163
0,1,0.538558669112736
0,1,0.5290513645574493
0,0,0.4346154082802323
0,1,0.533164487311447
0,0,0.44940412990186746
0,0,0.40087472836621624
0,0,0.46238164502739293
0,0,0.488996107807871
0,0,0.4668946254235099
0,0,0.44632414442700175
0,0,0.4630369820148061
0,1,0.5359070715023581
0,0,0.45398403826888484
0,1,0.544971935092381
0,0,0.49758684037531914
0,0,0.46064926112267296
0,1,0.54070886665182
0,0,0.44946380705074807
0,0,0.34297790033287157
0,1,0.5522966627531348
0,1,0.5008697199574529
0,1,0.5304309695953997
0,0,0.4812033458188802
0,0,0.3776760231501104
0,0,0.40434920111534345
0,0,0.4904658950316955
0,0,0.3921166349731229
1,0,0.4303527944115227
0,0,0.3870024309271659
0,1,0.5470874910937765
0,0,0.4547446998568956
0,0,0.39399453420175656
0,0,0.4539228246778155
0,1,0.5603150276795726
0,0,0.4616034384804771
0,0,0.4382660105503088
0,0,0.4236256173327921
0,0,0.4681172409062552
0,0,0.4101173710518723
0,0,0.40248393568858
0,1,0.5498108171936991
0,0,0.3883351827947453
0,1,0.5712609419465915
0,0,0.49930186908258284
0,1,0.506975476049633
0,0,0.4743631533779994
0,0,0.4585880412046043
0,0,0.4472619619843631
0,1,0.5226330527943626
0,1,0.506583021780001
0,0,0.4355777925059555
0,0,0.43332505095073254
0,0,0.445677181847362
0,0,0.40353176679896413
0,0,0.46018697731374014
0,0,0.3973080302772921
0,0,0.44864592183183616
0,1,0.6094899040788077
0,0,0.472140724877801
0,0,0.4679238264762221
0,0,0.42426115078248244
1,1,0.5756709347854365
0,1,0.5348242120006997
0,0,0.4100156734927309
0,1,0.534927256572239
0,0,0.3806872561101337
0,1,0.516445960881927
0,0,0.48595326702799646
0,0,0.3797152553485826
0,1,0.5081739069126066
0,0,0.41504723846470415
0,0,0.39739631028640515
0,0,0.4903477307582323
0,0,0.437450472674093
0,0,0.3650232396011912
0,0,0.43071579121863013
0,0,0.4770907582836572
0,0,0.49842594895245623
0,0,0.4449983178336734
0,0,0.4024437306078709
0,0,0.47584199212279493
0,1,0.5224110410504451
0,0,0.36095133700753934
1,1,0.5029053676610193
0,0,0.48009355972860746
0,0,0.39995101731344584
0,0,0.3897520941387033
0,0,0.442187242065349
0,0,0.4040175686036932
0,0,0.3876656429238325
1,0,0.46126599245213756
0,0,0.42008488078471246
0,0,0.400468099936141
0,0,0.45113855251138896
0,0,0.4930350006359092
0,1,0.53962265907579
0,0,0.3822430336042417
0,0,0.431076761273972
0,0,0.454117011598367
0,0,0.46264141020541444
0,0,0.4080686390958149
0,0,0.4328711978308614
0,0,0.4714813936843496
0,0,0.3719426567214301
0,0,0.41631882410749704
0,1,0.5411997307957909
0,1,0.5106112361572402
0,0,0.41417966874465406
0,0,0.419607497637604
1,1,0.51136954623552
0,0,0.4670728654116183
0,0,0.365499462066606
0,0,0.49221235512716743
0,1,0.5027552566375374
0,0,0.48349641223493395
0,0,0.3954397908601864
0,0,0.4456116991007359
0,0,0.3572400539577134
0,0,0.4850008473268379
0,1,0.5390652179335719
1,0,0.47898950086977615
0,0,0.4324674281690853
0,0,0.4014884190298417
0,0,0.39348127490086426
0,0,0.4332762162323655
0,0,0.4099449587951281
0,0,0.43318089892176814
0,0,0.4503804408472087
0,0,0.3799855527471583
0,0,0.41258139047525716
0,0,0.4854012259770265
0,0,0.471855365849029
0,0,0.39810881045233176
0,1,0.5404692825185058
0,0,0.4389963140077093
0,1,0.5207988314874603
0,0,0.35548905409981546
0,0,0.4097478614108126
0,0,0.48702276054355537
0,0,0.4856932629004873
0,0,0.4703109295297838
0,1,0.5242001030609784
0,0,0.2764403692556091
0,0,0.4070502851159269
0,1,0.5138886604429014
0,1,0.5487471463838887
0,0,0.4965107995707253
0,0,0.4619495758039936
0,1,0.5339567886333026
0,0,0.44832080091490456
1,1,0.6003453812302572
0,0,0.4504210295589818
0,1,0.5050860374442538
0,0,0.3603446264188823
0,0,0.38699513806316266
0,0,0.46858719502600443
1,1,0.5313457388674544
0,0,0.4241335413250802
0,1,0.5309227850745428
1,1,0.5229012047037574
0,0,0.4420785340444433
0,0,0.4268496345257332
0,0,0.4295579678628288
0,0,0.4707012849676407
0,1,0.5404781014313866
0,1,0.5128834299387993
0,1,0.5166875893761046
0,0,0.39104460744656194
0,0,0.3694997285345562
0,1,0.5052696964963438
0,0,0.49509209088756945
0,0,0.4396615503327478
0,0,0.3594143759816961
0,0,0.4901259610665321
0,0,0.4938810154587788
0,1,0.5435598961373801
0,0,0.4140755986611567
0,0,0.4375020329049269
0,0,0.41348680480884265
0,0,0.4424812989595546
0,1,0.5283888739221777
0,1,0.5512996346174782
0,0,0.45102327679437293
0,1,0.5061154946791955
1,1,0.5318382538787383
0,0,0.3930977502687975
1,0,0.45682096744401285
0,0,0.48126225291152386
0,0,0.3720856110060823
0,1,0.5245291371986753
0,1,0.5335044950007984
0,1,0.5027162517408612
0,1,0.5396298449356308
0,1,0.5220653272050271
0,0,0.39241373327182605
0,0,0.44679260996920506
0,1,0.5658395506610935
0,0,0.2891538740442073
0,1,0.5293235825730499
0,1,0.5499949283005285
0,0,0.4128244194378172
0,1,0.5335296578910684
0,0,0.41439006023052827
0,0,0.4844400661161825
0,0,0.43669507282058617
0,1,0.5789660857589624
0,1,0.5576543941237206
0,0,0.3355417987710624
0,0,0.39424849168756315
0,0,0.46466680427961854
0,0,0.40227438311524666
0,0,0.3813050240626625
0,1,0.5400327911092103
0,0,0.4146680770011619
0,1,0.5560261388132566
0,0,0.3901246105506732
0,0,0.43912691016020927
0,1,0.5443252776018193
0,0,0.35016931477088853
0,0,0.43596851008456916
1,1,0.5449738731474019
0,0,0.3717092394572122
1,0,0.4836995435222034
1,0,0.4703711498009136
0,1,0.5531162297128915
0,0,0.4514409019426936
0,0,0.4960486779576208
0,0,0.461266596952686
0,0,0.3551172075556213
0,0,0.39824521589484
1,0,0.4814381758329742
0,1,0.5531782593873228
0,1,0.554794615750891
0,1,0.5069641461745672
1,1,0.5884274563311825
0,1,0.5186235323062445
0,0,0.49406471820340947
0,1,0.5516783400679645
0,0,0.4701433465111019
0,0,0.44210851964706904
0,0,0.48693570056186397
0,0,0.41867063780009256
0,1,0.5061760204717466
0,1,0.5150157741573269
0,0,0.4804498630189871
0,0,0.4941762075393447
0,0,0.45855558761325815
0,1,0.5629519879623914
0,1,0.563981062117007
1,1,0.5002645187400843
1,0,0.4552953971833657
0,0,0.4983915958472736
0,0,0.4669181439935454
0,1,0.5358675036968209
0,1,0.5997517524202729
0,1,0.5764517571054912
0,1,0.5054435849832144
0,0,0.47585781232699625
0,0,0.43269310185545967
0,0,0.4458105788601626
0,0,0.38282379998070065
0,1,0.5521292220389293
1,1,0.5336358808275122
0,0,0.45634840223129564
0,0,0.46443043026304287
0,0,0.3600272257945744
0,0,0.358623238361978
1,0,0.4024452111299126
0,0,0.4783097759943598
0,1,0.5462798800068264
0,0,0.40450411775298306
0,0,0.4324252516924584
0,0,0.35382735399894094
0,0,0.4796782776566036
0,0,0.4308050198699324
0,0,0.41569844863654665
0,0,0.39990065011617715
0,0,0.320165019253588
0,0,0.41828423377624935
0,1,0.5252680960444818
0,0,0.4630668233045207
0,0,0.44804464070074246
1,1,0.5719310573391385
0,1,0.5723738913312547
0,0,0.4279509223951672
0,0,0.46961186223251383
0,0,0.4388873006303365
0,0,0.48130261131316765
1,0,0.47150610940240384
0,0,0.3460119140592011
0,0,0.4370955673254766
0,0,0.4853420779167213
0,0,0.4192474765343671
0,0,0.3812104625145852
0,0,0.46578944135139216
0,0,0.42721474240138946
0,0,0.4683469260160922
1,0,0.48180532642933444
0,0,0.45783581975353166
0,0,0.4676373813194549
1,1,0.5306281742198079
0,0,0.41754242373579614
0,0,0.4477685745202809
1,0,0.47107505340551514
0,0,0.47484766468626477
0,0,0.47417186789521215
0,0,0.3972223463076229
0,0,0.43422275073257416
0,0,0.4367734660143301
0,0,0.47438698117219735
0,1,0.5670498963575163
1,1,0.5253806756699709
0,0,0.42086432034661186
0,0,0.42344877690030125
0,0,0.4690070940492447
0,0,0.47457564941339236
1,1,0.5680406027224809
1,0,0.39650046153175716
0,0,0.49050907793283394
1,0,0.4561235857589313
0,1,0.5191383028189802
0,0,0.4946121888191902
1,1,0.518818445707204
0,0,0.4420831675564474
0,0,0.42911777477205987
0,0,0.4767447799182367
0,1,0.5580267531090618
0,0,0.4604321948001078
0,0,0.39906332786040727
0,0,0.4562491264682159
0,0,0.43686715417334054
0,0,0.398332877901524
0,0,0.4038380184463189
0,0,0.4066306201005771
0,0,0.47084536307834696
0,0,0.38153983976800404
0,0,0.4636801333371274
0,1,0.5507471144365009
0,1,0.5004565323436574
0,0,0.4439575644546832
0,1,0.5236607652957838
0,1,0.5261762138078663
0,0,0.35017484498691887
0,0,0.3734445903217475
0,1,0.5852980174479898
0,1,0.530371812527954
0,1,0.549630729624441
0,0,0.3240763438482091
0,0,0.457186447945802
0,0,0.4164697124533604
0,0,0.3737245812114074
0,0,0.4098686147672433
0,0,0.45421654130084427
0,0,0.4290164004940125
0,0,0.2550985733371572
0,0,0.32699553935205783
0,1,0.5311036510569003
0,0,0.48504891801963196
0,0,0.45523497009968994
0,1,0.5618268412958721
0,0,0.4394524888677225
1,0,0.47157980104152136
0,0,0.48456263483969075
0,0,0.4752100346989703
0,1,0.5477879632985967
0,1,0.5359426340007206
0,1,0.5042446049009017
0,0,0.3917130176570942
0,1,0.5361696422025422
0,0,0.4370837192034784
0,0,0.4656705204052925
0,0,0.42014814476332524
0,0,0.48433556788128374
0,1,0.5516638773598281
0,1,0.5310131188828754
0,0,0.4136894453025903
0,0,0.467842606314782
0,0,0.4782724710979834
0,0,0.3926743890289103
0,0,0.4465494233758778
0,0,0.39286819084017416
0,1,0.5141633914103994
1,0,0.36639662188868577
1,1,0.5532502542213852
0,0,0.4256169038620161
0,0,0.45901293560413625
0,0,0.4169011435908883
0,1,0.5273057271621542
0,0,0.4304387237358357
1,0,0.49027566810070494
0,0,0.40354750539885686
0,0,0.42522365881014884
1,0,0.3899499524338082
1,1,0.5472382576708511
0,1,0.5136646603804476
0,0,0.4551854383595323
0,0,0.35664294239380384
1,1,0.5229816944451651
0,0,0.4371626162862944
1,1,0.5278258982085553
1,0,0.4531858090733067
0,0,0.38892239608867
0,0,0.44663203653321354
0,0,0.3987695772966265
0,0,0.48518567332945717
0,1,0.5028796505575744
0,0,0.43514502959999374
0,0,0.47874172875742227
0,0,0.46869833825172663
0,0,0.48713039812874337
0,1,0.5500396761823941
0,0,0.45136186432357644
0,0,0.4907475069423569
0,0,0.49646439451571267
0,0,0.3972936634663856
0,0,0.4077210317621063
0,1,0.5043149171137494
0,0,0.42646220738434465
1,1,0.5541552691641071
0,0,0.4843657426138904
0,0,0.49601018989993323
0,0,0.4500655429178583
0,1,0.5313707990125284
0,0,0.3894124437084004
0,0,0.44355420563168735
0,0,0.48818559480532614
0,0,0.4612382620886743
0,0,0.4967983083027744
0,0,0.4618092766642329
0,0,0.3835313752425102
0,0,0.40303977950346104
0,0,0.48246305558331726
0,0,0.46153768119347105
0,0,0.36482091099943487
1,0,0.46215241473141633
0,1,0.5907128588735613
0,1,0.5648205129981883
0,0,0.4008789085238883
0,0,0.4115627844506842
0,0,0.47630988102805444
0,0,0.37868519899271924
0,0,0.4760104249751351
0,1,0.52966643668688
0,0,0.45776587597973617
0,0,0.4205193837070012
0,0,0.49054143718133403
0,0,0.40323777478635214
0,0,0.43034495079965185
0,1,0.5907084358088904
1,1,0.5812364712733467
0,1,0.501626565928941
0,0,0.4888514331199402
0,0,0.4037583654297171
0,1,0.5394930588629562
0,0,0.42300923720074196
0,0,0.4121351048793386
0,0,0.4609878198760509
0,1,0.5260239784278582
0,0,0.4918787658783826
0,0,0.40922474330441827
0,1,0.5166688796198899
0,0,0.4041908374707497
0,0,0.4467875289741231
0,0,0.4961603487156151
0,0,0.44345488085868084
0,1,0.5413255619576035
0,0,0.4061613329933663
0,0,0.4362699502277445
0,0,0.40528500657381916
0,0,0.4935502471024909
0,0,0.43544686327897425
0,1,0.5196997982011079
0,0,0.3399823353990953
0,0,0.45016841147156056
0,1,0.5059392535590554
0,0,0.47338408681925104
0,0,0.4364247988822777
0,1,0.51567251471323
0,0,0.45595407972847596
1,1,0.5778658867070835
0,0,0.42831607989977694
0,1,0.546859213280227
0,0,0.4331408447780553
1,1,0.5155794980786065
0,0,0.40345152179586385
0,0,0.4653196605309116
0,0,0.49117524198634926
0,1,0.5716726361580146
1,1,0.5292047815770959
0,0,0.37494134347316005
0,1,0.5261372006600221
0,0,0.3927300103922696
0,0,0.41893154684217004
0,0,0.3174828414253029
0,0,0.3630422781595163
0,0,0.4892787747967819
0,0,0.3969830254370866
0,0,0.38528042196142637
0,1,0.5293902077194304
0,0,0.3791393605702521
0,1,0.5053236396854506
0,0,0.4058800965134994
0,0,0.3963532352632687
0,0,0.40937201846240123
1,1,0.525702795472684
0,0,0.40465858550352535
0,0,0.476830739090688
0,1,0.5554856510225428
0,0,0.47184049699145597
0,0,0.4191568036964416
0,0,0.4509325055965364
0,0,0.4516602405053179
0,0,0.42658000847683625
0,0,0.41705232993506397
0,0,0.4361062135603413
0,0,0.47791410513813354
0,0,0.49914589568446954
0,1,0.5307156380703092
0,1,0.5122104407976955
0,0,0.28135615103515194
0,0,0.48143475857478735
0,0,0.4255945619288976
0,0,0.36454185708632797
0,0,0.4041366093940772
0,0,0.46342034501280444
0,0,0.4821917889926797
1,1,0.5887067297416341
0,0,0.4035196013163383
0,1,0.5061919545411532
1,0,0.4321955598868076
0,0,0.4600637559791208
0,0,0.44422924521774926
0,1,0.5354375660906348
1,0,0.40761721523237093
0,0,0.47193072739252573
0,1,0.511113889557987
0,0,0.4792540690627121
0,1,0.5202954440194815
0,1,0.5114378107459803
0,0,0.3818309226152379
0,1,0.5673374658683911
0,1,0.5360523537953502
0,0,0.2995356892767903
0,1,0.51623763189495
0,1,0.5030411815844779
0,1,0.5344598429510937
0,0,0.45953713618062536
0,1,0.5454841045240716
0,1,0.5077698632225276
0,0,0.4606060831747122
0,1,0.5467944783809353
0,0,0.46498011731886024
1,1,0.5549930535605623
0,0,0.39888980233011617
0,0,0.4425267888218578
0,1,0.504340129091932
0,0,0.4551921223438058
0,1,0.5800748826374718
0,0,0.4406579304167292
1,0,0.4629903556034005
0,1,0.5003848443601069
0,0,0.40760251945673376
0,0,0.4430910715225334
0,0,0.49354471339554173
0,1,0.5202103184972114
0,0,0.3808386502134306
0,0,0.4299777390961407
1,1,0.5739382385215502
0,0,0.4313858015284591
0,0,0.4417485080686196
0,0,0.4618022223007625
0,1,0.6158316059425726
0,1,0.5518166613150454
1,0,0.45763844721936797
0,0,0.3908633002429219
0,0,0.38139037475320675
0,0,0.3803031056445957
0,0,0.4449175026717779
0,1,0.5064899519018747
0,0,0.40872878063237117
0,1,0.5055205159206739
0,1,0.5635060095637658
0,0,0.4789586362378101
0,0,0.4875178332754764
1,1,0.5017486397927364
0,0,0.45438968384071854
0,0,0.43917394438069834
0,0,0.4610681297218982
0,1,0.5357809341512301
0,0,0.4326686078740498
0,0,0.29616776812198375
1,1,0.5863817574318393
0,0,0.41753285154645936
0,0,0.4032361615330297
0,1,0.5078000987442846
0,0,0.49715456149465614
0,1,0.5818158438374814
0,1,0.5033769036484947
0,0,0.3959449179879354
0,0,0.39941106945641786
0,0,0.44294212326411864
0,0,0.4721429465794188
0,1,0.5391707623031343
0,0,0.4611647533191225
0,0,0.4198036463320639
0,0,0.45315086434594226
0,1,0.5521538624725416
0,1,0.5065957438700304
0,1,0.522008114463082
0,0,0.4107278070197261
0,0,0.4697049473410878
0,0,0.462692848889002
0,0,0.4117660710635061
0,0,0.3604455061777652
0,0,0.38980945474104445
0,0,0.47913173693219835
0,0,0.4671397755519684
0,1,0.5402883670233571
0,1,0.5056921110175291
0,0,0.41055323150904327
0,0,0.4784122459603974
0,0,0.4166444551634904
0,0,0.3916592891591234
0,0,0.43162290280761156
0,0,0.46560437113036046
0,0,0.43922310866455416
0,1,0.5249777033602987
0,1,0.50741983582956
0,0,0.4941365589594309
0,1,0.5042023106016792
0,0,0.4432324894980515
1,0,0.480990803869119
0,0,0.4849604127150278
0,0,0.45195743358924384
0,1,0.5549426658299612
1,1,0.52751086474079
0,0,0.499320521641459
0,0,0.4843182897160841
0,1,0.525658688398932
1,0,0.4330082283437571
0,1,0.5758897438335019
0,1,0.5153905488966742
0,1,0.5324005456428713
0,0,0.44279051064433894
0,1,0.5428148099164163
0,0,0.42427269632173004
0,0,0.3642633308222789
0,0,0.3908659712876289
0,0,0.4295176476824603
0,0,0.371035982630883
0,0,0.30957548666181595
0,1,0.5159151086171994
0,0,0.4636584308273325
0,0,0.37591626280061297
0,1,0.5035762290327006
0,0,0.44254535970536923
0,0,0.47394725646846003
0,0,0.4716998882036868
0,1,0.530254867354997
0,0,0.41400434312930995
0,0,0.3524815524817761
0,0,0.47355389930184655
0,0,0.3921062701835825
0,1,0.5203661698857576
0,1,0.5853683211624489
0,0,0.39448426991939234
1,1,0.5418523565710043
0,0,0.414607539433788
0,0,0.41630613098254615
0,1,0.5069173449902946
0,0,0.4206129035648789
0,0,0.3897203550234817
0,1,0.5161509301470837
0,0,0.43510462428060764
0,0,0.48572198124011445
0,1,0.5409213895786157
1,0,0.4539267611586497
0,0,0.37828055115840864
1,1,0.5699832520875749
0,1,0.571733704154133
1,1,0.5591162016121319
0,1,0.5107296332154401
0,1,0.5125254946490249
0,0,0.4244824837544611
0,0,0.4905890332202422
0,0,0.4085157748294214
0,0,0.45898001095904734
0,0,0.4849919207019531
0,0,0.4058077294367338
0,0,0.38683162658065284
0,0,0.4800646221063227
0,1,0.5184277440133194
0,0,0.4343196162580458
0,0,0.4813961297304576
0,0,0.4438601539818963
0,0,0.3992274333178728
0,0,0.4382366729003143
0,0,0.446467483781982
0,0,0.3813344652757845
0,0,0.3791739656659814
0,0,0.46530757930387945
0,0,0.48807947496220344
0,1,0.5254856033798068
0,0,0.35738438800375716
0,0,0.38932403826067863
0,0,0.41472089988147176
0,0,0.4486883151867031
1,1,0.5195542088870178
0,0,0.37382939661636966
0,1,0.5015545564350365
0,0,0.45723028332634363
0,0,0.4743676761557695
0,0,0.47217078243395577
0,0,0.46877729066539814
1,0,0.4567872654360054
0,0,0.4516553806109215
0,0,0.49016802788196123
0,0,0.42807410900321946
0,0,0.46056088228275655
1,1,0.553326294452148
0,0,0.4536495187461427
0,1,0.5457583587809182
0,0,0.42782116757083466
0,0,0.32684585152922857
0,0,0.4665532853570991
0,1,0.5122654818063977
1,1,0.5253629797486175
0,1,0.5452770356298715
0,0,0.46918469053806156
0,1,0.5093998022463895
0,0,0.4291676438342043
0,0,0.4707318894782228
0,0,0.3684666983909039
0,0,0.4562135226196336
1,1,0.5565175963631951
0,1,0.5125200595664975
0,0,0.44870646421640964
0,1,0.5090855818788167
1,1,0.5973603115129378
0,0,0.4934527678363412
0,0,0.43738484001651523
0,0,0.39638290837381845
1,0,0.4805083928299921
0,1,0.5094092526209898
0,0,0.44896242913659834
0,0,0.42301834990810705
0,0,0.3803617804103245
0,1,0.5269251970577102
0,1,0.5409461999361569
0,0,0.45963799267769295
0,0,0.35754852536335335
0,0,0.4143637659198673
0,0,0.4545153869967102
0,0,0.4399248756893948
0,0,0.4951990628948928
0,0,0.48044378815303757
0,0,0.4166830332972084
0,0,0.4366973761677984
0,1,0.5298159269906825
0,0,0.3810976379054373
0,0,0.3695139416758505
0,0,0.45683962418222024
0,0,0.4237135020947894
0,0,0.42283797720035915
0,0,0.48785842814025604
0,1,0.5186705925177657
0,0,0.45161137992450834
0,1,0.5357073233192751
0,0,0.47677392259829376
0,0,0.4889186549870104
0,0,0.44009644462230574
0,1,0.5840225330402438
0,1,0.5188693745057733
0,0,0.380325618567169
0,1,0.5111866031625284
0,0,0.4184761817507057
0,0,0.49223860032377337
0,1,0.5370015365060803
0,1,0.5603025109241601
0,0,0.4250040590199393
0,1,0.5087674763957449
0,0,0.4947332394142991
0,0,0.45904882833079425
0,0,0.43422196870965
0,0,0.2809616417556867
0,1,0.5003540942543565
0,0,0.37722369446691983
0,0,0.4585588540713427
0,1,0.5240163915160655
0,0,0.43264454584954204
0,0,0.44136251119334774
1,0,0.4308102606114448
0,1,0.5698136799618978
0,0,0.44090657538310774
0,0,0.35953975774888763
1,1,0.5496269984067732
0,1,0.5079685274559812
0,0,0.4684007316938484
0,1,0.5259238145011238
0,0,0.49214393089944397
0,0,0.33631886107009523
0,0,0.44363604918935684
0,0,0.3702100248767385
0,0,0.3877955797083177
0,0,0.38589084769822607
0,0,0.44871735041116606
1,0,0.46852967300765413
0,0,0.3930788513743353
0,0,0.4687788966841158
0,1,0.533769397817723
0,0,0.40269884916645615
1,1,0.558364385077444
0,0,0.3527280584731022
0,0,0.4637619841658953
1,1,0.5785748415155956
0,0,0.46886297698771984
0,0,0.3954616693221071
0,1,0.5160112501024979
0,0,0.4154626573265772
0,0,0.468053920381692
0,0,0.4045941929224988
0,1,0.5321468405566938
0,0,0.4580385292371728
1,0,0.4571402560828383
0,0,0.438134736509617
0,1,0.5216663695035042
0,1,0.5200639829045905
0,0,0.45409166707127196
0,0,0.4291034325920169
0,0,0.4849378331652991
0,1,0.5875136201211838
0,0,0.41522701825182196
1,0,0.4518408256985961
0,0,0.45314852159314134
1,1,0.5376947973757178
0,1,0.5605440114466963
0,1,0.5068426815101588
0,0,0.421064752037502
0,0,0.4110245809514674
0,1,0.5171678626353021
0,0,0.4622469662531919
0,0,0.4154034189015651
0,0,0.4432125983292623
0,0,0.4761294653685397
0,0,0.40029072258513504
0,0,0.3386882157116946
0,0,0.42160591393142527
0,0,0.4831345331835607
0,1,0.5441344072330235
0,0,0.4376502624893464
0,1,0.5491381591270922
0,1,0.5307363852864252
0,0,0.4370290910863497
0,0,0.4485167114245924
0,0,0.4468712511344472
0,0,0.4202152656223354
0,1,0.556990288499564
0,0,0.3847627395210639
1,0,0.3976461298546124
0,0,0.34972961312599765
0,0,0.41117984703635635
0,0,0.41887250865003883
0,1,0.5394766412014524
0,1,0.5656094205632758
0,1,0.553672880388137
0,0,0.46100064487877446
0,0,0.44759745980798393
0,0,0.4696344970404116
0,0,0.4688879156794944
0,0,0.4287066027969466
0,1,0.5359963805073125
1,0,0.436595727375283
0,1,0.5624322947610298
0,0,0.38147683038139435
0,0,0.45338904991128537
0,0,0.48768122495478083
0,0,0.44872054520029353
1,0,0.49315504909816144
0,0,0.3744227477460935
0,0,0.41209090760299
0,1,0.504241884158327
0,0,0.4333261863112686
0,0,0.4556390547657333
0,0,0.49726849791474587
0,1,0.5426058868212706
0,0,0.44494810546113944
0,1,0.5187068982870928
0,1,0.5195222067099301
0,1,0.5055245161905907
0,0,0.41271107437362603
0,0,0.32805670126541864
0,0,0.40415414120324783
0,0,0.362145617274848
0,0,0.4931776799305892
0,0,0.4522584896814973
0,1,0.5089927935214018
0,0,0.47731215377861874
0,1,0.5341223844543063
0,0,0.3331746765410372
0,0,0.46679858145286135
1,1,0.506435999438232
1,0,0.4905240731931388
0,0,0.4912717549100926
0,0,0.46528881353555357
0,0,0.38097058080694196
0,1,0.5099306361342377
0,0,0.46383405086252805
1,1,0.5901604965748009
0,1,0.5425087863425261
0,0,0.4993058412786442
0,0,0.45920796186908674
0,1,0.5341719579734381
0,0,0.4988517500619436
0,0,0.46699760801030793
0,1,0.5545235692079294
0,0,0.42770681716259384
1,0,0.47403848206988897
0,0,0.45586513106685556
0,0,0.2777621651048258
0,0,0.46284591546185166
0,0,0.4956392764147438
0,0,0.30626578335081656
0,0,0.36125169377856897
0,1,0.5454833177574896
0,1,0.5473195796679202
0,0,0.35217307894601674
0,0,0.4169240962980827
0,0,0.37483717298720415
1,0,0.4795478204622558
0,1,0.5017210489207977
0,0,0.4947723804250913
0,1,0.5887456420830967
0,1,0.525469573127477
0,0,0.4957018009661007
0,0,0.4625567981520213
0,0,0.4646870866126677
0,0,0.48720539107848915
0,0,0.45563537023684797
0,0,0.46437253525194033
0,0,0.4969844167478714
0,1,0.5448899608873682
0,0,0.4916724494000184
0,0,0.48030456543807126
0,0,0.4527406983851387
0,1,0.5104281353880026
0,0,0.39421518297469965
1,1,0.5958147166100485
1,0,0.4651316435951388
0,0,0.43823701126930653
0,0,0.48837707742372183
1,0,0.4806426095903451
0,0,0.49438032532881293
0,1,0.5058304216115054
0,0,0.41587174554053646
1,0,0.47261265260695706
1,0,0.49300488548790844
0,0,0.4818700495514757
0,1,0.5313214613583415
1,1,0.5134035878319518
0,0,0.4130195110113947
1,0,0.38700518632840675
0,0,0.47211889752269565
0,0,0.48061599266809724
0,0,0.4454352566469177
0,0,0.3594416533928024
0,1,0.593105738241375
0,0,0.4746584598845469
0,0,0.3654188136092715
1,1,0.5394012568780354
0,0,0.4515574523578804
1,0,0.44980819496410196
0,1,0.5038021056726861
0,0,0.4816474886646857
0,0,0.4372797216559794
1,0,0.49913418261929526
0,0,0.4162601972683044
0,1,0.5599012625284072
0,0,0.37418040803695185
0,1,0.5704585802991947
0,0,0.4515617258803959
0,0,0.476154831815474
0,0,0.3975057211405491
0,0,0.4062851591251818
0,0,0.4731719407867626
0,0,0.4410195093018099
0,0,0.45767375303516916
0,0,0.46527681813870425
0,0,0.4787173083194795
0,0,0.4021575578330681
0,0,0.41147461888203885
0,1,0.525242865870009
1,0,0.4770064941990947
0,0,0.42882334422736107
0,1,0.5057979736169355
1,0,0.43099155126272565
0,0,0.35200265805895226
0,1,0.5520333173556515
0,0,0.43628166338993446
0,0,0.34571456920961646
0,0,0.36185918161324265
0,0,0.48508352546329647
0,0,0.4979979152395489
0,0,0.452611328052297
0,0,0.4331179598737988
0,0,0.4486635109054437
0,1,0.5124678734049845
0,0,0.4270810437722458
0,1,0.5257230839851351
0,0,0.34659838348674504
0,0,0.4938738141203862
0,0,0.37283488691690175
0,0,0.4767287569463937
0,1,0.5534074691283825
0,0,0.4916197194114128
0,0,0.4433519753023194
0,0,0.4224033379067442
0,0,0.4697444557285644
0,0,0.46233403311618737
1,0,0.39542927019741414
0,0,0.4842549234034372
1,0,0.4981867024319195
0,1,0.5388133836869851
0,0,0.4996731773426973
0,0,0.3839567774335498
0,1,0.5278715301411835
0,0,0.4373599377032392
0,0,0.4430229108125692
0,1,0.5840337712792028
1,0,0.4561911289496174
1,0,0.44465324342346213
0,1,0.5455084524134363
0,0,0.4663527492540819
0,0,0.4777043454796204
0,1,0.5199431420609857
0,1,0.586931906248214
0,0,0.35590733239339356
1,0,0.3905071452873401
0,0,0.4302728676381168
0,1,0.5257012546616792
0,0,0.46750865343346915
0,0,0.4896096845432451
0,0,0.4712750332655468
0,1,0.5548824716450003
0,0,0.4412609633923524
0,0,0.48489976518942085
0,0,0.4205164732339831
0,1,0.585517359947513
0,0,0.40012748881561494
0,0,0.43016725779315096
0,0,0.40486725668874535
0,0,0.4485649392725075
0,0,0.4235925184489765
0,0,0.49419971924563005
0,1,0.5306389348215603
0,0,0.411823758252577
0,1,0.5121486160023608
0,0,0.4842011020142722
0,0,0.3755692427956329
0,0,0.4273655422069237
0,1,0.5306321027714563
1,0,0.4531252891041685
0,0,0.43811645792183235
1,0,0.38549493606123053
1,1,0.5410564236236663
1,0,0.4485687079726381
0,1,0.5104028094816951
1,0,0.3670879595779914
0,0,0.3868143705082612
0,0,0.4417417033199855
0,0,0.4312900566190502
0,0,0.42441702592833563
0,1,0.6014775974641823
0,0,0.4714499170083525
0,0,0.38373206846072194
0,0,0.4907056837642515
0,0,0.4579580120303982
0,0,0.498494810201905
0,1,0.5017283428430056
0,0,0.38526540235422496
0,0,0.41288504841199436
0,1,0.5216436554204801
0,0,0.45539249389463377
0,0,0.35988359463549435
0,0,0.46508425982041934
0,0,0.47155435879388574
0,1,0.5580684155098937
0,1,0.5418691536462076
0,0,0.45954551704496216
0,1,0.5159259769875973
0,0,0.4899985278759766
1,0,0.35599965137505407
0,0,0.36195326915771175
0,1,0.5422686986376197
1,1,0.5550284006216913
0,0,0.48287223411047214
0,1,0.5240165496519213
0,0,0.4086749393931017
0,1,0.5824870339033557
0,0,0.35975870185160636
0,0,0.31327365952226904
0,0,0.3061225825369154
0,0,0.3535032836469029
0,1,0.5016299333928775
0,1,0.5099118649187612
0,0,0.38479995656735466
0,0,0.4526872791888593
1,1,0.5417077293392105
0,0,0.3713600557430703
1,1,0.5656929329440655
0,0,0.48151283301977493
1,1,0.5774034330411655
0,0,0.43287513307062675
1,0,0.4721676205009037
0,0,0.43530161721194377
0,0,0.3770497349391625
0,1,0.5043563614585961
0,0,0.3473534917792672
0,0,0.443272098804507
0,0,0.3612883150232565
0,0,0.4477745676318798
0,1,0.5138136979626264
1,0,0.44386215303573967
0,1,0.5609004065570101
0,1,0.5417149148907663
0,0,0.48965885238903534
0,0,0.4248122951753004
0,1,0.5619808545527707
0,1,0.5399648202653523
0,1,0.5234514389036552
0,0,0.465599327689597
0,1,0.5004583903903714
0,0,0.47225168256630723
0,0,0.48894795390847845
1,0,0.49853758395470743
1,1,0.5425648925429706
0,1,0.5674642841877885
1,0,0.43987916028889473
0,0,0.4517223964890891
0,0,0.4828283419718798
0,1,0.5258339527866913
0,1,0.5534399425209177
0,1,0.559238852767118
0,1,0.5159699508517395
0,0,0.4263529620779267
0,0,0.4851062299304548
0,0,0.4401795750485139
0,0,0.4745574586759341
0,1,0.5073522059890155
1,1,0.5698702611311784
0,1,0.5221632353308465
0,1,0.5035563492427769
0,0,0.37091227964135237
0,0,0.3953868767638802
0,0,0.45286854834901447
0,0,0.4764527009614833
0,1,0.5306933759511214
0,0,0.4094466250846768
0,0,0.437204058925399
1,1,0.5490884420032931
0,0,0.4153120419137896
0,0,0.4593229389549571
0,1,0.5127250724840472
0,0,0.45983694592370467
0,0,0.45343542083983945
0,0,0.3792583597479624
0,0,0.47194071446640284
0,1,0.5178703019146574
0,0,0.4885616983381557
0,0,0.4950247043205035
0,0,0.35716605864539674
0,0,0.42732404735733576
0,0,0.4813142164373327
0,0,0.41667977424662034
0,1,0.5393446742804001
0,0,0.40436096960742524
1,1,0.5785056583036612
0,0,0.39532498132593324
0,1,0.5398027220113287
0,0,0.45860704734900376
0,0,0.4354668625349906
0,0,0.3506463583985204
0,0,0.4800343502560294
0,1,0.515958607190473
0,0,0.43067289643675644
0,0,0.4533306733747513
0,0,0.49864622445781437
0,0,0.3774505507837807
0,0,0.43329582589916266
0,0,0.439070867871331
0,0,0.4604784686316976
0,0,0.4739234992277907
0,0,0.4825893750699872
0,1,0.5796311090793091
0,1,0.5655784827852092
0,1,0.5277374235870593
0,0,0.43170085542835657
0,1,0.5612871444313364
0,1,0.5239448605419239
0,0,0.36647561539564355
0,0,0.48568132312720635
0,0,0.46604663967333737
0,0,0.4297741653827203
0,1,0.5226784603589549
0,0,0.2953925693144935
0,0,0.46348387242294575
0,0,0.4439080555629134
1,1,0.5793533225524775
0,1,0.5984674472581968
0,0,0.45026013330755643
0,0,0.4771102503508942
0,0,0.42687918467313496
0,0,0.4096917184636167
0,1,0.5915590635949998
0,0,0.3754151207447184
0,0,0.44708119200511476
1,0,0.46716734503620083
0,0,0.4381227670123674
0,0,0.47895678638429035
0,0,0.4083726117351064
0,0,0.4799993316754905
0,0,0.44704508256312087
0,0,0.46884751876788683
0,1,0.5927052992018548
0,0,0.4111416096477923
0,0,0.49207823091568725
0,0,0.42091748110573063
1,0,0.44505773773366625
0,1,0.5089889381855474
1,1,0.5486198491411912
0,1,0.5547896043612033
1,1,0.5023828524263376
1,1,0.5331633113399232
0,0,0.4666622223117142
0,1,0.5090645052471625
0,0,0.4626742343655512
1,0,0.3882588106625034
0,0,0.35401006878394936
0,0,0.4111948325727125
1,1,0.5390835358641383
0,0,0.4368111946133626
0,1,0.548544353316834
0,0,0.43953142624487623
0,1,0.5645064582209062
0,0,0.48724562879797956
0,0,0.4939338524407562
0,1,0.5210210664038961
0,0,0.4528737884078778
1,0,0.4706436446358245
1,0,0.49660235223787524
0,0,0.45320627338282093
0,0,0.4854175937653213
0,0,0.42780270264876885
0,0,0.45586028263509415
0,0,0.3759922396883067
1,1,0.5231751949530632
0,0,0.37035997356703676
0,0,0.48277820732149307
0,1,0.5426104396902351
0,0,0.4805568318750984
1,0,0.45056494202850667
0,0,0.47555240432974893
0,0,0.3837631650555407
0,0,0.38048278856054907
0,1,0.5356851564010636
0,0,0.4447554059475558
0,1,0.5117478320035777
1,0,0.47061434411057
0,1,0.5065794033376325
0,0,0.4447774229888305
0,0,0.4646523686059591
0,0,0.40019238890769115
0,1,0.5964376516192015
1,1,0.5404922950949278
0,0,0.39116941708803005
0,0,0.49617748497352765
1,1,0.6030923145535939
0,0,0.47080434393662784
0,1,0.5565366231285362
0,1,0.5046462072510812
0,0,0.4841817691943779
0,0,0.49870614261059915
0,0,0.46454563637570023
0,0,0.37032586318286215
0,0,0.40939692846997117
0,1,0.5063630939292298
0,0,0.45663589158678985
0,0,0.42841174761953027
0,0,0.49343438785444177
0,0,0.4490935063174999
0,0,0.4788922074689207
0,0,0.3946348541119964
0,0,0.4307389088664777
0,0,0.4797054884526868
0,1,0.5207429623977816
0,0,0.3813123973404388
0,0,0.3900361453163784
0,1,0.5288200512776062
0,0,0.39643291390456753
0,1,0.511697120246074
0,1,0.5382250567246328
0,0,0.4753451768126395
0,0,0.40830509243484486
0,1,0.5560723370051737
0,1,0.5960438506701334
0,0,0.4362185657418526
0,1,0.5901857633314334
0,1,0.5363130324472946
0,0,0.4990125934442877
0,0,0.42491807733420095
0,0,0.31979293517223445
0,1,0.5195755222435509
0,1,0.5278084702828905
0,1,0.5199880891080156
0,1,0.5570985768710471
0,1,0.5350236051129272
0,1,0.5602120673536107
0,0,0.4470216345958428
0,1,0.5170093089700054
0,1,0.5212731733189728
0,1,0.5364554041248815
0,0,0.4755789889685013
0,1,0.5172379320361636
0,1,0.5326676432566011
0,0,0.4871013570182386
0,0,0.38831573659001994
1,0,0.4307309988629964
0,1,0.5366550200315923
0,0,0.4643296508693958
0,0,0.4188729245398695
0,0,0.40977590413832443
0,0,0.4383741386474156
0,1,0.5379453425384688
0,0,0.358431821287896
0,0,0.4494235383333864
0,0,0.38223840641539314
0,1,0.5136972351014424
0,0,0.4767330314902414
0,1,0.5275237170580616
0,0,0.452149326564657
0,0,0.4126078224281924
0,0,0.4153907982503307
0,0,0.3902840226100512
0,1,0.5260922039549221
0,0,0.43467666945812383
1,1,0.5107707893289126
0,0,0.4316800935222618
0,0,0.4818999431087543
0,0,0.47125564527840713
0,1,0.615341849732712
0,1,0.5547766788388956
0,0,0.4095863003091684
0,1,0.5600650140855725
0,0,0.389527905428013
0,0,0.4831990682053789
0,0,0.3595815784297708
0,0,0.49400888452671365
0,0,0.4298452672736802
1,1,0.554019726855056
0,0,0.47701761969222967
0,0,0.3433324207767079
0,1,0.528072525600605
0,1,0.5395042084236695
0,0,0.4211899656103665
0,1,0.5374662599511238
0,0,0.43791493960004174
0,0,0.48954827773805826
0,0,0.48827682784029597
0,1,0.518800393748798
0,0,0.45398993055332915
0,1,0.5164528936359432
0,0,0.41133480950744805
1,0,0.48886067707672753
0,0,0.39838328105914883
0,0,0.37420609701237667
0,1,0.5417546112163119
0,0,0.4110793923320097
1,0,0.4981901861894274
0,0,0.49105909929605723
0,0,0.3487803673464092
0,0,0.3951626990504319
0,0,0.42972996852308
0,0,0.44025494718335706
0,0,0.396438446409641
0,0,0.4581442767589959
0,1,0.6166946569967194
0,1,0.5306398794210666
0,0,0.46531135353617487
0,0,0.474741326482511
0,1,0.5270203856235888
1,0,0.4694577173277315
0,0,0.39509700030306233
0,0,0.42280441623311654
0,1,0.5455821940009795
0,0,0.4440168484778432
0,0,0.4260257203338933
0,0,0.4032790100421914
0,0,0.4460987245981864
1,0,0.37203441136106336
0,0,0.4472229630376212
0,0,0.39423330489750513
0,0,0.4767362082440281
0,0,0.4325353489174256
0,1,0.587403888826024
0,0,0.41460896055674007
1,0,0.4507724105472041
0,1,0.5204195107637914
0,0,0.4778071133415866
0,0,0.47410275777995076
0,0,0.4988636496704323
1,1,0.5964614610783001
0,0,0.45449508333950367
0,0,0.4855477680573419
0,0,0.42931325416257765
0,0,0.44994368745596197
0,0,0.4861534227929465
0,0,0.3908710190916571
0,1,0.5282501726526714
0,0,0.44211764474737675
0,1,0.5382331487193496
0,1,0.5463504215128941
0,0,0.4769242359563824
0,0,0.42332639329174293
0,1,0.536170062772442
0,0,0.43836094108940205
1,1,0.5299902756819865
0,0,0.36933317246618613
0,0,0.444907612522655
0,0,0.4514652568213331
0,1,0.5119270738831989
1,0,0.41176601443546057
0,1,0.5325656422281666
0,1,0.5152209364236877
1,0,0.48862968772947946
0,0,0.4959196616603444
0,1,0.5135256157150042
0,0,0.48651747760725067
0,0,0.49124380459882727
0,0,0.46650321807112893
0,0,0.4551120170970237
0,0,0.36721179134752047
0,0,0.4359581887961609
1,1,0.5017147021704155
0,1,0.5169584332990087
0,0,0.3999992371835056
0,0,0.43401027461440556
0,0,0.4873763265547719
0,0,0.46801438565729714
0,0,0.25115406243035215
0,1,0.5129404278675813
0,0,0.4582088461189127
0,0,0.47845500740855185
0,1,0.5369477603494578
0,0,0.3746616910654964
0,0,0.4979306820709388
0,0,0.3331350789920416
0,0,0.3503171840294906
0,1,0.5126572490689412
1,1,0.5159033016573201
0,0,0.47888834485936094
0,0,0.31694435311240093
0,0,0.41956334370893655
0,0,0.37681618698678093
0,1,0.5426731059677271
0,0,0.417955428322322
1,0,0.4879334270900948
0,1,0.5145180314748379
0,0,0.340022467981896
0,0,0.427128041159821
1,0,0.4566951284850969
0,1,0.5588659900838315
0,0,0.36508155266906234
0,1,0.5066260965177898
0,0,0.4072098601331551
1,0,0.4813523998372581
0,0,0.43831249157537633
0,1,0.5431856158586306
0,0,0.4464845609515816
0,1,0.5013373517325386
1,1,0.571725634277949
0,0,0.40319230954090884
0,0,0.3800235992325648
0,0,0.4006714218403404
0,0,0.49330538031540366
0,0,0.496412085491905
0,0,0.49783416654024604
0,0,0.2874443455735263
0,0,0.42072975365097603
0,0,0.46246423240813106
0,0,0.4371558548692551
0,0,0.4387675904035334
0,0,0.4375730668236254
0,1,0.5171964878708508
0,1,0.5729184219398357
0,0,0.41204948979946154
0,0,0.40232709367738567
0,0,0.38578694846070877
0,1,0.555007787965328
0,0,0.48219973233215846
0,0,0.42649313818208967
0,0,0.3536404171127759
0,0,0.3999802659016419
1,1,0.5457023203505053
0,0,0.4557430670785712
0,0,0.45724944116989624
0,0,0.46318758133968285
0,0,0.40551625537399455
1,0,0.47116531076635454
0,0,0.4864659516790528
0,0,0.4360482635056811
0,0,0.42570692779908953
0,0,0.4086087248145973
0,0,0.4006845172717987
0,1,0.5429362439160219
0,0,0.39463275443409124
0,0,0.4220573000637247
0,0,0.4095180725444583
0,0,0.4395626494251061
0,0,0.4965706178738013
0,1,0.5719171422836685
1,1,0.5937897921260689
1,1,0.5336356138229186
1,0,0.47684496578941094
0,0,0.4383013364625731
0,0,0.3467145047900912
0,0,0.46603492912189404
0,0,0.4561608092748478
1,1,0.5168783651190227
0,0,0.44171985006395204
0,0,0.38671603356182965
0,1,0.5570207610699559
0,0,0.4493592690303694
0,0,0.46298900534805887
0,0,0.34289220401415593
0,0,0.31792848385437816
0,1,0.5653819062930941
0,1,0.5029282313888118
0,0,0.498847598252606
0,0,0.41406975346846436
1,1,0.5575500065102379
0,1,0.5600786843780008
0,0,0.4882381418319375
0,1,0.580450737762883
0,0,0.4126666663154373
0,0,0.4005198595222908
1,0,0.48194660121646954
1,0,0.4543102305686193
0,1,0.5200542279290548
0,0,0.47038336980011697
0,1,0.5530745594309644
0,0,0.4794348673261068
0,0,0.4656156259636022
0,0,0.34085746500741093
0,0,0.42298208147460786
0,0,0.3363536776617056
0,1,0.5120003437744536
0,0,0.4282269792991821
0,0,0.4642102914632922
0,0,0.41901209875763895
0,0,0.41487644573478816
0,1,0.5379373490563458
0,0,0.4491856458556574
0,0,0.4670906005267572
0,1,0.5005648381119123
0,1,0.5065426460286856
0,1,0.5103328116090574
0,0,0.47201554800695666
0,0,0.4405411016113089
0,0,0.43868066949050255
0,0,0.4247772029956734
0,0,0.49412512191713015
0,0,0.4332867102037323
0,0,0.40071671913920087
0,0,0.4319877983809737
0,0,0.3391815342680173
0,0,0.4265428563701495
0,0,0.4384900176836798
1,1,0.5795100685031482
1,0,0.3336599743862385
0,0,0.4980253266701371
0,0,0.4768167049150663
1,0,0.45666830517266627
0,0,0.49817795183261715
0,0,0.4320271728670463
0,1,0.5734382811061405
0,0,0.40001450688445206
0,0,0.4002990455437216
0,0,0.47248286138506335
0,1,0.5409515349354883
1,0,0.43722487819339534
1,0,0.41950445218240057
0,0,0.44538919312028646
0,0,0.42030452600797125
0,0,0.4040631199269729
0,0,0.42246154097622446
0,1,0.5126289373096603
0,1,0.5011294368985054
0,0,0.37049322514591787
0,0,0.4134711715205831
1,0,0.4501114114356986
0,0,0.4719722976336724
0,1,0.5262079421394007
0,1,0.5385652449317149
1,1,0.5516817776755228
0,0,0.4807732791937993
1,1,0.5384689310329904
0,0,0.36555649713386823
1,1,0.5084410441982457
0,0,0.3988485261730592
0,1,0.5363642837851483
0,1,0.5841859124644412
0,0,0.4093217431445435
1,0,0.42853248742498273
0,0,0.4654569908640515
0,0,0.42669549301065923
0,0,0.42130528024796854
0,1,0.5933871438591454
1,1,0.5652467801491573
0,0,0.4521731712450531
0,0,0.4900171653110844
0,0,0.42192710012823914
0,0,0.45940794337037366
1,1,0.5231554318603084
0,0,0.39307233544642345
0,1,0.5019689594709896
0,0,0.4380629688556937
0,1,0.5666335909256647
0,0,0.37659556330259314
0,1,0.5740925141749412
0,1,0.5932241356224156
0,0,0.3439329302973008
0,0,0.36681656461097695
0,1,0.5351141217519466
0,0,0.42499440288738993
0,0,0.4477244494766128
0,0,0.3769232061715546
0,0,0.4361770411179333
0,1,0.5409031990597379
0,1,0.5481909827188725
0,0,0.48373250919967253
1,1,0.5188476663363335
0,0,0.43429666912601195
0,0,0.45584311284668294
0,0,0.4980282959302763
0,0,0.46003163821868914
0,0,0.4435823271608143
0,1,0.507473479368137
0,1,0.5122026514849098
0,0,0.4347150822028607
0,0,0.4271324160647837
0,0,0.39460057520099573
0,1,0.5415115376561404
1,0,0.43651092600084135
1,1,0.5551984129946524
0,0,0.4092186064063777
0,0,0.4758705530529374
0,0,0.4161142132284226
0,0,0.46731711494907324
0,0,0.4067245901337334
0,0,0.4062074462172415
0,1,0.5206708847532601
0,0,0.4844322945747106
0,1,0.5820180281923547
0,1,0.5330463883461385
0,0,0.42415791319312013
0,0,0.4420032753407079
0,0,0.4944149574953441
0,0,0.33122877703232406
1,1,0.546281419289895
0,1,0.524781933931184
0,1,0.5089396272017584
0,1,0.5138911221386128
0,0,0.41196855586747455
1,1,0.5304401292224131
0,1,0.5742083492892726
0,0,0.43566600326971733
0,0,0.45710315759468806
0,0,0.4923621955166249
0,0,0.4010048286077664
0,0,0.36579530071068406
0,0,0.4231361555976938
0,1,0.5577360178055407
0,0,0.3806734779484185
1,1,0.5924013606417105
1,0,0.4157929926909521
0,0,0.4083692794696263
1,1,0.5041787603725119
1,0,0.47507081447313815
0,1,0.5097469096339592
0,0,0.3755688741905012
0,1,0.522235294869759
0,0,0.36393604033343147
0,0,0.4808422408928717
0,0,0.48624682646645745
0,0,0.48678194118379503
0,0,0.45391508032761935
0,0,0.4542019120620886
0,1,0.5256367251726634
1,0,0.47794667370955607
0,1,0.5114363094211272
0,0,0.4772860639877208
0,0,0.4071971133829736
0,0,0.4606846219920039
0,1,0.5257558489998749
0,0,0.4803862408942471
0,0,0.4127880250746946
1,1,0.5434580936351757
0,1,0.5697670727528877
0,0,0.4088034713246156
0,1,0.5754675612214225
0,0,0.39168231976750334
0,1,0.5193641288134034
0,0,0.475557503797737
0,0,0.43593391217155636
0,1,0.5517059106602484
1,1,0.5492147008893554
0,0,0.4664904408524603
0,0,0.436210729943125
0,0,0.3877891743672663
0,1,0.5094215710285832
0,1,0.5108038739412661
1,0,0.47586198566183474
0,0,0.4285034453573609
0,1,0.5325839009961586
0,0,0.4546594015018617
0,1,0.5266844218908477
0,0,0.45355715334538815
0,0,0.45727819460889835
0,0,0.37647835125948154
1,0,0.47225703908716743
0,0,0.3927013787794409
1,1,0.5526197395649057
0,0,0.3759423602256687
0,0,0.47031080394088853
0,0,0.48061108295031074
1,0,0.4589788491031691
0,1,0.552586809442363
0,0,0.3970687251210947
0,0,0.4445110853642323
0,1,0.6397882921050464
0,0,0.4451559209740743
1,0,0.48216193944062574
0,0,0.3457510043237098
0,0,0.393821543225984
0,0,0.4692027933008254
0,1,0.535098967970075
0,0,0.47804937038237116
0,0,0.4621403299855356
0,0,0.3768921540902825
0,0,0.4787407897368146
0,0,0.378664407667814
0,0,0.484870733545736
1,1,0.5370456304160435
0,0,0.42279959915062454
0,0,0.45013976243878184
0,0,0.39868424009608716
1,0,0.4310706476370403
0,1,0.5204511397715316
0,1,0.5548562764350993
0,0,0.440053253172329
0,0,0.45842995495641004
0,1,0.5249202719561243
0,1,0.5062949570086099
0,0,0.43312947507302274
0,0,0.35461109568838495
0,1,0.5850187731731086
0,1,0.5739023361379126
0,0,0.4893828827287428
0,1,0.5293510592617654
0,0,0.44094396793834334
0,0,0.42221582262476587
0,0,0.4423045614699358
0,0,0.4430160210960552
0,0,0.4075909891921466
0,0,0.46795916208203797
0,0,0.4035826182130272
0,1,0.5322045755782898
1,0,0.4776276043248865
0,0,0.43103273977568723
0,0,0.44943990312845655
0,0,0.49206479711801093
0,0,0.43478090932785046
0,0,0.3776432683365304
0,0,0.49528470261351054
0,0,0.41380280319295193
0,0,0.3607921375523944
0,0,0.403716245102143
0,0,0.42191813412279566
0,1,0.6003359601809184
0,0,0.3984863502716437
0,0,0.4550858109383507
0,1,0.5782121264450957
0,0,0.4214820991810988
0,1,0.5395538674914728
1,0,0.49172481550448405
0,0,0.43997938057971475
0,0,0.45187026719881196
0,1,0.5146883869104135
0,1,0.505259478765664
0,0,0.3587043295789779
0,0,0.4677128841617042
0,0,0.31504817027666787
0,1,0.5517060622394845
0,0,0.4937574110584977
0,0,0.43209980714340707
0,0,0.44746970350620147
0,0,0.460299458603425
0,1,0.5764558443025972
0,1,0.525716316555456
0,0,0.45678455208634666
0,0,0.45932903247405377
0,1,0.5772022402700908
0,0,0.41825062907868577
0,1,0.5794127516122137
1,0,0.4679012620868508
0,0,0.3985904132068827
0,0,0.48665617148984386
0,0,0.469987479250241
0,0,0.31823070525275243
0,0,0.44923294953654475
0,0,0.4408140649414554
0,0,0.4420588331306181
0,0,0.48502605889768646
0,0,0.43335174630975176
0,0,0.4591057163783406
0,1,0.5193857211520192
0,1,0.5035318676557821
0,0,0.3588687678038868
0,0,0.46958109791409497
0,1,0.520616176505583
0,0,0.3941341103321315
0,0,0.46260034141300393
0,0,0.45037140643582363
1,1,0.5604056578322015
0,0,0.49134064838180685
0,0,0.45124648450129534
1,0,0.41978011595098985
0,1,0.5084055453361639
1,0,0.4647407781012857
1,1,0.565491766362619
0,0,0.33484231999169933
0,1,0.509929662435752
0,0,0.39483912251287256
0,0,0.46976817642967866
0,0,0.4682381252820623
0,1,0.5281933701118764
0,0,0.42873587412362923
1,0,0.4672792983715805
1,1,0.5095177459006464
0,0,0.4819818376267975
1,1,0.5761689373913684
0,0,0.440254365154126
0,1,0.5505393315819848
0,0,0.4624520622557168
0,1,0.5283374952616088
0,0,0.4192353274890363
0,0,0.4502250324101224
0,0,0.3580866673210914
0,0,0.4925741483507162
0,0,0.3742959598696168
0,0,0.47365949686891295
0,0,0.41678689570774885
0,0,0.3992663018195087
0,0,0.37814800097803497
0,1,0.5818743335000153
0,0,0.36539081385644273
0,0,0.4532197769607807
0,0,0.47686107212008466
0,0,0.4131200013361088
0,0,0.3234522317146605
0,0,0.40720021093689307
0,1,0.5202143172299294
0,0,0.39451125797053055
0,0,0.40400040204356563
1,1,0.5358376706575649
1,1,0.5798853248871328
0,0,0.42709159498150734
0,0,0.42767356370442605
0,0,0.4362996781736935
0,1,0.5172000407286803
0,0,0.4588336862875571
0,0,0.48151785821430065
0,0,0.3509640581661961
0,0,0.452541676155894
1,1,0.5489386952815878
0,1,0.5085589877726832
0,1,0.5741283903270947
1,1,0.503128407582571
1,0,0.4726898205154027
0,0,0.3744875638743276
0,0,0.34732334780861107
0,0,0.48405659642716287
0,0,0.4503095251583869
0,0,0.4162499462617933
0,0,0.34096338153942435
0,1,0.5085210607869347
0,1,0.5702921874151331
0,1,0.5088759679927927
0,1,0.507700167597229
0,0,0.4678227228475213
0,0,0.34826180005344254
0,1,0.5740392018949899
0,0,0.4004725863378981
0,0,0.445581112367936
0,0,0.42822985824623666
1,0,0.45538344738483394
1,1,0.590651449958585
0,0,0.4248471207986475
0,0,0.3908579270989666
0,0,0.38334051509040834
0,0,0.4981432258765998
0,1,0.5603574267911171
0,0,0.4601615926286655
1,0,0.4890727170724134
0,0,0.4630432522365115
1,1,0.5557673548183909
0,0,0.44273233611446317
0,0,0.48031767083058696
0,0,0.45583112534028386
1,1,0.5968700637194673
0,1,0.5477920215028091
0,0,0.4180319543882304
0,0,0.41371782590267064
0,0,0.45748790165934294
0,1,0.5335348913813933
0,1,0.5798607023008238
0,0,0.4712358593343998
0,0,0.49166476260005326
0,0,0.29355788615311246
0,1,0.6108453149387326
1,0,0.4058391248349065
0,1,0.5216546494854891
0,0,0.4042327356479282
0,1,0.5037311457255489
0,0,0.43553253045656315
0,1,0.5364585986684189
0,0,0.42143151014939556
0,0,0.4864267692363669
0,0,0.352966415639299
0,0,0.4130006180467483
0,0,0.4077321771358536
0,0,0.39231431532689065
0,0,0.4993849003783311
0,0,0.4583103732663079
0,0,0.49677990446984543
0,0,0.4554074617565627
0,1,0.5184129439240863
0,0,0.39723434430363824
0,0,0.3742759774446063
0,1,0.6159398293629852
0,0,0.49359949751866666
0,0,0.47299745459288095
1,1,0.6559599277054997
0,1,0.5476892107538148
0,1,0.5518452587036616
0,0,0.440421757272412
0,0,0.3971471855853393
1,1,0.5460958252519622
0,0,0.40843276385181404
0,0,0.4306419710299397
0,0,0.4672898321301024
0,0,0.4488411560563153
0,0,0.45997092052113303
0,0,0.443947481018157
0,1,0.5866844061204053
0,0,0.4937665940036503
0,0,0.3859042898974513
1,0,0.4193526412284909
0,1,0.5181028505017917
0,0,0.40408514906472154
0,0,0.46789429998490967
1,0,0.49361422444118813
1,1,0.5904004504649096
0,0,0.46925216498646344
0,0,0.3873901462873697
0,0,0.406729322374942
0,1,0.5317081139621685
0,0,0.4402055113518007
0,0,0.46649933961251977
0,0,0.41452323668816626
0,0,0.4243489282248029
0,0,0.44263366208336885
0,0,0.39292002854582536
1,0,0.4863022034646549
0,0,0.48590661583207656
0,0,0.4379923266064554
0,0,0.49174887070598294
0,0,0.46405809123231045
0,1,0.5506786380481759
0,0,0.47131379109144583
0,0,0.4697105014999756
0,0,0.454920654547611
0,0,0.43936998998515864
0,0,0.37916990053347877
0,0,0.41205813573275824
0,0,0.37501801594421985
0,1,0.5402080023019984
0,1,0.5783991811897495
0,0,0.3773876710057381
0,0,0.4839611371588715
0,0,0.3626006675274627
0,0,0.4827845408417921
0,0,0.43050680252509865
0,0,0.37299709488667604
0,0,0.4606259430612438
0,0,0.4008698091525262
0,0,0.41547533394138403
0,0,0.4052744036217234
0,1,0.5696378036580251
1,1,0.50715481755263
0,0,0.4745796176746962
1,1,0.6053129935996238
0,0,0.464644503230285
0,1,0.5317294288501455
0,0,0.4725683489052502
0,0,0.4400557666513783
0,1,0.5598894643950618
0,0,0.3966210173497957
0,1,0.520187009405385
0,1,0.5209084160061945
1,0,0.48557268216752064
0,0,0.4272378838287021
0,1,0.580213253274173
0,0,0.48640751967829793
0,0,0.4972497192867981
0,0,0.497451488062333
0,0,0.4946536142717914
0,0,0.47260074689922504
0,0,0.4044374497678111
0,0,0.41591717055686184
1,1,0.5075843364168175
0,1,0.523240652536505
0,1,0.5418215812146507
1,1,0.5276394937519985
0,0,0.4878073175802762
0,1,0.5296055231222351
0,0,0.39568819565162067
0,0,0.4443552245926493
0,0,0.42434952927404984
0,0,0.47166911953926893
1,1,0.5054135457714485
0,0,0.393386233366682
0,1,0.5157445145315603
0,0,0.4759985376895831
0,0,0.3898984923591437
1,0,0.4654993261504232
0,0,0.47182881615277006
0,0,0.4058708658969129
0,0,0.4149380612685913
0,0,0.4910646483757064
0,0,0.42763320845231595
0,0,0.3851593884190809
0,0,0.3531643214297578
0,1,0.5586808425448145
1,1,0.6293558284726534
0,0,0.4465745398774999
0,1,0.5246930994434016
0,0,0.3986243698300398
0,0,0.445948032779231
0,0,0.4630703945294943
0,1,0.5531076328055159
0,1,0.500210379410747
1,0,0.4873577809434817
0,0,0.3610404044422797
0,1,0.5327400153372424
0,0,0.4793796633625997
0,0,0.4352884000019558
0,1,0.5394921872721895
0,0,0.4830511737531882
0,1,0.59645593078371
0,0,0.40692515464360496
0,1,0.5353801796262927
0,1,0.5200643505597037
0,0,0.43719932693412034
0,0,0.4889803170074629
0,1,0.5923896600851634
0,0,0.4382234862740308
0,1,0.544983421716095
0,0,0.3550382588515803
1,0,0.43074984806819827
1,1,0.5828189347147482
0,0,0.48361973189556345
0,0,0.4925601414153822
0,0,0.455493927246743
0,0,0.44995596678184296
0,0,0.4935734475510334
0,1,0.5715859146000423
0,0,0.3950884929260105
0,0,0.4382316174623731
0,0,0.4518283979866747
0,0,0.4930306683508892
0,1,0.5392862594065982
0,0,0.38614238813123763
0,0,0.4671150930566303
0,1,0.5173478477806821
0,0,0.46095117261065577
0,0,0.4940494432141594
0,0,0.41574319781119473
0,1,0.5551703527912213
0,0,0.4521311355491892
0,0,0.4271062717469048
0,0,0.45490581902565486
0,0,0.35158977550543197
0,1,0.6229096670299513
0,1,0.5010537501709439
0,1,0.5190661871417036
0,0,0.4593936386433194
0,0,0.4885074531071462
0,1,0.563083822111667
0,1,0.5033913555878216
0,1,0.5720286245825821
1,1,0.5488154288679931
0,0,0.416817132977753
0,0,0.4634386612415042
1,1,0.5549010854131433
0,0,0.3672281320151755
0,0,0.36978565344193515
0,1,0.5470973864647523
0,1,0.5180876825583777
0,1,0.5298894631785305
1,1,0.5583293120723437
0,1,0.5404654608037753
0,1,0.5099761290112328
1,1,0.5635000759613146
0,0,0.36081430232134737
0,1,0.5804813974970622
0,0,0.3977524293380291
0,0,0.4376875652580628
0,0,0.4637974467622072
0,1,0.5700935983414047
0,0,0.48279296497704943
0,1,0.5058196847027872
0,0,0.4918383850979775
1,0,0.4491752518892664
0,0,0.4582118575227278
0,1,0.5215875779142469
0,0,0.4886480340206084
0,1,0.5197198360648403
0,1,0.6417165199868338
0,0,0.3392066092142892
1,1,0.5081567634100442
0,1,0.5181522001747174
0,0,0.4891118390806757
1,0,0.43437821480312755
0,1,0.5015717620563784
0,0,0.43524930799719413
0,1,0.52361777272304
0,0,0.4482927967345956
0,0,0.3447396997859434
0,1,0.5060552784213928
0,0,0.4772070315708391
1,1,0.5200755071926741
0,0,0.4716785499371937
0,0,0.46675231095290215
0,0,0.43714196279102296
0,0,0.40921045083360597
0,0,0.48577623145418086
0,0,0.4736568589287302
0,0,0.43442279481677787
0,0,0.3525887849682433
0,0,0.4253520461119178
0,1,0.5000645453570521
0,0,0.43271357585110737
0,1,0.5650856990903627
0,1,0.5075341568232987
1,1,0.5327388038878459
0,0,0.42434370861625276
0,0,0.47354106233046545
1,1,0.5407230992713036
0,0,0.47102173866301655
0,0,0.4921471047019842
0,0,0.3572150411813966
0,0,0.43249920260766694
0,0,0.4724782520187833
0,0,0.4789963584574194
0,0,0.4864519256867398
1,1,0.5708545279837436
0,0,0.46420537106826953
0,0,0.4004473222840054
0,0,0.38927751977399977
0,1,0.5385896764333349
0,0,0.47505816291509134
0,0,0.3787998998715205
0,1,0.5950048085926241
0,1,0.533520367493413
0,1,0.5433181362328
0,0,0.44930303643907804
0,1,0.52718931167382
0,0,0.4032528929060481
0,0,0.49077578496349283
0,1,0.5197175729000706
0,0,0.3310550451193566
1,1,0.6098013382636076
1,1,0.5655545271530201
0,0,0.3285696348728166
0,0,0.2851272644689671
0,0,0.42212092265943446
0,0,0.45906693882237354
0,0,0.466565504322417
0,0,0.40795557692541273
1,0,0.44636569912953195
0,0,0.44026938937192317
0,0,0.4982475147352041
0,0,0.4614193042560137
0,0,0.38598102011594015
0,0,0.3956464288845973
0,0,0.48873958767550674
1,1,0.5603147305560637
0,0,0.4790903220341553
0,1,0.533779342795205
1,1,0.5444245419275978
0,1,0.5071044652389969
0,0,0.4976729886130281
0,0,0.4729611173324835
1,1,0.608786915994227
0,1,0.564513582137613
0,1,0.5299087173506183
0,0,0.4189436905804152
0,0,0.36359040583747154
0,0,0.39240473116347907
0,0,0.307534128429096
0,0,0.46525090102204186
0,1,0.510946219032485
0,1,0.5077450236577015
0,0,0.47931490793436127
0,0,0.4851665003096315
0,1,0.5275696550773419
0,0,0.4220944606340544
1,0,0.485019003127671
0,0,0.46780604037654505
0,0,0.396710088080452
0,1,0.598621503694758
0,0,0.4738272420479177
1,0,0.4596248172636803
0,1,0.5051500864566772
0,0,0.35564739625341185
1,1,0.5351127540708603
0,1,0.554222042872274
0,0,0.45811685711932754
0,0,0.4681023484064557
0,0,0.4879004259672384
1,0,0.43588506414817163
0,0,0.45233650969843525
0,0,0.4278109853016278
0,1,0.5339791243265218
0,0,0.40472859294433505
1,1,0.5852511862049229
0,0,0.411220460645089
0,0,0.39896956817943596
0,0,0.4616181547598407
1,1,0.5496738633988159
0,0,0.4133577822448761
0,1,0.554945626470843
0,1,0.5476853433744477
0,0,0.4470299359610581
0,1,0.5829611231322998
0,0,0.44083870356633426
0,1,0.5763772987651852
0,0,0.43564271881743005
0,0,0.39013040558038775
0,1,0.5041763481718362
0,0,0.4164174241847893
0,0,0.46340005526420497
1,0,0.4854927325576477
0,1,0.5066331936178354
0,0,0.378645431493514
0,0,0.36645644311565934
0,0,0.39671877493899244
0,0,0.4832056624947411
0,1,0.5391665953426614
0,1,0.5421848399760291
0,0,0.4442530817376122
1,1,0.5558042177178316
0,0,0.39136537833967594
0,0,0.42253678929577004
0,0,0.49834714300683897
0,0,0.3859552415765324
0,0,0.45931735343221325
0,0,0.3444249813913437
0,0,0.45085063316252866
0,1,0.544036398723596
0,0,0.40674916095566993
1,1,0.5132525738468645
0,0,0.46619508660654724
0,1,0.5003543466669036
0,0,0.4608057807708315
0,1,0.6105299077469486
0,0,0.40223991460832026
0,0,0.363743159833539
0,0,0.3547832099969398
0,1,0.5657496176354995
0,0,0.42275427467533666
0,0,0.4027758264228659
1,1,0.6000097355788243
0,0,0.4520586644761638
0,1,0.5082565612292739
0,1,0.5336108096974957
0,0,0.43915915423990654
0,1,0.5481429351455475
0,1,0.5026007482514556
0,1,0.5924941664197653
0,0,0.4123891944508552
0,0,0.3893381472401879
0,1,0.5606068340238639
0,0,0.4646235761721501
0,1,0.5386609858847076
0,0,0.47153445412059275
0,0,0.4276689150305693
1,0,0.43257081047261514
0,0,0.36532743723776584
0,0,0.4832153376274199
0,0,0.48201567796607725
0,1,0.571264255126483
1,0,0.4953147260912312
0,1,0.5073495478900804
0,1,0.501531357453189
0,1,0.5613286697158378
0,0,0.38183354692141225
0,1,0.5619660459022944
0,0,0.4291050813358144
0,0,0.4913682342719592
0,1,0.5703679427199443
0,0,0.411664873049217
0,1,0.5732011660752229
1,1,0.5335483490601098
0,0,0.4981434874296669
0,0,0.39659377892766173
0,0,0.3886076844164992
1,0,0.4559142368946985
0,0,0.43618090132684434
0,0,0.4053636916805802
0,0,0.4622158237398486
0,0,0.45525149874530657
0,0,0.43790404850068737
0,1,0.5074526347544787
1,1,0.5534633947211358
0,0,0.40528775372374154
0,0,0.4677627192872182
0,1,0.5163377661132449
1,0,0.4362679637319741
0,0,0.48216092748215195
0,0,0.46424986335001683
0,0,0.4605719560707934
0,0,0.38745060906804984
0,0,0.486968611332843
0,0,0.4571345916090867
0,1,0.5908848288604552
0,0,0.3856129408408871
0,0,0.43821166497012315
0,1,0.5047632438740264
0,1,0.5357454917734529
0,0,0.35839943181399714
0,0,0.42941843221009435
0,1,0.5087962002341956
0,0,0.42925790016010135
0,1,0.603310098378208
1,1,0.5394595530831033
0,0,0.4741314361983334
0,0,0.4380950199165987
0,0,0.4658047150986273
0,1,0.5421273071134077
0,0,0.46897912100751926
0,0,0.4613055153672451
0,1,0.5355259758185398
0,0,0.40510810283036586
0,1,0.5333389407146055
0,1,0.5599686482694247
1,0,0.49423000586832333
0,1,0.5537377975051165
0,1,0.505308103556206
0,0,0.4688267234729493
0,0,0.2962002174284702
0,0,0.48199681670731787
0,0,0.46366074576388344
0,0,0.48146603488559875
0,1,0.5591017634856665
0,1,0.5455481141139095
0,1,0.5013661589064387
0,0,0.36559834321622425
0,0,0.31177182497689937
0,0,0.4949709300481052
0,1,0.5026423134160973
0,0,0.4907581550075835
0,0,0.48224298782334607
0,0,0.483982687463603
0,1,0.5216907605538439
0,0,0.48780695315638944
0,1,0.5418745315320119
0,0,0.4210773694147418
0,0,0.4149110145167193
0,0,0.4692500925430743
0,0,0.49003882385179354
0,0,0.4777701993943993
0,1,0.5030393219556814
0,0,0.4814794419760799
1,0,0.43524613247692967
0,1,0.5680130502619166
0,0,0.4909385369553474
0,0,0.4759540045272342
0,0,0.3866408735016551
0,0,0.4975412673316064
0,0,0.49440793462468563
0,1,0.5818805893562258
0,0,0.45877164743838006
0,0,0.3238734673646704
0,0,0.3853168834690355
0,0,0.3797461760506846
0,0,0.38383667485401995
0,0,0.4569239885659431
0,0,0.37521996088612114
0,1,0.5316700130455569
0,0,0.3622119176685041
0,0,0.409008463546849
0,0,0.4617375420935017
0,0,0.33564177490839264
0,0,0.38585534297753077
0,0,0.4269820469656024
0,0,0.43721569365502233
1,1,0.5376330971159298
0,0,0.41796532715547746
1,1,0.5246899721241316
0,0,0.4359062509910022
0,0,0.4336209988068384
0,1,0.5290716025621094
0,0,0.4575348716202731
0,0,0.3301384294622961
1,1,0.5440749907266929
0,1,0.5327073792388779
0,0,0.48345355305455046
0,0,0.4534049990379072
0,0,0.4936323640765237
0,0,0.4492174076306423
0,0,0.46849255269316
0,1,0.5693928531975844
0,1,0.5225784342741799
1,1,0.5074440397573209
1,1,0.5714531550267941
0,0,0.4352440160053144
0,1,0.5046926555586034
0,0,0.38420084073397187
0,1,0.5682472336663822
0,0,0.47732205728108645
0,0,0.3973856561660647
0,1,0.5325544201420026
0,0,0.3464306536894032
1,0,0.4322556198103928
0,1,0.5343584110788125
0,0,0.42719224928222926
0,0,0.36221805291272985
0,0,0.41647996669868625
0,0,0.40920896308565674
0,0,0.46290257826130515
0,0,0.37798447189543916
0,0,0.3663703496417234
0,0,0.44123756758729576
0,0,0.44703303224946384
0,0,0.35079871105727994
0,1,0.5977862719640767
0,0,0.4797531954270983
0,0,0.4691113435759571
0,0,0.4671668671592842
0,1,0.5298801584801943
0,1,0.5290334895220266
0,1,0.5128999089485665
0,0,0.48457105426179564
0,0,0.4307540401402515
0,0,0.4489899561947702
0,1,0.5347334612464367
0,0,0.4428874975330418
0,0,0.37186826367540954
1,0,0.4158608562999562
1,1,0.5165618163325912
0,0,0.3627805050403394
0,0,0.44246345794876774
0,0,0.3773725567150358
0,1,0.5786020735056694
0,0,0.31724144890101447
0,1,0.5830668237455616
0,0,0.47935808568365834
0,0,0.443764687144642
0,0,0.4438761643908461
0,1,0.5012105820089657
0,1,0.5311194815721393
1,1,0.5121841620447993
0,0,0.3600684775602659
0,1,0.5086864043110352
0,0,0.4646740411919811
1,1,0.5325164808939725
1,0,0.47522922891869057
1,1,0.5722913225092592
0,1,0.5423460896262543
0,1,0.5557508014977687
0,1,0.5554688788092011
0,0,0.4558574853440348
1,1,0.5505845024519173
0,0,0.4205280223072974
0,0,0.4261562063309152
0,1,0.549005598818168
0,0,0.4024655344791814
1,0,0.43450909046233904
0,0,0.49754567565423385
0,0,0.4341936318495272
0,0,0.4697588322363903
1,0,0.4784947579769593
0,0,0.49845798108541894
0,0,0.4620021722738676
0,0,0.432324916028923
0,0,0.43177253932499515
0,0,0.42933132030842264
0,0,0.48427244700012567
0,0,0.4613067895333353
0,0,0.42513553390910486
0,0,0.42942281598548226
0,0,0.42205331479939123
0,1,0.5297794221457197
0,1,0.5278600789662392
0,1,0.506645118050078
0,0,0.4575858497226356
0,1,0.5063594248565925
0,0,0.43100636280208143
0,0,0.38015720413196247
0,0,0.444093322231013
0,1,0.5677804133540455
0,1,0.5199297074630593
0,0,0.43759587315057225
0,0,0.4074666527013335
1,1,0.5783496064180688
0,0,0.48699504679511835
0,0,0.36484869497892075
0,1,0.5268948272826197
0,0,0.42100707172652174
0,0,0.4383348901422742
0,1,0.6112364113388018
1,0,0.42222100303459087
0,0,0.43548572356900833
0,0,0.4503316588974702
0,0,0.47642716032319754
0,0,0.46565175684806276
0,1,0.572668413570481
0,0,0.42564507782388056
0,0,0.4049500733605559
0,1,0.5536612885709444
0,0,0.4433382729925905
0,0,0.4284578990339547
1,1,0.5152821094301997
0,0,0.4770680930956383
0,0,0.4949800887627903
1,1,0.6212211237510814
0,1,0.5183349034698402
0,0,0.4031900082713413
0,1,0.5795507899509609
0,0,0.3835747122184251
0,1,0.5640073792868937
0,0,0.49489752011841737
0,0,0.47358719614851574
0,0,0.415738152429074
0,0,0.38248542101648625
1,1,0.5706212233641892
0,1,0.5239199484732884
0,0,0.42656587024966003
0,1,0.6259768275109555
0,0,0.43351350756280094
0,1,0.5049751989265997
0,0,0.4244397382872429
0,0,0.3707529833153199
0,0,0.46166662425192245
1,1,0.530131549279568
0,1,0.5091218699785226
0,0,0.49515414609722713
0,1,0.5490914083720224
1,1,0.5042007266740383
0,1,0.5669557206018969
0,1,0.5093613981461848
0,0,0.32630548998877323
0,0,0.4896191873695637
0,0,0.4824265663589717
0,0,0.4339056239303861
0,1,0.6071940433044286
0,0,0.3906834752857445
0,0,0.47816417261323174
0,0,0.4897398563946107
0,0,0.38841607356522717
0,0,0.3203444934868962
1,0,0.4963320882170183
0,1,0.5087951334405286
0,1,0.5488572745804646
0,0,0.48074146612552837
0,1,0.5762208915244457
0,0,0.34849778572226486
0,0,0.49620697851594125
0,0,0.4789545695332417
0,0,0.4524460467908543
0,1,0.5073831078716028
1,0,0.4750836391972453
0,0,0.42625489419659884
1,0,0.46324557072861255
1,0,0.4947926599864325
0,0,0.49155823761086315
0,0,0.4182666213135058
0,1,0.550370552113626
0,1,0.554842324700589
0,0,0.47174718183766423
0,0,0.4206911165892424
0,0,0.45849149773030445
1,1,0.5937272694088428
0,0,0.45799177012553216
0,0,0.4615595236944602
0,1,0.6327824531840092
0,0,0.4508899134334235
0,1,0.5116680674620665
0,1,0.5455199993916866
0,1,0.5225528043107605
0,0,0.4499774299243009
0,0,0.395549965746171
0,0,0.37050367039088655
0,0,0.36664581756093434
1,1,0.5706280464727638
1,0,0.46970728342000406
0,0,0.4793583194252134
0,0,0.4944360771933304
0,0,0.4107561238374901
0,0,0.4798846885962136
0,0,0.41961214259334767
0,1,0.5311628448426802
1,1,0.515826258371127
0,0,0.4729412226309354
0,1,0.5085506493872731
0,1,0.5639545983910551
1,1,0.5269382331053941
0,0,0.4579050969988934
0,1,0.5229467080528036
0,0,0.4187550809513549
0,0,0.35606183386928086
0,1,0.5099810548420886
0,1,0.5090602991351111
0,0,0.4442827371428906
0,0,0.4672426477860128
0,0,0.4302128207844935
0,1,0.5129489746639877
0,0,0.45137316322226306
0,0,0.472739813358152
0,1,0.5582502535758417
0,1,0.5852381751635718
0,1,0.548273377485534
0,0,0.26984407146591766
0,0,0.4532730398216516
0,0,0.41789105538618776
0,0,0.4356062924183551
0,1,0.5962878966329418
0,1,0.5054257878844873
0,0,0.4236458126114471
0,1,0.59740955074005
0,1,0.5126906197412501
0,0,0.4937405746298806
0,0,0.49627360001970194
0,0,0.4793335517767548
0,1,0.550991644549838
0,1,0.527323466002708
0,1,0.5324605923694216
0,0,0.40815896997471407
0,0,0.4545736614665003
1,1,0.5737497880294451
0,0,0.42496527230620784
0,0,0.42023118115323266
0,1,0.5649261959016186
0,0,0.44488132770173044
0,0,0.4915937343227169
0,1,0.5370095287925019
0,0,0.46003160675319976
0,1,0.5571928812406877
0,0,0.46251243177607043
0,0,0.48187371134447565
0,0,0.42779650433627725
0,0,0.4726599240042572
0,0,0.45801823616616416
0,0,0.3813694965913213
0,0,0.4885394901878538
0,0,0.49299686841665297
0,1,0.509563233513065
0,0,0.48925664633616156
0,0,0.4467639048219317
0,0,0.49755496154945084
0,0,0.4276556678414044
0,0,0.29068732599215774
0,0,0.45847689753560944
1,0,0.4217061105073757
0,0,0.4558503779422539
0,1,0.564638020398284
1,1,0.5148068567322021
0,1,0.5389716896851194
0,1,0.5619032153751252
0,0,0.49103111095634894
0,0,0.4728740748466618
0,1,0.5487793642107069
0,1,0.5877985164458903
0,1,0.5514700069986701
0,0,0.3918708800572045
1,0,0.47840045916298185
0,0,0.3602332677802722
0,0,0.4756209838958976
0,1,0.5189701034742424
0,0,0.4564229194914816
0,1,0.504994540909766
0,1,0.5943013311550638
0,1,0.5382890018463315
0,1,0.5210688570626238
0,0,0.4272000390671841
0,0,0.46167869027206604
0,1,0.5301167245973997
0,0,0.4971807355432535
0,0,0.48525362411023065
0,1,0.6039790127705479
0,0,0.47677615214935565
0,1,0.5098980602323696
1,0,0.49240030352710595
0,0,0.4717595174476659
0,0,0.48223329858780845
1,1,0.5056559854537143
0,1,0.510093388598849
1,0,0.348967797067275
0,0,0.48664944684863554
0,1,0.5853670875305998
0,0,0.39564606608101827
0,0,0.3578303038443022
0,1,0.5036310709438746
1,1,0.5297074483751186
0,0,0.4851601627296314
0,1,0.525419592256859
0,0,0.42068665890312024
1,0,0.4366499968154962
0,1,0.5225911355571842
1,1,0.5013526949943453
1,1,0.5410724667061384
0,0,0.47923822489277734
0,1,0.5939861110757589
0,0,0.4572467407566496
0,0,0.4769414536941396
0,0,0.44173585472578725
0,1,0.5111211002615678
1,1,0.541268732056849
1,1,0.5387885974713479
0,0,0.4458823372841594
0,0,0.4434782315407497
0,0,0.39959880868646425
0,1,0.5259832398169116
1,1,0.5157102623667713
0,0,0.4865598572619415
0,0,0.4359161438429133
0,0,0.4256611640357879
0,0,0.496590075764172
0,0,0.4580752793338382
0,0,0.4785905289264248
0,1,0.5049013814356811
0,0,0.45543154041578404
0,1,0.51082392895782
0,0,0.48586150422935476
0,0,0.45794895401200814
0,1,0.5211556528533566
0,0,0.4460046198024812
0,0,0.41661745260883554
1,1,0.5728404023657226
0,1,0.5156834245159749
1,0,0.4412742090069672
1,1,0.5116218804828745
0,0,0.3645419491713106
0,0,0.47332507393232803
0,1,0.5461841613426102
0,1,0.5093981799707865
0,0,0.42607783658461246
0,0,0.2679276238921774
0,0,0.4707513272004957
1,0,0.48490387277966607
0,0,0.4159428861042649
0,0,0.47715937230231975
0,0,0.4015788904571264
0,1,0.5157257920219952
0,0,0.45291489452226713
0,0,0.47246368053364834
0,0,0.4253280973985559
0,1,0.5227697492260817
0,1,0.5144360703188735
0,0,0.412198508127629
0,0,0.418330700240617
0,1,0.5307072166913038
0,0,0.40826760075749624
0,0,0.4954598595712855
0,1,0.5123833733858166
0,1,0.6508017705143869
1,0,0.49378569316515625
1,1,0.5830206403424717
0,1,0.5424004889862389
0,1,0.5088576729809882
0,0,0.377968979388033
0,0,0.46951277716657863
0,0,0.4771203733970818
0,0,0.44977104169132687
0,0,0.4856616112376979
0,0,0.40214642432271575
0,0,0.4283494074158729
0,0,0.3461356250716435
0,0,0.4458668641559413
0,0,0.4342832759910412
0,0,0.3907722138199275
0,0,0.441221664314836
0,1,0.5480901849197588
0,0,0.4871694220509815
0,1,0.5337014975317762
1,1,0.5783433246296091
0,0,0.41475022009756574
1,1,0.5286845389599863
0,1,0.5029980923001667
1,1,0.5511620573470011
0,0,0.45783230335200775
0,0,0.4842422994829597
0,0,0.4912345308987222
0,0,0.4845981453657256
1,0,0.3504274655620076
0,0,0.4725678038821076
0,1,0.5180020979276445
0,0,0.4496761934803946
0,1,0.6219876521657247
1,1,0.5120108258944708
0,0,0.49160349074355464
0,0,0.40212283668574317
0,0,0.39214413428298495
0,0,0.3670423596419143
0,0,0.4261435799367077
0,0,0.3970962148884518
0,1,0.5209157292210729
0,0,0.42661659825208814
1,0,0.4936023196808685
0,1,0.5752540309116512
0,0,0.37333598637447396
0,1,0.5147788245231204
0,0,0.4124080656380586
0,0,0.46300619519066655
0,0,0.49402929493635456
0,0,0.4614961345441753
0,0,0.4977016744286001
0,0,0.48525402762619735
0,0,0.48304890716897597
0,0,0.4739772266113609
1,1,0.5439349533055224
0,0,0.47505966249925385
0,0,0.4932841620724498
0,0,0.4407756473192252
0,0,0.45087481441025623
0,1,0.5412427951083449
0,0,0.4215256846104614
1,1,0.542921515641111
0,1,0.5060161784580279
0,0,0.4749364680589341
1,0,0.47594130654903294
0,0,0.4769394368484876
0,0,0.46238442951264475
0,0,0.4211139593987317
0,0,0.48607883560237
0,1,0.5094197779071766
0,1,0.5195387707869316
0,0,0.46575924735664775
0,0,0.48885595496526063
0,1,0.506153762677811
1,1,0.6317338298944917
0,0,0.4235951263228327
0,1,0.5719881398968012
0,0,0.4875752133510582
0,0,0.37869361843783644
0,1,0.5079599836918969
0,1,0.5781039516608445
0,0,0.4674736656691802
0,1,0.5308605905894536
0,1,0.5368089782145168
0,1,0.554754045222611
0,0,0.41410938674107095
0,0,0.4157793629652472
0,0,0.45974836388783663
0,1,0.5074875635201479
0,0,0.4862517967898327
0,0,0.45447516307650593
1,1,0.5262272309364459
0,1,0.5334532688138469
0,0,0.46998441041426864
0,0,0.38301515312537615
0,0,0.4452704746983817
0,1,0.5050949291810569
0,0,0.4902994219160785
0,0,0.39064631364748814
0,1,0.5185426689811462
0,0,0.4953977801997212
1,1,0.5536286125623637
0,0,0.4742236002157803
0,0,0.49761593700561163
0,0,0.4214166522001937
1,0,0.48545252078880563
0,0,0.4694539037381355
0,0,0.46545303719193476
0,0,0.47154008676896253
1,0,0.4875740358639671
0,1,0.5624618501597602
0,1,0.5592414899198986
0,0,0.40584956035875774
0,0,0.39374495838986073
1,0,0.49942811386112773
0,1,0.514943715777395
1,0,0.49981027316696697
0,0,0.49326109919159883
0,0,0.4089745548076716
0,1,0.5391790018541802
0,1,0.526129129280669
0,0,0.4312783750643056
0,0,0.3716868609754782
0,0,0.45217064720556904
0,0,0.29416620039663266
0,0,0.47765646727549255
0,0,0.4359095214184432
0,0,0.4219140154767398
1,0,0.4168984609418318
0,1,0.5037305707635766
0,0,0.3865014149920309
0,0,0.4441155639449018
0,0,0.4964604124070555
0,0,0.4969298708543344
1,1,0.6008068695628456
0,1,0.5150763002261167
0,1,0.5655548693662352
0,1,0.5946291628922031
0,0,0.48744979186829
0,1,0.5436296394024991
0,1,0.5467972431254464
0,0,0.450687839802729
0,0,0.44919425389342493
0,1,0.5145135510047212
0,0,0.3738174086532326
0,1,0.5118047944919472
0,1,0.5349159034484634
0,0,0.37534477307987074
0,0,0.49905918831869395
0,1,0.5266444117429521
0,0,0.4303379016453535
0,0,0.4860614522170538
0,0,0.3865214402503958
1,0,0.45127158604304896
1,1,0.500945403921885
0,0,0.4955976555792932
0,1,0.5043325266646757
0,0,0.39737773466818965
0,0,0.37701829765612893
1,1,0.6060193082099127
0,0,0.41608137951284585
0,0,0.4120707605705543
0,1,0.500415733721791
0,0,0.34901077483791126
1,0,0.4335295851999378
0,1,0.5357335215560619
0,0,0.41588190612238973
0,0,0.48956614450292585
0,0,0.41611020899785045
0,0,0.37713690726006505
0,0,0.4408349535657814
0,0,0.46937169339443274
0,0,0.3808130459370871
1,1,0.5306929807787728
0,1,0.5330714643460938
0,0,0.4555148962945965
0,0,0.33766797994081144
0,0,0.3725792313365783
0,1,0.5187863076821783
0,0,0.46429673226377915
0,1,0.5045804015829534
0,0,0.37295424599309035
0,0,0.4299803930463796
0,0,0.435613498807097
0,1,0.5177874921049169
0,1,0.549105269121102
0,1,0.5042406795861725
0,0,0.4172442935235969
1,1,0.5768461646574693
0,0,0.399211031891574
0,1,0.5238890060456967
0,1,0.5349431683383146
0,0,0.42586596454487025
0,0,0.4685170908406871
0,0,0.38584871142459554
1,0,0.38741532795061656
0,0,0.4255285326916612
0,0,0.32632218753826486
0,0,0.48713366449674006
0,0,0.49752038077503025
0,0,0.41924089332056413
0,0,0.3119157053314934
0,0,0.39332974583372105
0,0,0.44036192424223863
0,1,0.5196743723442145
0,1,0.5447333809735818
0,1,0.5269703175609605
0,0,0.43982283223736546
1,1,0.5323610436114562
0,1,0.5017122939853206
0,1,0.5512798639520062
0,1,0.5312575363075498
1,0,0.43087202470031033
0,1,0.516470529789592
0,1,0.5299905823464722
0,0,0.40099362823550705
0,1,0.5153164160872257
0,0,0.4574448696145025
0,0,0.3948476420510253
1,1,0.5512460439765706
0,1,0.5853492316981739
0,0,0.49816852365483777
0,0,0.4842519920732408
0,0,0.4238031592721012
0,0,0.46893940674666895
0,0,0.44406692929063196
0,0,0.41032760613927644
0,0,0.4670946634256212
1,1,0.5341063464299292
0,1,0.5062500231657981
0,0,0.3971280260106841
0,1,0.5195627157071099
0,1,0.5115624014220718
0,1,0.5454539869336799
0,1,0.5678855841471373
0,0,0.3742299097237472
0,0,0.4665183115349372
1,1,0.556582285801636
0,0,0.470285677786942
0,1,0.59013680668074
0,0,0.3019711151145025
1,0,0.48503777078544585
1,1,0.5122326188947959
0,1,0.5010563596297499
0,0,0.4599673138285197
0,0,0.45754774749408594
0,0,0.40164156132858503
0,1,0.519283347763285
0,1,0.5106643197784853
0,1,0.5657098118402558
0,0,0.4520190156298011
0,0,0.41865688749121077
0,0,0.4250318136368732
0,1,0.5757036852956622
0,1,0.5057363653060623
0,0,0.470332939364113
0,0,0.49303374111049614
0,0,0.45533554906221996
1,1,0.5257058586014498
0,0,0.4569050421385265
0,0,0.4198492523534418
0,1,0.5386846508090689
1,0,0.3541894015298918
0,0,0.4614556508364119
0,0,0.39974491195898215
0,0,0.39694444067855805
1,1,0.5410334862228643
0,1,0.5829144046089042
0,1,0.5373875994553842
1,1,0.6238186824453965
0,0,0.48735477466658417
0,0,0.48496091534494845
0,0,0.48772199280222894
0,0,0.4457426704622658
0,0,0.46956576396419103
1,0,0.3937965738091326
1,0,0.4983851922746053
0,1,0.5212216947123456
1,1,0.5606044401084618
0,1,0.5041882779599545
0,0,0.402896895522928
0,1,0.531249260383579
0,1,0.5169117132378964
0,0,0.39831558223127567
0,0,0.42965218020593454
0,1,0.5526121630681177
0,0,0.49187478510317134
1,1,0.5171988709531041
0,1,0.5206299050424784
0,1,0.5134171539202426
0,1,0.5459234817045323
0,1,0.5064791078105013
0,1,0.518013840181336
0,0,0.3658970658253049
0,1,0.5714956997931588
0,1,0.5377029589309036
0,1,0.5188096920508369
0,0,0.43412985254506764
0,0,0.46207645436791694
0,0,0.45459114187829786
0,0,0.48918474604536627
0,0,0.4709193908656417
0,1,0.5803592725976717
0,0,0.4384365596881635
0,0,0.44104525390515803
0,1,0.5207639626673161
0,1,0.5874310453892677
1,0,0.47095021182979985
0,1,0.5509533132848915
0,0,0.4819119677002325
0,1,0.5561055587267332
0,0,0.39956908615990344
0,0,0.48940389160824505
0,1,0.6143607485501724
1,1,0.5398313980506055
1,0,0.4700936197148406
0,0,0.3715405660236559
0,0,0.35569776143407594
0,0,0.47723052450859776
1,0,0.4998395635746028
0,1,0.5274791254049676
0,1,0.5484476350661667
0,0,0.42756922734519803
0,0,0.4448884384783851
0,0,0.4916007186240434
0,0,0.44618223918343847
1,0,0.47871484833317696
0,1,0.525429543933177
0,0,0.4832293148724488
0,0,0.4716981724633155
0,0,0.4859912866565038
0,0,0.36419669012437367
0,0,0.3680748456320164
0,1,0.5299947762630587
0,0,0.42907277045370434
1,0,0.4579695172638849
0,1,0.504399514859647
0,0,0.4628211155256079
0,1,0.5629491979261386
0,0,0.41276188568824407
0,0,0.4724353255386621
0,0,0.413073757594677
0,0,0.4736387911529147
0,0,0.4509524762730311
0,0,0.4448572843226768
0,0,0.4718064517012519
0,0,0.32868960262084146
0,1,0.5530047243781488
0,0,0.4518539864999161
0,1,0.5137140312463591
1,1,0.5376299659036092
0,0,0.471592938450071
0,0,0.35879864307356557
0,1,0.5142717688652255
0,0,0.4637295246288875
0,1,0.5214468689108112
0,1,0.5413521276397456
0,0,0.4498266427913728
0,1,0.5173747188177953
0,0,0.36292588185085883
0,0,0.3758558311686519
0,1,0.5556765863795039
1,0,0.45343553509351964
0,0,0.4219763146817119
0,0,0.4847813201178575
0,0,0.47851990979539594
0,0,0.3681096497375407
1,1,0.6189997184760019
0,0,0.40705778889947986
0,0,0.36221095939144665
0,1,0.5550388148728522
0,0,0.4391347634042992
0,1,0.5486795372617473
0,0,0.44300965852734614
0,1,0.517539135452375
1,1,0.5293082995544404
0,0,0.45410305048116256
1,0,0.4587103010730125
0,0,0.43426893320343235
0,0,0.3880706210462468
0,1,0.5428487168810107
0,0,0.4683688510018806
1,1,0.5186841515271022
0,0,0.4455852795088581
0,1,0.5560333690803538
0,1,0.5578762491529041
0,0,0.3734794504446849
0,0,0.41056260319499166
0,0,0.40287771771787395
1,1,0.5469987976948126
0,1,0.558089093103292
0,1,0.5461333237380722
1,0,0.4697992194398183
1,1,0.5492453932231167
0,1,0.5859039010167656
0,0,0.49411216486473547
0,0,0.4312768948638206
0,0,0.49029054901988006
0,0,0.4222208500052775
0,0,0.4496443380411994
0,1,0.5134666069569883
0,0,0.43491569857418844
0,0,0.47470552819767675
0,0,0.4809886267856081
0,0,0.44438165104500493
0,0,0.31369612608446235
0,0,0.4238322220492624
1,1,0.588512176941228
0,0,0.47070720769537033
0,0,0.33878095729060037
0,1,0.5312671327235019
0,0,0.46099880216558003
0,0,0.381064134022614
1,0,0.4622682201228921
0,0,0.4711787838899214
0,0,0.4377043898333619
0,0,0.4157485031025465
0,0,0.42231448116841236
0,0,0.4189740678564204
0,1,0.5196626556567328
0,0,0.40887581284326013
0,0,0.47509776062329145
0,0,0.46665353369294477
0,0,0.4407657670279581
0,0,0.46361007068757976
0,0,0.4906547717029197
0,0,0.49675963600951323
0,1,0.5026325804812153
0,0,0.4716637012213265
0,0,0.48269406835815365
0,0,0.4722333784996551
0,0,0.44932766003858204
1,0,0.35317712451113875
0,0,0.38956236777591563
0,0,0.45332213284579437
1,0,0.4825629962772313
0,0,0.3380761736428712
0,1,0.5343277590254631
0,0,0.4561845531176442
0,0,0.3571360758315856
0,0,0.4890904002451648
0,0,0.3632702155981219
0,0,0.4453122906607006
0,0,0.4712273371735276
0,0,0.41885948869449835
0,1,0.5070480444190306
0,0,0.4234950158160162
0,0,0.47045222680253074
0,0,0.39417523105102525
0,1,0.5671147543178919
0,1,0.5522491544685367
0,1,0.5004108616549655
0,0,0.44089844318520316
0,1,0.5387745010815793
0,0,0.4484240332842328
1,1,0.5835649897469022
0,0,0.4490123215503879
0,0,0.4952240072293347
0,0,0.3736925406301708
0,0,0.40135045381512285
0,0,0.37956439179881507
0,0,0.4385184432344
0,0,0.42831561038004823
0,0,0.4708097490342286
0,0,0.49731278441831006
0,1,0.5206261437727037
0,0,0.44950376266365893
0,0,0.4186276302282461
0,0,0.49700415475562254
0,1,0.5549409042595831
0,0,0.3592299079438949
0,0,0.40157917198332455
0,1,0.5750568214692708
0,0,0.3545658755398293
0,1,0.5235279319986964
0,0,0.3777758784857321
0,1,0.5904925506417777
0,1,0.529191123214769
0,0,0.32276005778608324
1,0,0.49350422802084976
0,0,0.4139359694637887
0,1,0.5942836065431956
0,1,0.5198715401899162
0,0,0.4626819896566612
0,1,0.553173301041435
0,0,0.4834294075216192
0,1,0.5396473199700258
0,0,0.45618913979066184
0,1,0.504017311397829
0,1,0.5051369943752734
0,0,0.4337067638891905
0,0,0.42537794424633973
0,0,0.33640749774612727
0,0,0.46226752427314116
0,0,0.3548766208208754
0,0,0.39808434231146334
0,0,0.4442657908727155
1,1,0.5148054921925975
0,0,0.47088616461481214
0,0,0.41375486477187734
0,1,0.5040692002688911
0,0,0.3905089510310228
0,1,0.5248086241510408
0,0,0.4250502109578854
0,0,0.4141167646860779
1,1,0.5494355170321811
1,0,0.4306541520892045
0,1,0.5537928990284994
0,1,0.5367893401504332
1,0,0.41759763658262566
0,0,0.49619936753760446
0,0,0.4897899708602791
0,0,0.4388427945906723
0,1,0.5395498331194806
0,0,0.3887377265239478
0,0,0.418478488821688
0,0,0.4487060726665757
1,1,0.5212356304746503
0,0,0.4813344130965384
0,0,0.33864777669864177
0,1,0.5552145858313839
0,0,0.44735402243550704
0,0,0.3869369536319764
0,0,0.48827358993899167
1,1,0.5490115779412537
1,1,0.5073454141662948
0,1,0.5170796611375648
0,0,0.39624821786946834
0,1,0.5911824924589142
0,0,0.441757126989742
0,0,0.47632523854205494
0,0,0.4369414609970142
0,0,0.4778226632412228
1,0,0.4712232697538019
0,0,0.423459296566112
0,0,0.41688303627545104
0,0,0.49730654004440056
0,0,0.4192227966741464
0,0,0.3771843202609855
0,0,0.31663605041612847
0,1,0.5853239816386444
0,1,0.5096161158787961
0,1,0.5571090193799907
0,1,0.5045046576849974
0,0,0.3571589363613051
1,1,0.6072550134254309
0,0,0.3693010917808482
0,0,0.4019807059580608
0,0,0.44845759128177504
0,0,0.4102513419672072
0,0,0.36338030055401227
0,0,0.46672336642592077
0,0,0.3955389252047114
0,0,0.49467885363461866
0,0,0.4774445734430639
0,0,0.4943054711198498
0,0,0.4087673773598808
0,1,0.5220725728966691
0,0,0.4857367462844263
0,1,0.5754457869295688
0,0,0.4162769108998388
0,1,0.5097035216828609
0,0,0.43305639518157185
1,1,0.5590198830304415
0,0,0.4507298344354037
0,0,0.3886430485383445
0,0,0.42511700376981776
0,0,0.47398803613773993
0,0,0.42326992780534517
0,0,0.42702684921793854
1,1,0.5820375254700562
0,0,0.4517357430158735
1,0,0.4735230051782726
0,0,0.40561169740535846
0,0,0.3771347931505117
0,1,0.5565430387846292
1,1,0.5278370694703587
1,1,0.5163644003054477
1,0,0.37860631367915026
0,1,0.5453360388457611
0,1,0.5001648980928288
0,0,0.4587429983718569
0,0,0.3437307659732317
1,0,0.45863184298493026
1,0,0.4189056260254712
0,0,0.47135946019387487
0,0,0.4414789436932813
0,0,0.49955081759624237
1,0,0.47014270311367395
0,0,0.4955579896636031
0,0,0.3830783811119588
0,0,0.39871895459994144
0,1,0.5393853849703325
0,0,0.41254513176162955
0,0,0.40994726378247726
0,0,0.49469178370048317
0,0,0.4176045936806242
0,0,0.425766556817609
0,0,0.49094266247633817
0,1,0.5482025094898413
0,0,0.33560306770029485
0,0,0.3913635073574436
1,1,0.5429996055734759
0,0,0.4706520200816874
0,0,0.409945935419736
0,0,0.48138542790892136
1,0,0.46225438550489306
0,1,0.5006405702402309
0,0,0.4057878340980986
0,0,0.3641860985092037
0,0,0.39884441858256964
0,0,0.43904441315323234
0,0,0.4552744826238881
0,0,0.4845311016767991
0,0,0.4488682596690106
0,0,0.4144183133224103
0,0,0.3999525132753948
0,0,0.32812012944552926
0,0,0.45409189929824473
0,1,0.5565215511263454
0,1,0.594583962255608
0,0,0.37290101535440207
1,0,0.35501546998435424
0,0,0.45372110856680725
0,0,0.4918172090638406
0,0,0.4754907310776693
0,1,0.5336030111698006
0,0,0.38709948821230455
0,0,0.46516185415687017
0,0,0.4943506123942566
0,0,0.4453284278369181
0,1,0.5076739697832522
0,0,0.45448327319909787
0,0,0.4856543137299304
0,1,0.5006059937101907
0,0,0.49732397803623685
0,1,0.5269435200074055
1,0,0.40336216104051464
0,0,0.4990483962712035
0,0,0.4642495614798047
1,1,0.5628186523234598
0,0,0.47578874722335784
0,1,0.5254903760719207
0,1,0.5935323681577614
0,0,0.4756405778924794
0,0,0.3963051291538796
1,0,0.4877800194703621
1,0,0.44168688244494064
0,0,0.4887520160634073
0,0,0.4721152355405256
0,0,0.35781005858320486
0,1,0.5039411568724104
0,0,0.4712098865671915
0,1,0.5475967602802868
0,0,0.4875116051796296
0,0,0.46015423860644417
0,1,0.5034713719230326
0,0,0.3189123450613631
0,0,0.4365744901952518
0,0,0.46177268928443277
0,0,0.4638071913328046
0,1,0.5330733522663583
0,0,0.42478955445843597
0,0,0.42295933090682275
1,0,0.45190376828448037
0,1,0.5467452616967349
0,0,0.42609923516094456
0,0,0.4745524648012034
0,0,0.44474061884983224
0,1,0.5325703726852329
0,0,0.4973079212331377
0,0,0.4540740509431508
1,0,0.47889427178468535
0,0,0.48971514014955775
0,0,0.4077848434461276
0,0,0.4925105725656072
0,0,0.48049778279323396
0,0,0.44064640110703435
0,1,0.5378137691447245
0,1,0.5451113357103555
0,0,0.4481488324910803
0,0,0.48488327807561227
0,0,0.3572538228330309
0,1,0.5091936517237312
1,1,0.5742506005745314
0,1,0.5255414888383555
0,1,0.5485940216909159
0,0,0.4041058395358876
0,0,0.4342462651820779
0,0,0.39388030882889985
0,0,0.38979752322128897
0,0,0.4619553914389087
0,0,0.4183322062563204
0,0,0.39441181722078594
0,0,0.48661556457215377
0,0,0.49935446736407146
0,0,0.42190493659346473
0,0,0.428924967428739
0,1,0.5558739759543311
0,0,0.3844156659865006
0,1,0.5051051492097184
0,0,0.48393593962340875
0,0,0.4794778001154358
0,0,0.47582048161372326
0,0,0.47847022787057725
1,0,0.4746949570188038
0,0,0.34692068139425936
0,0,0.4239263097799219
0,0,0.4969103735616347
0,0,0.3833162106304826
0,0,0.4725222379173812
0,1,0.5188120978480847
0,0,0.3717166884879839
0,0,0.33520318477974476
0,1,0.5184459638575741
0,0,0.4264952687091176
0,1,0.51864795382546
0,0,0.47735074231666297
0,0,0.4889724430821858
0,0,0.4786253653577155
0,0,0.39995025023551306
0,1,0.5264126262528526
0,0,0.4820415584657298
0,1,0.5321662291300931
0,1,0.5652283073520072
0,0,0.48526955982499254
0,0,0.43483974920472734
1,0,0.4994049184969278
0,1,0.5168018766136013
0,0,0.42919846661301086
0,1,0.5168305748323472
0,0,0.48431473260159025
0,1,0.5367246649994416
0,0,0.3889133898169402
0,0,0.48770421843228084
0,0,0.4059241801288551
0,1,0.5099989408296893
1,0,0.3984394481215547
0,0,0.4078458808486581
0,0,0.459035699464007
0,0,0.4358763782088724
0,0,0.4514283181019055
1,0,0.45000459919244656
0,1,0.5245394461828103
0,1,0.5346394406449538
0,0,0.38061498596389254
0,1,0.5393440281892022
0,0,0.3389624238503171
0,1,0.5272272371687083
0,0,0.4230407778159535
0,1,0.5043716679651209
0,0,0.48004742906805103
0,0,0.4368292137718695
0,0,0.37778559031857806
0,0,0.41204805175354814
0,0,0.4586242399581413
0,0,0.47314639197422437
0,0,0.47267255462408564
0,0,0.3767399906430521
0,0,0.4649002454826612
1,1,0.5774810932233726
0,0,0.4203640965131049
0,0,0.4756583354757209
0,0,0.45813220812876776
0,0,0.492840779507135
0,0,0.4603802267519338
0,0,0.47633578666358306
0,0,0.40979689111827455
0,0,0.4136048775187704
1,1,0.5351898671738327
0,0,0.4443633042797203
0,0,0.4297979294208446
0,0,0.4979579395311797
0,1,0.5251446248268924
0,1,0.526431760709186
0,0,0.4989394645603041
0,1,0.5132834923574878
0,0,0.3916559826557273
0,0,0.4134484480912506
0,1,0.5328811670214172
0,0,0.38985281722870657
0,0,0.3712634547007184
0,0,0.433843836223786
0,0,0.37082849233336723
0,1,0.6004611688642069
1,1,0.5664836490796606
0,0,0.47507799974975434
0,0,0.42507414653773934
1,0,0.4682772584466821
0,0,0.47924588971023946
0,0,0.4453994438636329
0,0,0.3137656171945111
0,1,0.5366482413835345
1,1,0.5480832565699789
0,1,0.5418018677136183
0,0,0.41865986808202466
0,0,0.43172620465643213
0,0,0.48042133576360174
0,0,0.4557883604435828
0,0,0.3914847615050483
0,0,0.3045918845033155
0,0,0.4737195598662789
0,0,0.46426227253528934
0,1,0.5504715410927945
0,0,0.4894590967122211
0,1,0.5431676370689601
0,0,0.39510469109816365
0,0,0.4443629375390063
0,1,0.55061001806039
1,1,0.5563069340966066
0,0,0.3754977121998101
0,1,0.5199444803741133
0,0,0.4901442094139107
0,0,0.46500371229119347
0,0,0.4128430289777097
0,0,0.4550914200014433
0,0,0.469603184478834
0,1,0.529012293639888
0,1,0.5558538939706363
0,0,0.4508587223060634
0,0,0.398798978919926
0,1,0.5416966451545278
0,1,0.5274098837671979
0,0,0.4827154008813451
0,0,0.45465397546173286
0,0,0.3062555759105412
0,0,0.3356456716881631
0,0,0.35129252972109654
0,1,0.545671768090352
1,1,0.5490681263563786
0,0,0.42736194021050844
0,0,0.4543012163183318
0,0,0.33597686916153935
0,1,0.5347441586203077
0,0,0.41113002722196657
0,1,0.5225383524247647
0,1,0.5704341948867553
0,0,0.4257363423661557
0,0,0.42479173823591054
0,0,0.3583849484775973
0,1,0.5911452426463071
0,0,0.4172932856737584
0,1,0.5249307916150127
0,0,0.4479166825915845
0,0,0.36349676097857697
0,0,0.38162941827671615
0,0,0.36868153380573526
0,1,0.5160265451025043
0,1,0.5609603875186085
0,0,0.44850116545938185
1,0,0.4130058353858023
0,0,0.476516085646039
1,0,0.4237465233873511
0,0,0.4453968270258657
0,0,0.4547026454118438
0,1,0.5673604910127523
0,0,0.4106248292696837
1,1,0.5155080984243888
1,1,0.552574892113206
0,0,0.434288267590144
0,0,0.48882803887567944
0,0,0.4856398757063925
0,0,0.438857480997508
1,0,0.4828707293919516
0,1,0.549478362617842
0,0,0.3981366824384236
0,0,0.4958720938777852
0,0,0.4811701975121911
0,0,0.47184362499383586
1,1,0.5312734212500896
0,0,0.38688390542058054
0,0,0.41985034367707363
0,0,0.41671243759935805
0,0,0.4515934513444239
0,1,0.611565549709451
0,0,0.4696535411740551
0,0,0.44852882476208683
0,1,0.5334042412290352
0,0,0.35297142484184973
0,0,0.3539991048304218
0,0,0.4517750633158862
0,1,0.534661472197861
0,0,0.31499010735264565
0,0,0.4034706339250661
0,0,0.48658148482408814
0,1,0.5310167514703181
0,1,0.5813982261785268
0,1,0.5045379825768476
0,1,0.5167736506785671
0,0,0.49690040007689085
0,1,0.5763645295712445
0,0,0.4725842072022624
0,0,0.46149642763230586
0,1,0.535817627529786
0,0,0.4643687971809779
0,0,0.4392467231025482
0,0,0.4171025796979425
1,1,0.5375299988767339
1,0,0.43234695138132473
0,0,0.4096412848423921
0,0,0.3628553367563406
0,1,0.5577718467327847
0,0,0.4147003477683786
0,0,0.45759756120382894
1,0,0.48889262424365076
0,0,0.30799042813067606
0,0,0.4190369518733815
1,0,0.377290922229539
0,1,0.5290626379044433
1,1,0.5747300712643916
0,0,0.3714984561989446
0,0,0.4675539142538618
0,0,0.35467547287883705
0,1,0.5125138107366353
0,0,0.43864010487586524
0,0,0.4500345126709053
0,0,0.3406535368836173
0,0,0.44101128337507134
0,1,0.512143751967025
1,1,0.5234865499697308
0,0,0.4799964025737081
0,1,0.528499891752892
0,1,0.5240456908083213
0,1,0.5752802048737015
0,0,0.4619761680650151
0,1,0.5019186943786833
0,0,0.422114546098383
0,1,0.564472879400311
0,0,0.37838438042469585
0,0,0.454929792802673
0,0,0.3488254331448188
0,0,0.37687750748603555
0,0,0.4241902466156065
0,0,0.42920968949386595
0,0,0.4497137801729373
0,0,0.49263969135849
1,1,0.5234654103159556
0,0,0.4119102102614863
0,1,0.519300215229374
0,0,0.443659265721047
0,0,0.4528019889606042
0,0,0.45863411223527606
0,0,0.4265342851657279
1,0,0.4747597583784243
0,0,0.3596252556192917
0,0,0.4990189180905744
0,0,0.49005451337438244
0,0,0.4687249742890744
1,1,0.5029052123515235
0,0,0.49755027937302043
0,0,0.44063471582237157
1,0,0.3802724870180152
1,0,0.46659961308265274
0,0,0.4810370821
0,0,0.3909847627928647
1,1,0.5498854585214442
0,1,0.5119385029721021
0,1,0.5437277513974764
0,0,0.46430775189969614
0,1,0.5045899589214724
0,0,0.37675489238294996
0,0,0.3863285685284115
0,0,0.4833924720378376
0,0,0.3918424820955029
0,1,0.5716136731453979
0,0,0.4492737007677413
0,0,0.3389802982273039
0,1,0.5451006025729414
0,0,0.4456453493979305
0,1,0.5175994518354312
0,0,0.4930290970144573
0,0,0.45286292457243765
0,0,0.4350517979150881
0,0,0.38461613406518647
0,1,0.5095271273438208
0,1,0.5489351219488647
0,1,0.5402825083987366
0,0,0.40095052619860533
1,1,0.5293440759417325
0,1,0.5094683871540573
1,1,0.5803786294353457
0,0,0.4871462309049577
0,1,0.5338209527529675
0,1,0.5105383153926316
0,0,0.4861445465597756
1,0,0.46733602026837034
1,0,0.4815926508786784
0,0,0.4291488187201229
0,1,0.5092817777780331
0,1,0.5053314231818186
0,1,0.5343017300275976
0,1,0.5793901251802825
0,0,0.4903171614720452
0,1,0.5657971516555187
0,1,0.5291412744641726
0,0,0.39198443295784685
0,0,0.43990432199802454
0,1,0.5327141185025529
0,0,0.40627554434510876
0,0,0.44219504082658195
0,1,0.5541147760177756
1,0,0.4790028432398224
0,0,0.3942831694115487
0,0,0.4620542618192316
1,0,0.39343610600695583
0,0,0.4532555853153733
1,1,0.5189668285859608
0,0,0.487234840631297
0,0,0.3925916118810035
0,0,0.43783338315477033
0,0,0.44842303846495746
0,1,0.515833536580674
0,0,0.49212523471839115
0,1,0.6042501999038037
0,0,0.4465172283608014
0,0,0.45701129563658677
0,0,0.42238255214301534
0,1,0.5404953514433207
1,0,0.48762080296817906
0,0,0.37054838064032736
0,1,0.5240864863476358
0,1,0.5344645745367423
0,1,0.52940307774333
0,0,0.49969335831989037
0,0,0.3914890619326895
0,0,0.4349884454641959
0,0,0.42481767931074016
0,0,0.4503404669556494
0,0,0.48381948708230993
0,0,0.42293367421969386
0,0,0.45871162485153405
0,0,0.3810415176783654
0,0,0.4945425306573184
0,1,0.5396278928319316
0,0,0.42291605044222896
1,1,0.599145344034022
0,0,0.4524112800197333
0,1,0.5434937342165892
0,0,0.4434216621641994
0,1,0.5395267054208709
0,1,0.5042775245866558
0,0,0.44305501943312964
0,0,0.41742268475198374
0,0,0.45218513913293557
0,0,0.34864387328248825
1,0,0.49131239698329204
0,0,0.3944526946480566
0,0,0.3697972551721327
1,0,0.328863612858778
0,1,0.5192918931605456
0,0,0.451765343011947
0,0,0.4420384109494926
0,0,0.4099831051941184
0,1,0.5869185819190078
0,0,0.44860993260840465
0,0,0.45270739715933667
0,0,0.4226684232676603
0,1,0.5036458265994369
0,0,0.3968959988468721
0,0,0.4681332519696379
0,1,0.5218760225599545
0,0,0.4210002334819798
0,0,0.4223515715329855
0,0,0.3957088814723725
0,0,0.4514536041501849
0,0,0.4249685056762651
0,1,0.5293707047472739
0,0,0.43855197994001577
0,0,0.37060169855565683
0,0,0.4874172230852991
0,0,0.3545712626547768
0,0,0.3550538287390816
0,0,0.4676620303783426
0,1,0.523651969766047
0,0,0.4818514492096187
0,0,0.45231522475062147
0,0,0.46083490677208827
1,1,0.5019479986639761
0,1,0.5210143458650299
0,1,0.5634808497803748
0,0,0.42133108013877046
0,0,0.40386742632995776
0,1,0.5037382962171033
0,0,0.3693337253258617
0,0,0.48454897951028725
0,1,0.5096368310472608
0,0,0.37703226744375207
0,0,0.41947966081000926
1,0,0.4708981452113173
0,0,0.44597235706278054
0,1,0.5086706638093603
0,0,0.44248059744607715
0,0,0.4284100356483494
0,1,0.5338807718370605
0,0,0.4733593550424993
0,0,0.41826660076581723
0,1,0.5313487506948307
1,0,0.44903412432654954
0,1,0.5170266950677113
0,0,0.37506522239775686
0,0,0.42731392936182216
0,0,0.35939220225615215
0,0,0.41580832625043823
0,0,0.36589078798222663
0,0,0.3866675578364677
0,0,0.41997417730528364
0,0,0.3658183212601802
0,1,0.5551070444896259
1,0,0.4981181711086326
0,0,0.4112302433640109
0,1,0.5540896640213707
0,0,0.48351335830852726
0,0,0.38418799964064404
0,0,0.38684544944655463
0,0,0.44455161222532447
0,0,0.42308050336074904
0,0,0.4042281114264003
0,0,0.391210561690879
0,1,0.503901950249904
1,1,0.5091370669467116
0,1,0.5108436298134724
0,0,0.4393703781315542
0,1,0.5772684514348608
0,0,0.46193016604981485
0,0,0.48968115107776733
0,0,0.36863337822533515
0,0,0.49215631558334655
0,0,0.44541139955935705
1,1,0.5534017598559676
0,0,0.483706281262284
0,1,0.5084612330596903
0,0,0.4773251792138021
0,0,0.44401865215785874
0,1,0.5453915374002611
0,0,0.47264878870078925
0,1,0.5239940411896041
1,1,0.5768109300726503
0,0,0.4830958794287439
0,0,0.4748556753231679
0,0,0.4548604837608604
0,1,0.5406934086866514
0,0,0.4996254362745168
0,0,0.46282222102239273
1,0,0.45218612205784764
0,0,0.41568373958045335
0,1,0.5208604667212573
0,0,0.38985648772926224
0,1,0.5251930097584682
0,0,0.3452009587194214
0,0,0.44192057581308314
0,0,0.45315649935025315
0,1,0.5164333862757592
0,0,0.402871656531904
0,1,0.5831548118670856
0,1,0.5528975726336974
1,0,0.49956740318106685
0,1,0.5481211154296345
1,1,0.5235849670867657
0,0,0.48375298877856865
0,1,0.5918318683977425
0,0,0.42040312294646576
0,1,0.5342886352126914
0,0,0.45461876294548254
0,1,0.535543929187075
0,0,0.41072991173541573
1,0,0.48438569671860565
0,0,0.40006071980556057
0,1,0.5006725008019621
0,1,0.533149564865885
0,0,0.4021113981848755
0,0,0.40636479871909637
0,0,0.3723063161314359
0,0,0.4429227950787429
0,0,0.46908967946713126
0,1,0.5386365890979439
1,0,0.42579092448840056
0,0,0.4610934114756028
0,0,0.3936251817274916
1,1,0.5503711581770375
0,0,0.3880076861001486
0,0,0.49836111750791595
0,0,0.375158491855512
0,0,0.36571166378498404
0,1,0.5254640397676539
0,0,0.4968624825363966
0,0,0.4912513253639291
0,0,0.49828207984641437
0,0,0.4673554407787936
0,1,0.5198404528102553
0,1,0.514506492807929
0,0,0.4096691509193221
1,0,0.483476520032127
0,0,0.41803394199038857
0,1,0.5015915009617139
0,0,0.4458051305310011
0,0,0.42833268971846755
0,0,0.34425171349001715
0,0,0.38611575837579415
0,0,0.4716653007871288
0,0,0.4574333279604453
0,1,0.6255842774834762
1,0,0.47582168018044285
0,1,0.5239879571506219
0,0,0.40902851246531763
0,0,0.4939934950143272
0,1,0.5533467330254777
0,0,0.3958030211880328
1,1,0.5798582541450653
0,0,0.41227612680649395
0,0,0.384202050732086
0,0,0.4167209737490737
0,0,0.41406659595669204
1,0,0.4913542557926921
0,0,0.4431499123587505
0,0,0.4924384655727076
0,0,0.4583685446022931
0,0,0.3793038000519337
0,1,0.5144670842817155
0,0,0.47196170850770774
0,0,0.35477170590353624
0,0,0.45877672774895495
0,1,0.563482060384408
1,0,0.4819962953953997
0,0,0.30679815630712726
1,1,0.5644836115777656
1,1,0.5411716474636274
0,1,0.5028242770014044
0,0,0.48791300471388466
0,0,0.40373396702521797
0,0,0.41822057269528057
0,0,0.364994060397167
0,0,0.46352651086210905
0,0,0.4976414609417902
0,1,0.5312513245426994
1,1,0.5350762979688312
0,0,0.4386975409797858
0,0,0.36344412761293254
0,0,0.36188136628851403
0,0,0.43529753462682935
0,0,0.4753064085524376
0,1,0.5002641411649037
0,1,0.5290527637974765
1,1,0.5210581576998622
0,0,0.42447824981776483
0,0,0.3576066601808616
0,0,0.4609451967586974
1,0,0.41914331075148553
0,0,0.4518896396805326
0,0,0.4447522308998173
0,0,0.4762814949057772
0,0,0.4994255630189622
0,0,0.4071128953144559
0,0,0.49709482502885854
0,1,0.5227324184501377
1,0,0.4344443894366119
0,0,0.4691548361258077
0,0,0.33507239654494747
0,1,0.5252054476838054
0,1,0.5505190459136845
0,0,0.49082211557956135
0,0,0.3445665928276116
1,1,0.5061180444268577
0,1,0.5228656353749598
1,1,0.5575357494760943
0,0,0.4075337895039577
0,0,0.3778295966698147
0,0,0.4464711548837906
0,0,0.4109687942612119
0,0,0.38394120684991573
0,0,0.3850708129708116
0,0,0.39564969484624485
0,1,0.5056009001648721
0,1,0.5028617176789848
0,0,0.3738849071773149
0,0,0.47271246409775103
0,0,0.35822133376854637
0,0,0.3568394409832484
0,1,0.5078302429326936
0,0,0.4886300133673013
0,0,0.3614222631718166
0,0,0.404444870398017
0,0,0.4310216242040444
0,0,0.47072921747377805
0,0,0.4577853792748659
0,1,0.5517264534120214
0,0,0.46224030752052436
0,0,0.3833956360375389
0,1,0.5386526066143665
0,0,0.36077003619473175
0,0,0.4516961799756297
0,0,0.4063296727874166
0,0,0.4880074194704953
0,1,0.5426700052814735
0,1,0.5123359555105831
0,1,0.5078100372867503
1,1,0.5646793538128354
0,0,0.39250548967648
0,0,0.4824400289751807
0,0,0.38889687254224753
1,1,0.58455761642899
0,1,0.5348202142745037
0,1,0.5008737820053917
0,0,0.4207429587552277
0,1,0.511504527047093
0,0,0.4161587500306238
0,0,0.4841975079814577
1,1,0.5277400051696044
0,0,0.4265520222507099
1,0,0.43872204728973363
0,0,0.4362298586532202
0,1,0.5050206058425146
0,1,0.5036627911124885
0,0,0.4599526127063803
0,1,0.5402904039733036
0,0,0.41125922744624077
0,0,0.46319044721214303
0,0,0.44991034170108923
0,0,0.4309165677816549
1,1,0.5418089588189056
0,0,0.3435446225185521
0,0,0.3796343825833432
0,1,0.5694231070127002
0,0,0.3451767077129405
1,0,0.4462436981406073
0,0,0.36599695130316057
0,0,0.4297330872504334
0,1,0.5280008697552868
0,0,0.4742370803719858
0,1,0.5343464901433503
0,1,0.5218365618142752
0,0,0.4601546229375473
0,0,0.44803587486351115
0,0,0.40295497782821693
0,0,0.47661619323209536
0,0,0.4892878695591222
0,1,0.5664353561902509
1,0,0.359890515119321
0,0,0.3856985298194128
0,0,0.42970674152103
0,0,0.4131107572812783
0,0,0.4511709433908531
0,1,0.5279607377687754
0,0,0.42920839105846903
0,1,0.5005306269156305
0,0,0.4157185947033223
0,0,0.4114907510414886
1,0,0.4437975376654866
0,0,0.4767183884673651
1,0,0.4250788361932766
0,0,0.43619935911956204
1,1,0.5199201499720162
0,1,0.5011444406095795
0,0,0.4812740874080916
0,0,0.36934915603743745
0,1,0.5039938662025426
0,0,0.48985536311044536
0,0,0.3958524039550097
0,0,0.4018133455642981
0,0,0.44282462877940354
0,1,0.5186622525859463
1,1,0.5597473742745587
0,0,0.4532859605343465
0,0,0.48747824553066155
1,1,0.5067386598969381
0,1,0.5107389944220156
0,1,0.567040519540273
0,1,0.5096787242472162
0,0,0.46316355721313485
0,1,0.5639888505083271
0,0,0.36326701969937064
0,0,0.4019280394186655
1,0,0.3824204786357867
0,0,0.4918651665031541
0,0,0.3978066131795693
0,0,0.4720982403627953
0,0,0.4877193231034434
0,0,0.48119520019996587
0,0,0.3807423271157824
0,0,0.43793299350603865
0,0,0.4636897054592055
0,0,0.47481848048993186
0,0,0.4682498113059585
0,0,0.4183652300753141
0,0,0.36549142963971243
0,0,0.35607647230123307
0,0,0.40406542184790273
0,0,0.4204259577512643
0,1,0.5547332652521153
0,0,0.462188995163819
0,1,0.50623196220462
1,1,0.5143538052296006
0,1,0.5129480556369532
0,0,0.40816454028077886
0,0,0.37488210823264134
0,0,0.4723444077061987
0,0,0.455063618533006
0,0,0.40648540049484355
0,0,0.4242971926292267
0,0,0.47297039704091276
0,1,0.5144008245615583
0,0,0.49383514168116
0,0,0.46243953362198886
0,0,0.31445432272554896
0,1,0.5324516442139181
0,0,0.4321230352823239
0,0,0.450409807322898
0,0,0.45303025721321427
0,1,0.508252774148537
0,0,0.49991638365750296
0,0,0.4316539288357001
0,0,0.45592703416000124
1,0,0.48324419701705634
0,1,0.5339535467601081
0,1,0.5003223477388549
0,0,0.41099617899352475
0,1,0.5020958351844399
0,0,0.36911344625754927
0,0,0.4754374940798659
0,0,0.3561952843466071
0,0,0.4242434582307459
0,0,0.4530063834135335
0,0,0.47056604203810826
0,0,0.38415216892999027
0,0,0.37628611989414423
0,1,0.5958401745912764
0,0,0.4966055800085296
0,1,0.5263710978083902
0,1,0.5512879486121843
0,0,0.4249627436792786
0,0,0.40356376723106263
0,0,0.46040001143280057
0,1,0.5170252353139326
0,1,0.5045925675327468
0,0,0.45552696652750396
0,0,0.3289843570532204
0,1,0.5493019642770426
0,0,0.3627882910601587
0,1,0.5011361119011822
0,0,0.45520475496920604
0,0,0.47067682147233186
0,1,0.591814484845522
0,0,0.43539515958250974
0,1,0.5287240707796965
0,1,0.5581236556343875
0,1,0.5564078651048507
0,0,0.49671500012057346
0,0,0.42945754280948434
0,0,0.48388530779277145
0,1,0.5194130802897322
0,1,0.5259472984428541
0,0,0.47637850223838824
0,0,0.40198671494828225
0,0,0.43522090757328813
0,0,0.4811750592070173
1,0,0.41771965892882845
0,0,0.37872434420783685
0,1,0.5502576422196468
0,0,0.456180259633324
1,0,0.4392589814295137
0,0,0.4595487151738668
0,0,0.471978577893448
0,0,0.4484805607480437
0,0,0.4829409582997642
0,0,0.48569110526398807
0,1,0.5432577552642633
1,1,0.529220618879103
0,0,0.4494586059814153
1,0,0.45843120413531074
0,0,0.41563537270391293
0,1,0.5463086496286144
0,0,0.46031154199326996
0,1,0.5446307964521881
0,1,0.5196951438292625
0,0,0.40269849248259987
0,1,0.5460806093597991
0,0,0.4661401470259667
0,0,0.48741587155962984
0,1,0.5506587875273479
0,1,0.5440503365852088
0,0,0.43335245620485735
0,0,0.4905846289982385
0,0,0.4998781275308161
0,0,0.4486613367447593
0,0,0.4040047245000652
0,0,0.4250053556039021
0,0,0.4390993906187671
0,0,0.4096725525253463
1,1,0.5121789252013444
0,0,0.4753787384916938
0,0,0.476905849724233
0,0,0.40163809797041083
0,0,0.49794360810179583
0,0,0.4453195738455693
0,0,0.4566280975404351
0,0,0.4251396479869949
0,0,0.4037748445054373
0,1,0.5422244466959437
0,0,0.41793280465617044
1,0,0.45742222573597474
0,0,0.3814551185429519
0,0,0.42465125755768535
0,1,0.5211684284937137
0,1,0.5400383559737034
0,1,0.5321421839611586
0,1,0.5590094049397465
0,0,0.4682582300778327
0,1,0.5383586987167345
0,0,0.4994324562918983
0,0,0.3761456922106152
0,0,0.3896257742411226
0,0,0.3984810470473753
0,0,0.4689487925653937
0,0,0.44069285157384835
0,0,0.37474144791660363
0,0,0.40930509913243035
0,0,0.4022864548537659
0,1,0.5148125964813696
1,0,0.38377187964400233
1,1,0.5097290257285794
0,1,0.5134586887795147
0,0,0.3900664063307008
0,0,0.4994856087250581
0,0,0.44977392430043117
1,0,0.452844825191076
0,1,0.5857528255750892
0,0,0.3864560355404894
0,0,0.46683725297569845
0,1,0.5188531608690429
0,0,0.4768462524276438
0,0,0.3608946720767748
0,0,0.4703487290105916
0,0,0.4735304905207138
0,1,0.5158674299147945
0,0,0.42927186033543807
0,0,0.3428951444987111
0,0,0.4186388887325706
0,0,0.33794736053908475
0,0,0.45074924553913404
0,0,0.42383185407183305
0,0,0.3673240638796249
0,0,0.3121641548540525
0,0,0.46412807658869953
0,0,0.407746295824565
0,0,0.48956157985757043
0,0,0.4722043434379485
0,0,0.43673068557075423
0,0,0.4400325339586855
0,1,0.554744727060051
0,0,0.447751312447165
1,1,0.5706427262002584
0,0,0.4165786868842317
0,1,0.541553135506304
0,0,0.39242516482603224
0,0,0.3897705469927317
0,0,0.4534750143645421
0,1,0.5989333537787835
0,0,0.432453823850004
0,0,0.3744868820020826
0,0,0.46052543102570276
0,0,0.4533129391904295
0,0,0.44624097041142213
0,0,0.4646379831464017
0,0,0.3800045872633689
0,0,0.42007198131122897
0,0,0.33464378044268195
0,1,0.5170242870720704
0,0,0.4138341322483337
0,0,0.2818684142825345
0,0,0.3851183015935027
0,0,0.48122263745656346
0,0,0.4845354229673186
0,1,0.5496816593333147
0,1,0.5306817787473933
0,0,0.39728137904621347
1,1,0.5286845212781394
0,1,0.5002203020809382
0,0,0.3893090044763023
0,0,0.46519634045392616
1,0,0.4474401153963481
0,0,0.45016071099831484
0,0,0.41778634579117757
0,1,0.5321161615378874
0,0,0.47686748869198214
1,0,0.40942448058309266
1,0,0.4949712664659598
0,0,0.4426719757205626
0,0,0.4759581627879305
0,1,0.5065836036974587
0,0,0.4341775678583599
1,0,0.3722117945307759
0,0,0.4157316880267342
0,0,0.43017823875529465
0,0,0.4329421911324804
0,0,0.4024867196288724
0,1,0.5538858319777632
0,1,0.5081496616349752
0,0,0.44623519908360154
0,0,0.43959209575528907
0,0,0.4549769159957531
0,0,0.39352560389635355
0,0,0.45360495318559574
1,1,0.5203538044472485
0,0,0.4579801629069419
0,0,0.42255986182988314
0,0,0.4152066948661575
0,0,0.35315226510097447
0,0,0.4209502993310861
0,1,0.5545859035763181
0,0,0.4166283327201325
0,0,0.44187482507532094
0,0,0.38946431929485925
0,0,0.39286757890901414
0,0,0.4201983379182723
1,0,0.47488969237356043
0,0,0.3904733704310772
0,0,0.44600038643929124
0,0,0.4082541169100356
1,1,0.543030784863149
0,0,0.480852400320936
0,0,0.46397216490798526
1,0,0.4686161716853903
0,0,0.42659170064788
0,0,0.4615978221912957
0,1,0.5827407708386436
0,1,0.5303516325007397
0,0,0.44561521393158415
0,1,0.5109968962652751
0,0,0.4784307050590717
0,0,0.38260338562409785
0,1,0.5286269559314967
0,0,0.44313211034182776
0,1,0.5246631605260679
0,0,0.42692110845662673
0,0,0.41892035375605574
0,0,0.388439691065757
0,0,0.4447623690251429
0,0,0.47036445695308143
1,0,0.4913062145744355
0,0,0.4400171787478609
0,0,0.4757351393833107
0,1,0.5090643546908558
0,0,0.44750782202587014
0,0,0.37842159349149207
0,0,0.42117859229213583
0,0,0.3770182493421001
0,1,0.5479208712477992
0,0,0.4092372487990519
1,0,0.45073433845260086
0,0,0.4427801845111694
0,1,0.5931737140304022
0,0,0.4085722120582646
0,0,0.4680094712484441
0,0,0.47272482120888865
0,0,0.48028127417657607
0,0,0.3907817316782922
0,1,0.5396383293414254
0,1,0.5809148969946445
0,0,0.46552856469272436
0,0,0.3860697941849333
0,0,0.4759099461379337
0,0,0.4571847858281232
1,0,0.3883552623020499
0,0,0.3829951332676126
0,0,0.34464895100480264
0,0,0.3018723090518479
0,0,0.37998007121036914
0,0,0.33521144579908835
0,0,0.495343051935837
0,0,0.35005693600429794
0,0,0.49526589815641325
0,0,0.37018931620000556
0,1,0.5112970060096993
0,0,0.44549781683111084
0,0,0.4384408618808052
0,1,0.5076799929009915
0,0,0.41708919474771533
0,1,0.6040395426313789
0,0,0.45227098703942437
0,0,0.4670702909260459
0,1,0.5169112338286214
0,1,0.5500474183574664
0,0,0.4110657041907074
0,0,0.42423849092760446
1,0,0.4483162282419728
0,0,0.42767803309509766
0,1,0.5250393249128795
0,1,0.5332284073393688
0,0,0.45957377668160426
0,1,0.5037919341361854
0,0,0.4100534276816884
0,0,0.4083217910839615
1,0,0.49698456699934485
1,0,0.44161908554204166
0,0,0.46127570145224234
0,0,0.4918030022774913
0,0,0.44426911418093135
0,1,0.5913230848407244
0,1,0.5206507403124556
0,1,0.5198358459914081
0,0,0.32182200409772543
0,1,0.5417530112212462
0,0,0.44144620384271677
0,0,0.3581869561335855
0,1,0.5152760468968451
1,0,0.4953585393620463
0,0,0.46392922604544806
0,0,0.46611586193870314
0,0,0.3859570651678038
0,0,0.4633155599984379
0,0,0.4944542493857065
0,0,0.42670708970388654
0,0,0.481391482694981
0,1,0.5424145697978571
0,0,0.42220163413175704
0,0,0.3517386837541836
0,0,0.4431897405308278
0,0,0.4102807220531898
0,0,0.33623998302815017
0,0,0.4024095324615859
0,1,0.5237435940586438
0,0,0.4662146207276232
0,0,0.36441985145011885
0,0,0.48163141746636434
0,0,0.3747756980566612
0,0,0.44576307473796467
0,1,0.5483627837223712
0,0,0.41247124189236806
0,0,0.44343920596843067
0,0,0.4969418951328853
0,0,0.38690231905804195
1,0,0.441187046307501
0,1,0.5218515534794346
0,0,0.3816954531971395
0,0,0.41401023578865986
0,0,0.3861082696327086
0,0,0.4438000531056174
0,0,0.4945291917739025
0,0,0.34806160669786723
0,0,0.4152898290397689
0,0,0.3532856455126525
0,0,0.43021761026945304
0,0,0.4112914402644537
0,0,0.46072028882532856
1,0,0.402878621010105
0,0,0.4037853625610924
0,0,0.4672028525587252
0,0,0.44682954650021706
0,0,0.40625945594128304
0,0,0.46868126283399675
0,1,0.6100222287269733
0,0,0.4356005847309005
0,1,0.5272298436004257
1,1,0.573995801174311
0,1,0.51917808317174
0,0,0.349608908496885
0,0,0.39260010162189707
0,0,0.38715432513319425
0,0,0.41409391175028015
0,0,0.430793665666611
0,0,0.4252150318126521
0,1,0.5249426765748137
0,1,0.578106447812866
0,0,0.455029858794999
0,1,0.500630088799937
0,1,0.5107548826605179
0,1,0.5586340279904999
0,0,0.4339328131610031
0,0,0.462049564171549
0,1,0.5003283769560515
0,1,0.537826727060941
0,0,0.3799494374546895
0,1,0.5328827609272978
0,0,0.4631372647538501
0,0,0.4837676306182388
0,0,0.41215090485130007
0,0,0.4449739452945734
0,0,0.4977847149434155
1,1,0.518195897950879
0,1,0.5234671219169301
0,0,0.41845482434578635
0,0,0.46661517625555626
0,1,0.5374864155506769
0,0,0.4573409649652409
0,0,0.4612359356738025
0,0,0.4225860045010025
0,0,0.4796082914805637
1,0,0.4581615901334182
0,1,0.600996066666355
0,0,0.49746543977550123
0,0,0.3650193591023195
0,0,0.43066887077985716
0,0,0.39068645150718895
1,1,0.5445115113733275
0,0,0.34898734437255724
1,1,0.5349598250227547
0,1,0.5649896517961357
0,1,0.5379178370406078
0,1,0.521583578138907
0,0,0.41271499789372773
1,1,0.5843204865478799
0,0,0.4746092828631706
0,0,0.43982906854076
0,0,0.41222789079653926
0,0,0.4602713321587098
0,0,0.3441994348468848
0,0,0.3890265681865214
0,1,0.532877308974654
0,0,0.365228659837935
0,0,0.43051673746770563
0,1,0.5375516811568984
0,0,0.3717943174492791
0,0,0.48065947855540514
0,1,0.5674656819362396
0,0,0.486761096153708
0,1,0.5729401508360685
0,1,0.5545520457842606
1,0,0.4167198586109806
0,0,0.4661942511726474
0,1,0.5067165089224079
0,0,0.35769529958663904
0,1,0.5692074892809075
0,0,0.46728017456805715
0,0,0.4640056870961613
1,0,0.42544750039621854
0,0,0.4278092534137558
1,1,0.5563589808715714
0,0,0.4976083587427123
0,0,0.37796520416785945
0,0,0.40974248203227626
0,0,0.43604640485867613
1,1,0.5864257076136482
1,0,0.48206418179070804
0,0,0.4054703859924572
0,0,0.4338249718982412
0,0,0.48494682193788363
0,0,0.4597601928512616
0,1,0.5772357459391967
1,1,0.5392675892312893
0,1,0.5106094256477565
0,0,0.45229868432384535
0,1,0.591157077752165
0,1,0.5152851751245977
1,1,0.5734878120600814
0,1,0.56552788744123
0,0,0.45826244127781446
0,0,0.3635348882595707
0,1,0.5539503907861565
0,1,0.5164811652510395
0,0,0.3212695410442765
0,0,0.3477989172327811
0,1,0.5443026183501417
0,0,0.47762171611454685
0,0,0.38607652623796646
0,1,0.5326831661695001
0,0,0.35909921624518604
0,0,0.45704195707258444
0,0,0.43929021118751566
0,1,0.5768889300560976
0,1,0.5394333338383327
0,0,0.40365736712594313
0,0,0.4239488457142448
0,1,0.5373115480212097
0,0,0.3961652738333452
0,1,0.5474766253349671
0,0,0.41260825747531255
0,1,0.5104720210759378
0,0,0.4342657369233869
0,0,0.4649341535165079
0,1,0.5375534969097937
0,0,0.457296607316982
0,1,0.5772922371099489
0,0,0.43115785933991224
0,0,0.42521245317154344
0,0,0.44214404188301176
0,0,0.4205573280960293
0,0,0.3461007295087666
0,0,0.42178515708812286
0,0,0.44924036492358355
0,0,0.4327421752636986
1,0,0.3635763875837687
0,0,0.4681733195451184
0,1,0.5384565717348966
0,0,0.3923929734773219
0,0,0.433468159118435
0,0,0.4244792701514073
0,0,0.39335157999455317
1,1,0.5012219895700983
0,1,0.5025764416516733
1,1,0.5939303978336181
0,1,0.502529229199762
1,0,0.48257849241071704
0,1,0.5145933376360415
0,1,0.5175817505685489
0,0,0.4895159252882128
1,1,0.5559715312433903
0,1,0.5333888800673663
0,1,0.5031119520565599
0,0,0.4804937636371019
0,0,0.47109748275521696
0,0,0.43708835474490465
0,0,0.4430937065430337
0,0,0.4362790769477574
0,0,0.4187986127421268
0,1,0.5580926889282016
0,0,0.3650555041711316
0,0,0.3529290472131931
0,0,0.46828461437241115
0,0,0.4718376529475522
0,0,0.4563399694796983
0,0,0.4265497442172754
1,1,0.5162095786451057
0,0,0.3572987534690109
0,1,0.5020115151791085
0,1,0.5053700703492515
1,0,0.4185087365879651
0,1,0.5708730219260812
0,0,0.4404185558930652
0,0,0.4855218478561397
0,0,0.37746660727657355
0,1,0.5116508020145509
0,0,0.4205373093097954
0,0,0.46535470596306816
0,1,0.5155189749084819
0,0,0.49054303132115995
0,0,0.4541684944495724
0,0,0.39694476467847445
0,0,0.4212486028348907
0,1,0.5104965506248191
0,1,0.5054116324507533
0,0,0.4328465237402434
0,0,0.4616586845100539
0,0,0.49568002910565206
0,0,0.44185030457768
0,0,0.478433249687278
0,1,0.5531249373352471
0,1,0.5300380130546071
0,1,0.5072380800489171
0,0,0.4643084974402881
0,0,0.4828341377960015
0,0,0.3825470645083011
0,0,0.4990815672842408
0,0,0.4966562778202407
0,0,0.4430322814333103
0,0,0.33876949186573085
0,1,0.554308209084817
0,0,0.3744077830625422
0,1,0.5279117855016061
0,1,0.539265886572292
0,1,0.5679322126979247
0,0,0.4545459841089404
0,0,0.42195270314541733
0,0,0.4150043359236719
0,0,0.4408119411441944
0,0,0.43396176537877423
1,1,0.5193208678054377
0,1,0.53212150999481
0,1,0.5449737730294253
0,0,0.38080825615851227
0,0,0.4928687735238353
1,1,0.5737703624157134
0,0,0.4252625056835608
0,0,0.47576708139117563
1,0,0.4764953107766166
0,1,0.5214012833453885
0,0,0.45533354060531683
0,0,0.3867365256490423
0,0,0.451700825456227
0,0,0.43554550346308685
0,0,0.32616853905028387
0,1,0.5504155393024379
0,1,0.5651421198123099
0,0,0.37308317159847143
0,0,0.3807339455017831
0,0,0.33952566787749766
0,1,0.5493565393946478
0,0,0.39723097208080965
0,0,0.34759108987101717
0,0,0.46326487083546053
0,0,0.3760162800417398
0,0,0.43453361858962114
0,1,0.5148162838004664
0,0,0.3766901038338316
0,0,0.4965456070099237
0,0,0.4023149515598217
0,1,0.5125958808928606
0,0,0.49412468583864266
0,1,0.5590323588684886
0,0,0.3263896097732498
0,1,0.5472155990514047
0,1,0.5693118180081851
0,1,0.5150153327451819
0,0,0.4403720730085783
0,1,0.530859305389081
0,0,0.4541570404335188
0,1,0.509806670131228
0,0,0.3730644219141629
0,1,0.5404770877069184
0,0,0.41175722292880734
0,0,0.4426792343099754
0,0,0.4609161548050772
0,0,0.42921583888892373
0,0,0.3933970435407047
0,0,0.46692810945725344
0,1,0.5327715534183133
0,0,0.47993979921861507
0,0,0.4568002773878238
0,0,0.4329732793018669
0,0,0.48776926977211743
0,1,0.5565020076742632
0,0,0.45213582152891435
0,0,0.4427423531428724
0,0,0.4754495777068155
0,1,0.5078751106088542
0,0,0.44989509697346763
0,1,0.5202223004357445
0,0,0.43765646619763865
0,0,0.44311144099812216
0,1,0.5564635495858199
0,0,0.3695264789983309
0,0,0.3633194115904861
1,1,0.5107024624839409
0,0,0.46692226256256747
0,0,0.4932881143864391
0,0,0.4881388880329
0,0,0.4398384096921867
1,1,0.5459493826521439
0,0,0.4320206464057355
0,0,0.4122542209013092
0,0,0.4408177757817485
0,1,0.5316171485500848
0,0,0.3560797228269791
0,1,0.5342518147403195
0,1,0.5357658211606222
0,0,0.4634390967239781
1,1,0.534502076055021
0,1,0.5765228456508286
0,0,0.48019914243161116
0,0,0.3796205988642128
0,0,0.42286817093366996
0,0,0.3744933559179321
1,0,0.4027960688982163
0,0,0.48439755147870983
0,0,0.4986795421569351
0,1,0.5282906654597893
0,1,0.5214913404064963
0,0,0.4391927632085251
0,0,0.4307431971107629
0,0,0.4451557816449689
0,1,0.5457672226853346
0,0,0.46715135645652983
0,0,0.4488693595444166
0,1,0.5484105003608182
1,1,0.52242347651489
0,0,0.47158361648521546
0,0,0.34299779157612276
0,0,0.34772366868271376
0,1,0.6151423859487536
1,0,0.3678057384653951
1,0,0.4891766686225853
0,0,0.4738310427921273
0,1,0.544425473363982
0,0,0.4370352668004951
0,0,0.4779038083170946
0,1,0.5591939262073123
0,0,0.36122055110412654
0,0,0.46099536457078827
0,0,0.38251899356800984
0,0,0.4150715574995699
0,0,0.3782099815044722
0,0,0.36775939203720087
0,1,0.598746109443069
0,0,0.4056343761707023
0,1,0.5683949273584608
0,0,0.4883593889870664
0,0,0.4336615734867319
0,0,0.46176575229747513
1,0,0.4395949394557679
0,0,0.46151906309292934
0,0,0.46260231123900747
0,1,0.5236307752844817
0,0,0.4197249035045198
0,0,0.45347351555186355
0,1,0.5287676789077876
0,0,0.4911402331842729
0,1,0.504701458567595
0,0,0.4262999003879625
0,1,0.5368651206538047
0,0,0.4052074948566141
0,0,0.42706835420090433
0,0,0.4798547439358093
0,0,0.43586476815883124
0,0,0.46830179605563943
0,0,0.3697446612998993
0,0,0.4065376945717263
0,1,0.5040227231838852
0,0,0.4613698178851241
0,0,0.41064232127429184
0,0,0.46021729753145857
0,1,0.5540340823198391
0,0,0.4084097147353061
0,1,0.5425067991265085
0,0,0.37605454869231913
0,0,0.43793509111405704
0,0,0.41472409759726503
0,1,0.5320604590801826
0,0,0.4947681482150367
1,1,0.5641915044084954
0,0,0.3995875165283003
0,0,0.45171025562080225
0,0,0.42621950847426826
0,0,0.49319643773845034
0,0,0.4166179612664635
1,1,0.5350157485965901
0,0,0.39110682908579153
0,0,0.4856476041625498
0,0,0.4381921174150542
0,1,0.5294286634371064
0,0,0.41714110163407286
0,0,0.40536427164715394
1,0,0.4633474329255494
0,0,0.37920389612186683
0,0,0.4529125854347009
0,0,0.415740054733928
0,0,0.3924897304316488
0,0,0.39585100059597833
0,0,0.4872222779598799
1,1,0.5231684006436039
0,1,0.54004280603404
0,0,0.43558592656443357
0,1,0.5766339678179817
0,0,0.45523331284662705
0,0,0.4895755521920942
0,0,0.39419482380313026
0,0,0.41616648838548387
1,1,0.5611031220227098
0,0,0.46480145955954255
0,0,0.47968156689638725
0,0,0.44033131183469704
0,1,0.5347077920177932
1,1,0.6091786862385623
1,0,0.4713882118712882
0,1,0.5845110950829925
0,0,0.4929833590841217
0,0,0.4721358589103387
0,0,0.4776011519269632
0,1,0.505768939933441
0,1,0.5360494873865771
0,0,0.3942852329820743
0,0,0.3666647558250981
0,0,0.36939892402538727
1,1,0.5348311746692406
0,0,0.3870608068107504
0,1,0.5103848328141517
0,0,0.46887155215719795
0,0,0.36892298742539403
0,0,0.33952753502610716
0,1,0.539048468430811
0,1,0.5450876332016436
0,0,0.41889297017203814
0,1,0.5264600235978452
1,0,0.44100022359933194
0,0,0.49007146924341327
0,1,0.5589328497719493
0,0,0.4703234613084314
0,0,0.45452447905701826
0,0,0.46744452397673825
0,1,0.5082884358448558
1,1,0.6041604856198635
0,1,0.5351814512250217
0,0,0.49010569450443986
0,0,0.45642238215761266
0,0,0.36332568777095825
0,1,0.5026406884482458
0,0,0.4838215704124056
0,0,0.4802606290139276
0,0,0.3746404942725022
0,0,0.41035422154764106
0,1,0.522744598898389
0,1,0.5138020056059361
1,0,0.4396325126797774
0,0,0.45270004238591643
0,0,0.46012663723933395
0,0,0.4219946957829373
0,1,0.5420886170530763
0,0,0.42570274026523613
0,0,0.4324507053906097
0,0,0.38964691417724273
0,0,0.494257322692042
0,0,0.4198085258002184
0,0,0.4519672109546578
0,1,0.5540390395280219
0,0,0.3922909436875017
0,1,0.5476209222969327
0,1,0.5261656552496168
0,0,0.456380497263123
0,0,0.36371676633801014
0,1,0.5182581160649768
0,0,0.3706175510217723
0,1,0.5729454794180302
0,1,0.5138238231477926
0,0,0.46037096435755986
0,0,0.49424487752424495
0,0,0.3133381510456987
0,0,0.4056926154163839
0,0,0.44935211449018475
0,0,0.3361196303016387
0,0,0.3537584265507529
0,0,0.4549783536891638
0,0,0.4503493984882935
0,1,0.5434245440850762
0,0,0.45733001800219036
0,0,0.32788371194826843
0,0,0.49197705821521553
1,0,0.46031921484410515
0,1,0.5289395940252591
0,0,0.4716541097435165
0,0,0.4983470952709127
0,0,0.3876987327829947
0,0,0.4272513302545331
0,0,0.4609024601888214
0,0,0.42400811135963556
0,0,0.41625751015033907
0,1,0.5668692046605297
0,1,0.5583123724397634
0,1,0.6081916164685497
0,1,0.5447016553009051
0,0,0.44383533158217586
0,0,0.47966241017261546
0,0,0.3504153072798088
0,0,0.38466900321985503
0,1,0.5076209391798419
0,1,0.5703322842163072
0,0,0.49509595369671283
0,0,0.3350280519894515
1,1,0.5689999583629097
0,0,0.42546265763216234
0,0,0.4462463114815616
0,1,0.515521853668386
0,0,0.3656610823860466
1,0,0.41652030440631416
0,0,0.4316140761483737
0,0,0.3652370344286537
0,1,0.5432623576248031
0,0,0.49009136902287964
0,0,0.45454110863843233
0,0,0.44918909740511964
0,0,0.4546562769675485
0,0,0.42256762024732225
0,0,0.4957780117869527
0,0,0.36233543698992693
0,1,0.5410230725748795
0,0,0.49608354489183
0,0,0.45564631624895446
0,0,0.4251345907470497
0,0,0.405167818493778
0,0,0.45075991244084607
0,1,0.5256972297734757
0,0,0.4509596168284248
0,0,0.39356418914573704
0,1,0.509128775125859
0,0,0.3788901607974654
0,0,0.4866430312804216
0,0,0.49041158692631975
1,1,0.5464837150479857
0,0,0.49508631089013233
0,0,0.4892422822584227
0,0,0.4279788838831702
0,0,0.42191387351387527
0,0,0.42373320828775873
1,1,0.6181361386642873
0,0,0.3466248546035765
0,0,0.35812140585713337
0,0,0.3946104820406491
0,0,0.44506415722596643
0,0,0.3548150908816307
0,0,0.4271175185347093
0,0,0.49017655801136173
0,0,0.43389113091684095
1,1,0.5480033697338572
0,0,0.42091157505057636
1,0,0.4715172049311648
0,0,0.4990620497277513
0,0,0.47480974003252013
0,0,0.46094998546505456
0,0,0.44568164074476324
0,0,0.45715950847941833
0,0,0.40205426282651513
0,0,0.42445996343135334
0,0,0.41050912306973125
0,0,0.48662476697251833
0,1,0.5117273260087272
0,0,0.49204756965574425
0,0,0.4982761789740278
0,0,0.4818551111009103
0,0,0.4864733597821994
0,0,0.46047083841858777
0,1,0.541823989921478
0,0,0.4054492150178376
0,1,0.5052634729318932
0,0,0.42789346211742685
0,0,0.39237465556322504
0,1,0.6128781061765647
0,0,0.42138587426765517
0,0,0.3882177355534586
0,0,0.4201914377577609
1,0,0.4266853387459011
0,1,0.53288391228811
1,1,0.5536393442209127
0,0,0.4007438250430091
0,0,0.45847570148500344
0,0,0.4292010688226796
0,0,0.48342910767395686
0,0,0.4523748232971123
0,0,0.4253874231222724
1,1,0.523233241140473
0,0,0.44009241293478235
0,1,0.5823154033653141
0,0,0.47293754112728587
0,0,0.45746281947176404
0,1,0.5218398583337032
0,0,0.4220229460725448
1,0,0.4688030052498269
0,0,0.4246375163119883
0,1,0.5345866046579918
0,0,0.45185810998119946
0,1,0.5430626630209564
0,0,0.37142972784317135
0,0,0.44728435829862856
0,1,0.5288812329352663
1,1,0.5315405314100774
0,0,0.37828019881062586
0,0,0.4500305059961661
0,0,0.3889979719026116
0,0,0.38429756133112813
0,1,0.5209075956028644
0,0,0.406741212292046
0,1,0.5083268706849714
0,0,0.48718664303034376
0,0,0.38171985793135976
0,0,0.45683471886069216
0,0,0.40662981782776086
0,1,0.5315126525388699
0,0,0.4961775699362802
0,0,0.35405101571227005
0,0,0.34497803370950664
0,1,0.5226774489286389
0,0,0.4462405776250113
0,0,0.42416533871854617
1,1,0.5436911001288434
0,0,0.4739410837646748
0,1,0.5396670682495043
0,0,0.3760271779778718
1,0,0.4535735222487206
0,0,0.4824030461592727
0,0,0.43960566101812487
0,0,0.44093651957159224
0,0,0.4646781353746185
0,0,0.46556335410184624
0,1,0.5722722855540052
0,1,0.5049972641444098
1,0,0.4938959463263162
0,0,0.38310957220398223
0,0,0.4441339891757302
0,0,0.47112803141374465
0,0,0.454997840510952
0,1,0.5120003400655133
0,0,0.3910899512136614
0,0,0.3929728101082725
0,0,0.47248776240414975
0,0,0.4397408240269521
0,0,0.49597610459229075
0,0,0.48206563171835914
0,0,0.482178875235776
0,0,0.4419941056383119
0,1,0.5348733928559831
0,0,0.4194444740210885
0,0,0.44901026079034145
1,0,0.37774281641211965
0,0,0.4987995910566617
0,1,0.5002871288407259
1,0,0.40685292249963195
0,0,0.37283103101843357
0,0,0.42538467242016054
0,0,0.47001924444298504
0,0,0.44521695001372313
0,0,0.41967627214176223
0,1,0.516538760425566
0,1,0.5519183339572266
0,0,0.460188578257021
0,0,0.3678616879061277
0,0,0.4337621706604483
0,0,0.43636424435894816
0,0,0.3879826935037423
0,0,0.4314358373134251
1,0,0.4948748958229094
0,0,0.4339454217228417
0,0,0.3695073573759353
0,1,0.5275298281814436
0,0,0.3923520213437701
0,0,0.4478235874898395
0,0,0.44331456690075755
0,0,0.47781648034990687
0,1,0.5392554084363016
0,1,0.5223483086554913
0,0,0.48688413743240944
0,0,0.4545472552943623
1,1,0.5149103196515582
0,0,0.40979977715610083
0,0,0.409645902165873
0,1,0.5099707659366226
0,0,0.4408941149309575
0,1,0.5260675361742115
0,0,0.4987784557734907
0,0,0.4285959923737053
1,0,0.4927394764372639
0,1,0.5836326184208361
0,0,0.47694731929097406
0,0,0.47893605754997187
0,0,0.40589467143345204
0,1,0.586795192920788
0,0,0.4164220147794992
0,0,0.37872649504976835
0,1,0.5075117232559976
0,0,0.47171185312586805
0,0,0.4529147452658014
0,1,0.5380117270181277
0,1,0.5038094514707508
1,1,0.5594988276310132
0,1,0.5501663470096235
0,1,0.5399893775636933
0,1,0.5151967526936962
0,1,0.5011968273701136
0,0,0.36942649569315766
1,1,0.5129330460651342
0,0,0.49894976461507234
0,1,0.5151460950444982
0,0,0.32387843687417495
1,0,0.4664434099853233
0,0,0.4688552851764826
0,1,0.5996568020944827
0,0,0.3761335322313633
0,1,0.5210387886351521
0,0,0.4982317562727881
0,0,0.4500507796471199
1,0,0.48733929907047313
0,0,0.46864595973796047
0,0,0.49518318967058783
0,1,0.5048675540992318
0,0,0.3825454347284004
0,0,0.4501431826820972
0,0,0.4018012839856972
0,0,0.3822464843293987
1,1,0.5462592353716562
0,1,0.5026684398827235
0,1,0.5888988331998846
1,0,0.47535419409931245
0,0,0.4691418534972791
0,1,0.5587639707178677
0,0,0.495054059032541
0,0,0.4541312230443604
0,0,0.349398130267832
0,1,0.5033515842827222
0,0,0.4948524214261574
0,0,0.49270267462040396
0,1,0.5304334401196299
1,1,0.5059299806584205
0,0,0.41197749766530095
0,1,0.506609697345755
0,0,0.35081940364962677
1,1,0.5436190540835315
1,1,0.5229222275927359
0,1,0.5174347722116908
0,0,0.365261663104145
0,1,0.5471850432172545
0,0,0.4149050560572075
0,0,0.42414410476732484
0,0,0.4475292772877256
0,0,0.36445905240296306
0,0,0.38609382081637766
0,0,0.4519077836652203
1,0,0.3283093336041205
0,0,0.443194710214576
0,0,0.44148137795640074
0,1,0.5115313926634616
0,0,0.43270421101462375
0,0,0.4924871311987557
0,0,0.44771136341463175
1,0,0.42226969245755525
0,0,0.49483899176923096
0,0,0.4260150003210398
0,1,0.5240078794469527
0,1,0.5481736917526119
0,0,0.3945522006961834
0,0,0.45898387078900954
0,1,0.5399972123757137
0,0,0.4296312857226263
0,0,0.44871008654954636
0,0,0.4234265319451478
0,0,0.4916644858001294
1,0,0.48058815607138117
0,1,0.5345629106264604
0,0,0.46367710484574554
0,0,0.4017300470677098
0,0,0.3941048720321727
0,1,0.5813589604163757
0,0,0.49281437325638583
0,0,0.4565280564509473
0,1,0.521261019238461
0,0,0.41358799694043347
0,0,0.4292185329620715
0,0,0.48151247110316864
0,0,0.41095080658003297
0,1,0.5280347337058557
0,0,0.43566967121819716
0,1,0.5277126285270399
0,1,0.5108337119921602
0,0,0.42977987876437523
0,0,0.4527653736989453
0,0,0.4837946019107166
0,1,0.5179621815656114
0,0,0.46074315640341434
0,1,0.5352755577575394
0,0,0.4540653573631068
1,1,0.5739181936315727
0,0,0.3699928243298225
0,0,0.4226558729921951
0,0,0.415038124390557
0,0,0.41327135987635827
0,0,0.49565351452315853
0,1,0.5208322990415136
0,0,0.3857580042262642
0,0,0.4347265781431062
0,1,0.5127952478100406
0,1,0.5030447065014149
0,1,0.538038223562473
0,1,0.5259935430794969
0,1,0.5094120255835909
0,0,0.35495634930350145
0,0,0.42343029343349126
0,0,0.49586172515895854
0,0,0.47793191232068677
0,0,0.33969561140184945
0,0,0.40889776939178374
0,1,0.5234103306618643
0,1,0.5444330751033776
0,1,0.5522996606798877
0,0,0.37682179627769485
1,1,0.5051700194949094
0,1,0.5386208542541688
1,0,0.47615950891827646
0,0,0.4782893586891859
0,0,0.4997220653982401
0,1,0.5423387959640985
0,1,0.5832811711005461
0,0,0.4096908008872557
0,1,0.5437387354886567
0,0,0.4823422686498338
0,1,0.5328720376223377
0,0,0.43128749201911654
0,0,0.48337264373470346
1,1,0.5407614238710233
0,0,0.4403068610139722
0,0,0.39301753439039105
0,1,0.5806741468899933
1,1,0.5336817727206703
0,1,0.5171640186068993
0,1,0.5228810986499535
0,1,0.541416481441786
0,0,0.44242385210951163
0,0,0.43503149608664216
0,1,0.5846846968269684
0,1,0.502932873372843
1,1,0.5246897739950235
0,0,0.37541539688827014
0,1,0.5206624364182011
0,0,0.4084484835414544
0,1,0.5283500739966823
0,0,0.3790559656495358
0,0,0.3979952483928091
0,1,0.5771928654619796
0,0,0.4706411215198396
0,1,0.5064189716661315
0,0,0.4297640247480237
0,0,0.4397830705492501
0,0,0.45379900651231564
0,0,0.4318504024111723
0,0,0.47777270202741356
0,0,0.3602050028389821
0,1,0.5410448874827442
0,1,0.509625816484539
1,1,0.6290314454650977
0,0,0.40356616439433085
0,0,0.4342663651756503
0,0,0.49475775188869897
0,1,0.5006724104301553
0,1,0.507974917150514
0,0,0.4294641224470304
0,1,0.5685406069710034
0,0,0.3880983836273626
0,0,0.3273390050910723
0,1,0.5196445439389694
0,1,0.5699581513275145
0,1,0.5299657682408284
0,0,0.43437325381897074
0,0,0.48871058033711845
0,0,0.3632567711906854
0,0,0.4608342101234765
0,0,0.4262340931088628
0,0,0.4405691378526525
0,0,0.4391431185990161
0,0,0.46029010457258984
0,0,0.32429576420099887
0,1,0.5766051791439492
0,1,0.532440953109107
1,0,0.40707280145306585
0,0,0.4076773778228046
0,0,0.4271041661895454
0,0,0.38912517858541945
0,0,0.47353927613867747
0,0,0.3885383131242206
0,0,0.4530871296404632
0,1,0.5762864067747933
0,0,0.4529002748030927
0,0,0.4467205017679805
0,1,0.5489327438162386
0,0,0.4814139922796812
0,1,0.5351754083621699
0,1,0.5467459036547673
0,1,0.6225770200726753
0,1,0.5150309255994349
0,0,0.4531338346582395
0,0,0.44732707853696785
0,0,0.3738415724041726
0,0,0.40730409699652087
1,1,0.599240631934035
0,0,0.496740419898796
0,0,0.4312855360729526
0,1,0.5065915210140443
0,0,0.4065913314649739
1,1,0.6180404868824452
0,0,0.4519630995719674
0,1,0.5145261993027056
0,0,0.4300582188132139
0,1,0.5021335194773947
0,0,0.4452709653406179
0,1,0.5290378249982417
1,0,0.4640263868200233
0,0,0.3599195114861107
0,1,0.5242640862722986
0,0,0.35041493954532654
0,0,0.3647647031066603
0,0,0.4280962513674631
1,0,0.41674131751768345
0,1,0.5529025800001921
0,0,0.40507333052500294
0,0,0.3977101198572443
0,0,0.41587622333849167
0,1,0.5152081426625227
0,1,0.5110605939982427
0,0,0.3684237347555661
0,0,0.4845373758081857
0,0,0.37488006286553793
0,0,0.4410064369503574
0,0,0.491334354793576
0,1,0.5495038729041807
0,0,0.42745639854965317
0,0,0.3994359853833418
0,1,0.5508532942384438
0,0,0.4124014064232097
0,0,0.49025937625558724
0,1,0.5297429647731737
0,1,0.6112919553832458
0,1,0.5034607079724558
0,0,0.4380990099243423
0,0,0.4888079058797247
0,1,0.6069422186967552
0,1,0.5045363549026386
0,0,0.4372374381919028
0,0,0.48019917374591203
0,0,0.49963502346321387
0,1,0.5336261010171462
0,0,0.4368910566318214
0,1,0.5560042496769492
0,0,0.3706854020602401
0,0,0.4493006663532709
0,1,0.5328627843461651
0,0,0.3733179537245144
0,0,0.36890494206557206
0,1,0.5451147216267562
0,1,0.5100202870670819
0,0,0.4106873214628709
0,1,0.5644263144523576
1,1,0.6129930998591988
0,0,0.34151725535070826
0,0,0.4123950683336688
0,1,0.5013760971441126
0,0,0.4674428657661471
0,0,0.43758618424511575
0,0,0.3532923846117098
0,1,0.5589015787687903
0,0,0.48468637514786844
0,0,0.45053726752591755
0,1,0.5357483043148351
0,0,0.4033876218786701
0,0,0.4423600849976029
0,0,0.44556012677317597
0,0,0.39454088165751167
0,0,0.4383435673901912
0,0,0.49287929254184676
1,1,0.5596038935659575
0,1,0.5001324530167761
0,1,0.5238249707459709
1,1,0.6356523743341271
1,0,0.48868778871855406
0,1,0.5135330697033242
0,0,0.4542290185618729
0,0,0.4592221821712197
1,1,0.5873272333122088
0,1,0.5227661072182548
0,0,0.33853789614854946
0,1,0.5012435965082055
1,0,0.3997266535165195
0,1,0.5430558107836031
0,0,0.4842117501623963
0,1,0.5852735556302757
0,1,0.5205514222983766
0,0,0.39607805051450823
0,0,0.4994252480893136
0,0,0.34944442277499216
0,0,0.46436268245259915
0,0,0.49471912347713315
0,1,0.5012838420020139
0,0,0.3999420486856912
0,0,0.48003666601996287
0,1,0.5049601756769855
0,1,0.5083511864653921
0,0,0.36627505454124437
0,1,0.5114105435139489
0,0,0.4761229455288636
0,1,0.5149706139481329
0,1,0.5300931665867424
0,0,0.4982214830836272
0,1,0.5541783285075427
1,1,0.537424542983026
0,0,0.4966566429484704
0,1,0.5557545115996182
0,0,0.44741725736724414
0,0,0.40427393692190416
0,1,0.5386274990520792
0,0,0.43682784464566393
0,0,0.46349495929515017
0,0,0.44535188841311657
0,1,0.514706360590104
0,0,0.45229373208769574
0,0,0.3628971660880393
0,0,0.4790475951555448
0,1,0.5842917110755331
0,0,0.47376002405042444
0,1,0.5262330819027611
0,1,0.6325965360377368
1,1,0.5941973405846649
0,0,0.44030231416588095
0,0,0.3372088715933004
0,1,0.523114176059722
0,0,0.4143056519303036
0,0,0.4314527726571696
0,0,0.4358083943708714
0,0,0.4123528183571097
0,0,0.4759365352416223
0,1,0.5075883005182458
0,0,0.35111496669153125
0,0,0.3602641283136119
1,1,0.6264666577675678
0,1,0.5439886282352636
0,1,0.5372571518893325
0,0,0.38857595543437917
0,0,0.44756257453464987
0,0,0.43650770235239866
0,1,0.5892983326900839
0,0,0.4237565774739952
0,0,0.38696036397178596
0,0,0.45771823193212435
1,0,0.3760573335758391
0,0,0.3594851207811835
0,0,0.3828128484229453
0,0,0.3923522560021098
0,0,0.34341413558547385
0,0,0.4710756973816206
0,0,0.47201330517550644
0,1,0.5383215050232166
0,0,0.44611821439303556
1,1,0.5656156993130903
1,1,0.5023556999567717
1,0,0.49830218738904586
0,1,0.5092738533980876
0,1,0.5183807199094967
1,1,0.6372229726145953
0,0,0.4781607881570571
0,0,0.43776548561942813
0,0,0.3578323943280276
0,0,0.43017517477314343
0,0,0.38917789575252504
0,0,0.39751399429025724
0,1,0.5000471689609433
0,0,0.4931109074145939
0,0,0.38127679367712103
0,0,0.398167164548879
0,1,0.5283812666956045
0,1,0.5623555761033036
0,1,0.5692794432807804
0,1,0.5379184608670711
1,0,0.46108267870262937
0,1,0.5619715505250952
1,1,0.5085891073379252
0,1,0.507542239881363
0,0,0.49659485701143813
0,1,0.545730787247694
0,1,0.5614595287843055
0,1,0.5027665852370641
0,1,0.5627272832537057
0,1,0.5775002674284411
0,1,0.5192018100795088
0,1,0.5848315947511494
0,0,0.46171516910536053
1,1,0.5896050023173646
0,0,0.47952987539758896
0,0,0.38544900734730025
0,0,0.41168518873575216
0,1,0.5030167184166555
0,1,0.5097974650581689
0,0,0.47479867647378776
1,1,0.6418870217524865
0,1,0.5566461014087828
0,1,0.506232349301644
0,1,0.5076290365692752
0,1,0.5559703294146405
0,0,0.4647691483982228
0,0,0.4716752877653459
0,0,0.4065167734734309
0,1,0.5886944876871681
0,1,0.5234166225266903
0,0,0.3295069446556692
1,1,0.5214771767322315
0,1,0.5380967587250698
1,1,0.5236626856663789
0,1,0.5236789608158879
0,0,0.431588872820463
0,1,0.5079571787313862
0,0,0.45822062024914145
0,0,0.4684288237288196
0,0,0.4659481112989844
0,1,0.5062075141063782
1,0,0.4821720749342069
0,0,0.43175039373806845
0,1,0.5550834195228118
0,0,0.3608782956203803
0,0,0.3573421785529989
0,1,0.5340068444106282
0,0,0.425282527537786
0,0,0.4073211928157
0,0,0.39142164438367444
0,0,0.385921876780731
0,1,0.5101035561462888
0,0,0.45464549331377924
0,1,0.5793994956977067
0,1,0.5236010880926741
0,0,0.36537610462393855
0,0,0.47655122574622
0,0,0.44648522885286596
0,1,0.6001810969781374
0,0,0.4131600342321998
0,1,0.5632203166129749
0,0,0.39916800070894076
0,0,0.38651723105098656
0,1,0.5063368187252331
0,1,0.5705191310586054
1,1,0.662145599329664
1,1,0.5485377180469833
0,1,0.5495117187894278
0,1,0.5290646441304095
0,0,0.48057172813402504
0,1,0.5410455068257888
0,0,0.46774030423739127
0,0,0.456360431586098
1,1,0.5112993380390461
0,1,0.5417335636940841
0,1,0.5657671866415029
0,0,0.4329617142011172
0,0,0.48822730148508925
0,0,0.4593945168745637
0,0,0.43583433776597535
0,0,0.49070600787017143
0,1,0.5666875537098491
0,1,0.5324745205127976
0,1,0.542518067100606
0,0,0.47437658265428717
0,0,0.45285405582182575
0,0,0.40670207801272396
0,0,0.4209263105149907
0,0,0.3619298336202643
0,1,0.5432175910073936
0,1,0.5287876409859863
0,1,0.5068053752666355
0,0,0.3187065196460033
0,0,0.3845165068489908
0,0,0.35134299631536614
1,1,0.6482276918329795
0,0,0.46494492526243414
0,1,0.5587779035982793
0,1,0.554600649606655
0,0,0.4660712854045654
0,0,0.42858961984217525
0,0,0.46708430424707176
1,1,0.6057768428066229
0,1,0.5723632149973019
0,0,0.4009188354847625
0,0,0.4820196344866088
0,0,0.4787746430345763
1,1,0.5275671064133389
0,0,0.43380404823887875
0,0,0.4621331538106117
0,0,0.4699749469159766
0,0,0.4945718126378415
0,0,0.4070076629046763
0,1,0.5645249544667721
0,0,0.43531446199598134
1,0,0.46511754667992833
0,0,0.45292707879019795
0,0,0.4921759440717351
1,1,0.6061059315333107
0,0,0.449095234656856
0,0,0.4435014963477661
0,0,0.45985436211100306
0,0,0.3840212434193304
0,1,0.5591156269547647
0,0,0.37121686656398256
0,0,0.4207427785940632
0,0,0.43366801830983776
0,0,0.35689456543311526
0,0,0.3969102152557065
0,0,0.41573070242183535
0,0,0.47536216434045114
0,1,0.537434034333732
0,0,0.40979466976421774
0,0,0.4812615958935211
0,0,0.476758735844524
0,0,0.4642817320385818
1,0,0.4790704755921347
0,0,0.3833363871204118
0,0,0.490752383177574
0,0,0.42665043161258853
0,0,0.4840759669517901
0,0,0.4760950969754181
1,0,0.4903641482091543
0,1,0.5088952775300463
0,0,0.4835442652808398
0,0,0.4594437782794653
0,0,0.48193226263335676
0,0,0.43568748319860523
0,0,0.47891934454863927
0,1,0.5728216386132202
0,0,0.43501900629562806
0,0,0.4874477268586961
0,0,0.39036319850126866
1,1,0.6544111475442276
0,1,0.5511423116154924
0,0,0.49510571014776206
0,0,0.433907792018689
0,1,0.5539332191351657
0,1,0.5909129792947606
0,1,0.5396127904061757
0,1,0.5210375987995683
0,0,0.41731752955842283
0,0,0.43461176407799434
0,0,0.4753347874487996
0,0,0.3595317656540471
0,1,0.5302589676186311
0,0,0.4882604946380394
1,0,0.4456103156957388
0,0,0.4856786305945146
0,1,0.5573163733861922
0,0,0.447061824575621
0,0,0.3485122004352414
0,1,0.5383620333110748
0,1,0.5176888112283033
0,0,0.35839694489783036
0,1,0.5685153167865004
0,0,0.4351728052050599
0,0,0.432972404161102
1,0,0.48212150457969605
0,0,0.43300788880801455
0,0,0.4059637650399123
0,0,0.40206477971516186
0,1,0.6711094542080812
0,0,0.44562634675463075
0,0,0.4909673444532748
0,0,0.48205554482253227
0,0,0.47726514307673445
0,0,0.48963281804185876
1,1,0.5138104491365767
0,0,0.46914588341879193
0,1,0.5459845009407621
1,1,0.5034151074647548
0,0,0.42223458330417074
1,1,0.5784056568360456
0,1,0.517094354149337
0,1,0.5279749696366569
0,0,0.38761349216602353
0,0,0.47679525579798054
0,0,0.44906202296987224
0,0,0.42767683404531226
0,1,0.5710469223292968
0,1,0.5019028307515797
0,1,0.5473352380227783
0,0,0.443430262746812
0,0,0.39072184751474864
0,1,0.5341700378963476
0,0,0.4751539871276287
0,1,0.5048327041428371
0,1,0.5089422052641204
0,0,0.41767445575848955
0,0,0.37172795716640133
1,0,0.49522156762716235
0,0,0.41677478568072035
0,1,0.5065732649546568
1,1,0.5288107596202399
0,0,0.40507959511421887
0,1,0.5141882568910852
1,0,0.49135709280497614
0,1,0.5630816859786482
1,1,0.5133029405308545
0,0,0.42223596463710256
0,1,0.5062251087160428
0,0,0.4607730384168317
1,0,0.45660504302872
1,0,0.4889735208537303
1,1,0.535411548925741
1,0,0.415408329162765
0,0,0.4503881143028711
0,0,0.4953940626146547
0,1,0.5624873617065314
1,1,0.5797551873725066
0,0,0.44496378581080676
0,1,0.5175184693992274
0,0,0.4291449497769691
0,1,0.576521501777266
0,1,0.6143355123829121
0,0,0.4756380745684933
0,0,0.4930343282340182
0,0,0.4218117954136892
0,0,0.475889283872391
0,0,0.4756670343525379
0,0,0.43510951211349363
0,0,0.3879607802893523
1,0,0.43116847826713367
0,0,0.3848942435916866
1,1,0.5549897318419535
0,1,0.537258055470851
0,0,0.421224557821825
1,0,0.4844828873271372
0,0,0.35794758045634517
0,0,0.4920249392211051
0,1,0.506805563638896
1,0,0.48434467867949205
0,1,0.5197620551031098
0,0,0.3389220998991403
0,0,0.434640835671264
0,1,0.5008602978869928
0,0,0.42717918489367657
0,1,0.5117607289323933
0,0,0.45592377942875467
0,0,0.4110370346615284
0,0,0.44820899154367055
0,0,0.4417875261637729
1,0,0.45210135422858777
0,0,0.49362404856145864
0,0,0.4249440744851744
0,1,0.55087130172577
0,0,0.4021872882191392
0,0,0.4394692755006151
0,0,0.3756212003966553
0,0,0.32315171963574474
0,1,0.519430095845259
0,0,0.4004051846056295
0,0,0.43395477874716554
0,0,0.46906762733953344
0,0,0.49715633643235757
0,0,0.48035453522822325
0,0,0.46794141222840063
0,1,0.5051400273870803
0,0,0.3750519657508233
0,0,0.4959277871194927
0,0,0.47007886623421213
0,1,0.5485677042842775
0,1,0.5447477189176506
0,1,0.5033924848917856
0,0,0.4522314193024685
0,1,0.5004031383036301
0,1,0.5172723524406989
1,1,0.5704068640382268
0,0,0.41220830586687024
0,0,0.46749664861951606
0,0,0.44660087676973864
0,0,0.3434554084109257
0,0,0.43027857690017535
0,0,0.3036152743800012
1,1,0.5131757238800171
0,1,0.5296070408474062
0,1,0.5337107816230149
1,1,0.5278517835484385
0,0,0.4880848558721375
0,0,0.4949648185843143
1,1,0.5860309468976194
0,0,0.4859177957422292
0,0,0.48139755157940906
0,1,0.5108343825447856
0,0,0.4706714336356923
0,0,0.3646251633965998
0,0,0.49057983441961894
0,1,0.5251324670941191
0,1,0.5123103700267575
0,1,0.5222210206984198
0,0,0.42607587410752906
0,0,0.48422089104236904
0,0,0.40183291126768367
1,1,0.520458333716617
0,0,0.3569360406600792
0,0,0.38929372161855247
0,0,0.46313550991692315
0,0,0.4475079294858779
1,1,0.5539813994850181
0,0,0.34657585174932287
0,0,0.44770826758475996
0,1,0.5158910174192242
0,1,0.5425599241640241
0,0,0.4725579024352862
0,0,0.3950518248240351
0,1,0.5515499186461532
0,0,0.36022130498921084
0,0,0.4849446367615993
0,0,0.382022552697476
0,0,0.4647061440168963
1,0,0.3696286125702848
0,0,0.34303092406070346
1,1,0.5227301963502541
0,0,0.4077426365447442
0,0,0.476612351278182
0,0,0.4074813148990657
0,1,0.5260111928663869
1,0,0.4397555397432909
0,0,0.43872065865713217
0,0,0.4390064926973507
0,0,0.32026373614808157
0,0,0.4754567678480583
0,0,0.4985213984949081
1,1,0.5183477858540999
0,0,0.4940726521817689
0,0,0.4285423112415656
0,0,0.3473704381756791
0,0,0.4993448326395459
0,1,0.5733715041441484
0,0,0.4774734544497916
0,0,0.40852947773776593
0,1,0.5341020911754621
0,1,0.50556066511242
0,0,0.43223013456337434
0,0,0.4532913063443447
0,0,0.486184264156227
0,0,0.4601633025992873
1,1,0.5940652645609636
0,0,0.42900457602801095
0,0,0.4391187955703383
1,1,0.6003007771183718
0,1,0.5386712514297981
0,0,0.44405351291476836
0,0,0.46857945091742914
0,0,0.46095496418442244
0,0,0.4067933897613617
0,0,0.38764533997512207
0,0,0.43565270871120826
0,0,0.48887272255851466
1,1,0.5735458561838855
0,0,0.44478676365024505
0,0,0.41531805037424085
0,1,0.5012494394538419
1,1,0.5748070074104144
0,1,0.5238412469757329
0,0,0.40399848162378116
0,0,0.42623499984073937
0,1,0.5152704065438717
0,0,0.3917327972515632
0,1,0.5431003202598202
0,0,0.4894818501011827
0,0,0.48321905967197976
0,0,0.4557279305214113
0,0,0.4040153373256456
0,0,0.42486627226143414
0,0,0.40028444118270734
0,0,0.4547368768128207
0,0,0.4833964182373919
0,0,0.40735304616900614
0,0,0.3947695013132282
0,1,0.533763676033558
0,1,0.5402710599036091
0,0,0.4060974218140783
0,0,0.39795901186531807
0,0,0.4391956733967205
0,0,0.45604959707941156
0,1,0.5350870891314272
0,0,0.2931931863214435
1,1,0.5292606094643945
0,0,0.39202933959564285
0,1,0.5085142566706472
0,1,0.5074883978494014
0,0,0.4547069434530644
0,1,0.5032360522597488
0,0,0.3419711502617716
0,0,0.37165878853140605
0,0,0.3884945064093825
1,1,0.5551259190956344
0,0,0.32209106184501446
0,0,0.4957723813798861
0,1,0.5655333092667552
0,0,0.40725332066223535
0,0,0.4196091809472257
0,0,0.41485157345489165
0,1,0.5670657066828944
0,0,0.43950390659355315
0,1,0.5570500626137439
0,0,0.46169634550035465
0,0,0.39437057790125585
0,1,0.5382229967615562
0,0,0.4293575005582654
0,0,0.4703340097215444
0,0,0.4847197949184119
0,0,0.3477650459620672
0,0,0.49194999763991776
0,1,0.52048477207968
0,1,0.5468064982194476
0,0,0.46300665474815594
0,0,0.42165137235580596
0,0,0.47972726526012616
0,1,0.5871674912483464
0,1,0.5065917023423664
0,0,0.43389064006151373
1,0,0.49581259713019166
0,1,0.591979243060855
0,0,0.4998267353963858
0,0,0.4271512353213273
0,1,0.5626048242184989
1,1,0.6065916210030968
0,0,0.4355569390968491
0,0,0.38010168242043113
1,0,0.49270152049397664
0,0,0.3369709004778423
0,0,0.4291408199092779
0,0,0.4842357930942594
0,0,0.47034809449170484
0,0,0.3985397980408998
0,0,0.42919579779971895
0,1,0.5009452578822721
0,1,0.5571307608423862
0,0,0.33267602998160534
0,0,0.4402330923229335
0,0,0.39183266124248534
1,0,0.414845084460382
0,0,0.41418332901824656
0,1,0.5554199209099187
0,0,0.47518613502008256
0,0,0.4065721109513539
0,0,0.4685729041751349
1,1,0.556766470387014
0,1,0.532392390829738
0,0,0.4461341940613661
0,1,0.5195274594513114
0,1,0.545315904614601
0,1,0.5315645935622874
0,1,0.5065402818600028
0,0,0.40466651064134157
0,0,0.3966196493282549
0,1,0.5170897178141272
0,0,0.3579230119976068
0,0,0.4834527697040499
0,0,0.3886889952588365
1,1,0.5282393081574136
0,0,0.38186459521457744
1,1,0.577565881686041
0,1,0.535546763289527
0,1,0.5287066099922239
0,1,0.5139920578565895
0,1,0.6148975111741969
0,0,0.4551948427880743
0,1,0.578680339758064
0,0,0.4989296236809344
1,1,0.5662785082002845
0,0,0.42129634836309604
0,0,0.468769552579927
1,1,0.5645976721549119
0,0,0.48773446079878996
0,0,0.41955642440475577
0,0,0.4889754337178611
0,1,0.508219052758107
0,0,0.4451104551388032
1,1,0.5354236488242965
0,0,0.3799206950169449
1,1,0.5477183228366652
0,0,0.42641702314011026
0,1,0.5435660583432006
0,1,0.5262540126673375
0,0,0.46579616385812345
0,0,0.3293895379570389
1,1,0.5851907249150478
0,0,0.4427737531547422
0,1,0.5366873077426283
0,0,0.4251887113339184
0,1,0.5980410166798502
1,1,0.5607930735393183
0,0,0.4718646609603852
0,0,0.49742408058318616
0,1,0.5088730701510681
0,0,0.45051489921087196
0,1,0.5671072034101446
0,0,0.467214321720791
0,0,0.4081195667386532
0,0,0.4738423831356671
0,1,0.5246905117178654
0,0,0.4377477507588817
0,1,0.5524048797627684
0,0,0.37496140317555493
0,1,0.5726976518715299
0,0,0.4762010380718023
0,1,0.5924897904734105
0,0,0.46674780325574927
0,0,0.4274250205930095
0,1,0.5584224764311151
0,1,0.5258390913971183
0,0,0.45025545024352587
0,0,0.4799213863590816
0,1,0.5197653393211272
1,1,0.5738577573789483
0,0,0.4458342091718241
0,1,0.534151269143949
0,0,0.48219747479912384
0,1,0.5584567330433334
0,0,0.32922749829780334
0,0,0.41659589052594237
0,1,0.5026774149701195
0,0,0.3993787110260875
0,0,0.4524695202735124
0,0,0.3712812926111388
0,0,0.44821546182262845
0,1,0.5027562888375736
0,1,0.5460508246146787
0,1,0.5196161819741016
1,0,0.46917354111772847
1,0,0.4663697482934769
1,0,0.43788988554334557
1,0,0.46513785064703966
0,0,0.47058041559469443
0,0,0.3871278836864511
0,0,0.3950980343760521
0,0,0.4996914686024308
1,0,0.47333632575019413
0,1,0.5826361800567774
0,0,0.4341728061470358
1,1,0.5664014489859883
0,1,0.5133089453561094
0,0,0.3753323735126233
0,0,0.45076966345784536
0,0,0.4325954066119879
0,0,0.3868925909347516
0,0,0.4663922703210011
1,0,0.45442965027385746
0,1,0.5008710612760876
0,1,0.5255541664836256
0,1,0.52435059310427
0,1,0.5870791695043479
0,1,0.5083759720926571
0,0,0.45889132625225476
0,0,0.2962872091010798
0,1,0.5339260131565287
0,1,0.5285642894119315
0,0,0.4799149616414296
0,0,0.48170244414586455
0,0,0.43057964776866614
0,0,0.41112796783914357
0,0,0.4735379260818007
0,0,0.4788775382367008
0,0,0.43441044545310187
0,0,0.4540094783842305
0,0,0.4440603943185385
0,1,0.5442697687566983
0,0,0.4482177765118765
0,1,0.6152210704448428
0,0,0.430342567343178
0,1,0.5055305617487239
1,1,0.5364332693280209
0,1,0.5631920596724335
0,1,0.5674895316727887
1,1,0.567122734249023
0,1,0.5010349607391471
0,0,0.4589066046226668
0,0,0.49359436870660356
1,1,0.5140342982585634
0,0,0.46513944431888654
0,0,0.47630152624260463
0,0,0.48636628166773366
0,1,0.5328230349352158
0,0,0.36903943926861
0,0,0.3980427602122496
0,1,0.5550344607039218
1,1,0.5943658048381429
0,0,0.40970800181343364
0,1,0.5229041938373871
0,0,0.4412824225845943
0,0,0.4240331974846469
0,0,0.442634875197218
0,0,0.49744831111922666
0,0,0.4869208548681472
0,0,0.41016957617978156
0,0,0.4761457725934381
0,0,0.33158784265102065
0,0,0.3767159035882885
0,0,0.4969127982774413
0,0,0.4485362624723803
0,0,0.45397846505490075
0,0,0.4866334552765721
1,1,0.6350927212926506
0,0,0.46966222772464705
1,0,0.3734655770955808
0,0,0.4382928622702715
1,1,0.5755352315874248
0,1,0.5023051152679602
0,1,0.5561182305651069
0,0,0.4616816445386359
1,1,0.5454692988447427
0,1,0.5033172042008363
0,0,0.3804537620289699
1,0,0.4766481188199566
0,0,0.32982758078306645
0,0,0.4251410479784354
0,0,0.4005002295869006
1,1,0.544480412251098
0,0,0.4653299939693333
0,0,0.4698244064529601
0,1,0.5339994127512089
1,1,0.624381529888384
0,0,0.4440088557689242
0,0,0.3638900180527594
0,0,0.45159207297120235
0,0,0.48898319638475213
0,0,0.34468239233281567
0,0,0.4488857460751236
0,0,0.4379684270050746
0,0,0.4992814289274816
0,1,0.5456867414140568
1,1,0.547225477348193
0,0,0.4943156570201581
0,0,0.3998638811954225
0,1,0.5513523930848564
0,0,0.44714143969338765
0,0,0.4598461188539805
0,0,0.43385431951673353
0,0,0.37117982389419746
0,1,0.5844531370397639
0,1,0.5323679907408022
0,1,0.5585547135161206
0,0,0.43693265645964824
0,0,0.4458790029463588
0,0,0.489745181380026
0,1,0.5237517012458714
0,1,0.504518451011564
0,0,0.41684324833896563
0,0,0.41606632907593344
0,0,0.4747175684185786
0,0,0.46803287537420507
0,1,0.5338910791327154
0,0,0.38725866873662507
0,1,0.5357341799659708
0,0,0.4169243751374512
0,0,0.45502484986656166
0,0,0.4484036701034796
0,0,0.4373280736246484
0,1,0.5005035557552265
0,1,0.5130799191594843
0,1,0.5225797429620025
0,1,0.5011652667126593
0,1,0.5375028397161464
0,0,0.49613140002664147
0,0,0.45049606422658184
0,0,0.4936894874136385
0,1,0.5615243936349616
0,0,0.4802126349397325
0,0,0.46592219327295303
1,1,0.5843933030913359
0,0,0.4684961265483617
0,0,0.47559526337114877
0,0,0.44158444162608673
0,1,0.5544862206638079
0,0,0.4642332569968595
0,1,0.5580643659456108
0,0,0.44324445781794447
0,0,0.41420688222424323
0,1,0.5007022736571057
0,0,0.4632451841955276
1,1,0.540074588054842
0,0,0.44299066784870655
0,0,0.4081080573648515
0,0,0.41430516209258533
0,0,0.39920223806683486
1,1,0.5076439218323467
0,0,0.4473676860854692
0,0,0.3865782694880922
0,1,0.5859360220276794
0,1,0.5016960601476818
1,1,0.5294915644100895
0,0,0.43856631957053843
0,1,0.5498779134809019
0,1,0.5597709302086551
0,0,0.37942527304776696
0,0,0.46001446240261273
1,1,0.6106248632306434
0,1,0.506888848669218
0,0,0.45508352101897726
0,0,0.44026358961661677
0,0,0.39422794951438594
0,0,0.4035250729864511
0,0,0.4924029425165369
0,0,0.4272591320395748
0,1,0.5278697023377281
1,1,0.5651502704549324
0,0,0.38406984134067573
1,1,0.5629840472882728
0,0,0.47774260256032036
0,1,0.5978352740748855
1,1,0.5676736496414088
0,0,0.4604642664717866
0,0,0.4725358874471883
0,0,0.4346049151194876
0,0,0.4524955928418584
0,1,0.5147849851873264
0,0,0.36407141465478654
0,0,0.4313060091780158
0,1,0.5144423879030593
0,1,0.5384513294272559
0,0,0.4505196797850484
0,0,0.4747901430673485
0,1,0.5115778357455798
0,0,0.4464228331405632
0,0,0.4383723817229334
0,0,0.4566086453262194
0,0,0.4803159137523844
0,0,0.48296865746257517
0,1,0.5373933375521353
0,0,0.38938857839989083
0,0,0.3699216687093881
0,0,0.3906324196633928
0,1,0.5560666946639077
0,0,0.38446607735910104
0,0,0.33761511068356065
1,1,0.5320150298919915
0,0,0.4207319561781629
0,0,0.4674109587697356
0,1,0.5245472121711751
0,0,0.4926702150236665
1,0,0.40336692608171015
1,0,0.42991302086047567
0,1,0.5043189262115004
0,1,0.5662487844335489
1,1,0.5004949006278655
0,0,0.48248340407468987
0,0,0.4448313871498599
0,0,0.42272093691103024
0,1,0.5459968256187486
1,1,0.5584642860312081
0,0,0.49359146404754795
0,0,0.46303635676014826
0,0,0.43024633168935755
0,0,0.45572707143537383
0,0,0.36473459536286584
0,1,0.535296819595201
1,0,0.49414623548463027
0,0,0.42228153416995057
0,1,0.5007552759075925
0,0,0.3529536759475323
0,1,0.5152779520160409
0,0,0.42708027699982026
0,0,0.36685670316459423
0,0,0.45692181641020224
0,0,0.4036497668487274
0,0,0.32041379616643495
0,0,0.4714962286904899
0,0,0.3998040412021085
0,1,0.5778589706236033
0,0,0.47447714769600485
0,1,0.5099041472752011
0,0,0.3613217983165087
0,1,0.5802839847534729
0,0,0.48416046902789317
0,0,0.4435245110898136
0,0,0.41031035875837746
0,1,0.5670858826560905
0,1,0.5357104134179161
0,0,0.4841033963480114
0,1,0.5206837147409963
0,1,0.5020426521162635
0,1,0.5440906697858323
0,0,0.38930965987734084
1,1,0.5284360991258288
0,1,0.5947186288604623
0,1,0.5041299542257223
0,1,0.583244639515533
0,0,0.4676605888570646
0,0,0.4414773629375084
0,0,0.47501596435265503
0,0,0.44115223912447826
0,0,0.42385064042154547
0,0,0.4306544540110931
0,1,0.5422626532700996
0,1,0.5500762232446986
0,1,0.5149172641186008
0,0,0.4336026879722642
0,0,0.430313340467607
0,0,0.45094768559888737
0,0,0.3788083633181859
0,0,0.4517446274572315
0,0,0.37713069640901437
0,0,0.44452121005420914
0,1,0.5558058333738249
0,1,0.526963566727084
0,0,0.49913687221324715
0,0,0.4489207068053688
0,0,0.4077802870490792
0,0,0.4590531899266637
1,0,0.4645303434206518
0,0,0.3712865981320535
0,1,0.5759938551114618
1,1,0.5280358439809756
0,1,0.597643595063466
1,1,0.6154513348877837
0,0,0.4871850311116943
0,1,0.5349708124981969
0,0,0.42117330455506946
1,1,0.5741243502179475
1,0,0.44498475870180215
0,0,0.44012930737372735
0,0,0.453202505040644
0,1,0.5247524327829111
0,0,0.39396704222419565
0,1,0.5027492732434545
1,1,0.5236473502495359
0,1,0.5747376493493154
0,0,0.46677356632043154
0,0,0.4263493491965174
0,1,0.5490308188244569
1,1,0.5092316673680898
0,1,0.5546789518646311
1,1,0.5021032083221683
0,0,0.4301252737934348
0,0,0.3940929030330199
0,0,0.4521206917165694
0,0,0.41927206944108975
1,1,0.5649673800930279
0,0,0.49630725215537697
0,0,0.4516719473220943
0,0,0.4553221776312371
0,0,0.48975703964601536
0,0,0.46180304746616796
0,1,0.5085805704858594
0,0,0.4908748467913961
1,0,0.4941194194679534
0,0,0.34831237931377695
0,0,0.46860112474092075
0,0,0.43045221408702294
0,0,0.4491624903599257
1,0,0.49760806314845957
0,0,0.37460036120237594
0,0,0.44834904204582726
0,0,0.476809345841951
0,0,0.363287547779569
0,0,0.40251579977530283
0,0,0.46931893099220495
0,0,0.3703937110311289
0,1,0.5351817542720215
0,1,0.5319598046135359
0,1,0.5194590701573246
0,1,0.5555594063736842
0,0,0.43835972205354296
0,1,0.5793712343483866
0,0,0.38809438615526864
0,0,0.45165804223020345
1,1,0.5060938245799843
0,0,0.49150983625836486
0,1,0.5416624824150912
1,1,0.5548919908675797
0,1,0.5131417443305797
0,0,0.48802081192892066
0,0,0.4812300306455547
1,1,0.5128363046635358
0,0,0.4911653308653206
0,0,0.4873398004031762
0,1,0.5296227597209738
0,0,0.4532540262026628
0,0,0.391689970719981
0,1,0.5304594494883041
0,0,0.4779428253366765
0,0,0.4161355494123583
0,1,0.5603260433046109
0,1,0.5356392779777306
0,0,0.47778509814036774
0,0,0.4521944290503728
0,0,0.4168510847909579
0,1,0.5436715074197205
0,1,0.529390074053178
0,1,0.537772562905202
0,0,0.4292873870387923
0,0,0.48222436787124123
0,0,0.43800750061449106
0,1,0.532507794951598
0,0,0.3717754875565182
0,1,0.5735429500992931
0,1,0.5401744480419667
0,1,0.5160101733198003
0,1,0.5171211938335024
1,1,0.5029080527718377
0,1,0.5012867754663584
0,0,0.48395489705555117
0,0,0.43065081685202217
0,0,0.4697170967195369
0,0,0.41179711224707755
0,1,0.5132428247363852
0,0,0.45843518140985035
0,0,0.388963019534761
0,0,0.40049014996150867
0,0,0.47977450740810473
0,0,0.39873088567708714
0,1,0.5245409462173195
0,1,0.5475988122490204
0,1,0.5561698571511738
1,1,0.6056858545590669
0,0,0.42181921958829854
1,0,0.4586267828408178
0,0,0.3872890390309393
0,0,0.4922010883297265
0,1,0.5550380076970267
0,1,0.5083036617903918
0,1,0.5813784527086103
0,0,0.40775076613893857
0,0,0.4892164407102449
0,0,0.3844280284370689
0,1,0.6020923354138078
1,1,0.5785733715948175
0,0,0.48209374800667404
0,0,0.4746367904031121
0,0,0.4797495464961298
0,0,0.4036489643835596
0,0,0.44884649576957597
0,1,0.5168650351437539
1,0,0.41521588698605394
0,0,0.49679508239701403
0,0,0.45752845619694166
0,0,0.4457661745943793
0,0,0.3512705005927563
0,0,0.44998473160363334
0,0,0.3845385392440528
1,1,0.527745832479404
0,0,0.44848470222957126
0,0,0.47002009166369135
0,1,0.5067278178142876
0,0,0.44764282615238415
0,0,0.3839005465678498
0,0,0.4535898276586663
0,0,0.45245820645750745
0,0,0.4550861685565838
0,1,0.5317185488744758
1,1,0.5810348027153429
0,0,0.47979159814624234
0,0,0.4859903857781191
0,1,0.623842827945262
0,0,0.46430077764868133
0,0,0.47673650357368286
0,0,0.3852587189105099
0,0,0.4909128988045881
0,0,0.43752223855945294
0,0,0.3936467229379519
0,0,0.4184347420897816
0,0,0.4709068991691835
0,0,0.412630918508667
0,0,0.464127656740741
0,1,0.541480030609048
0,1,0.5101115327978101
0,1,0.5144931835488727
0,0,0.4619489717467844
0,0,0.4620528796687771
0,1,0.5428878962246845
0,0,0.3926874950006623
0,1,0.5027120057002925
0,1,0.5090479279873541
1,1,0.5721058127167303
0,1,0.5186977827663736
0,0,0.4554327201391193
0,0,0.4386496919543303
0,0,0.4471190904801942
0,0,0.49022182361128613
0,1,0.5719617106472511
1,0,0.49880928130805996
0,0,0.4545677624465092
0,0,0.42302233095737857
0,0,0.44844579666553563
0,0,0.46041846353968013
0,0,0.3996799959793283
1,1,0.5199386257412495
0,0,0.4855760064799729
0,1,0.5416484666392503
0,1,0.5252699703393003
0,0,0.3962698287591765
0,0,0.4908589533455825
0,0,0.4994768908628599
0,0,0.4654648434699741
0,0,0.4780753878202133
0,1,0.504769595917528
0,0,0.3975565108817619
0,1,0.558117997089986
0,0,0.3865171319355566
0,1,0.5084145785477717
0,0,0.45953520753781796
0,0,0.4279256382419316
0,0,0.40142316614561724
0,0,0.4941288745465725
0,0,0.4181030854388149
0,0,0.4099815898857645
0,1,0.5178654094073034
0,0,0.48107040707046084
0,0,0.4357897855995455
0,1,0.5405288862865014
0,0,0.4171028438757528
0,1,0.5521440498897187
0,0,0.4927000652142115
0,0,0.4311369843650871
0,1,0.5971908618328501
0,0,0.4502288931626973
0,1,0.5124570418490165
0,1,0.5205003460432066
0,0,0.4860504050498458
0,0,0.4754855539649702
0,0,0.44160867391644226
0,0,0.47552130602337733
0,1,0.531945023563955
0,0,0.3101437726403315
0,0,0.40292719620079187
0,0,0.4925348981704056
1,1,0.5265941964322508
0,0,0.4975932977976417
0,1,0.5524713307298156
0,1,0.5308606876908281
0,1,0.5793818745299797
1,0,0.46996837126105384
0,0,0.3692323130026731
0,0,0.42974189152314346
0,1,0.5687698889760271
0,0,0.40719355890977044
0,0,0.3557799690884471
0,0,0.40029539364391536
0,1,0.5022450043681862
1,1,0.5213001476591685
1,1,0.5363012950962242
0,0,0.43259388132793114
0,0,0.4717149883815697
0,1,0.5414934803256772
0,0,0.49962574809132837
0,0,0.45379003592497424
0,1,0.5603043673738106
0,0,0.3811915548040485
0,0,0.41767740632434225
0,0,0.49342147836539574
0,1,0.5233766348355409
0,0,0.47537263695662224
0,0,0.4620987183724414
0,0,0.4762423227525584
0,0,0.4415137561780028
0,0,0.4695552483530129
0,0,0.4954682559842862
0,1,0.5154895597053316
0,0,0.4681040209564955
0,0,0.46896768057500987
0,1,0.5064925707794236
0,1,0.5489625276879945
1,1,0.5103273229754964
0,0,0.4130648240908728
0,0,0.48902049516463547
0,0,0.4806051985001129
1,1,0.5983948875628866
0,1,0.5086267782057488
1,1,0.5148946513308283
1,1,0.5040598798943445
0,1,0.5055916432149359
0,0,0.41663383427559986
0,0,0.453117489484461
1,0,0.4512199785596012
1,1,0.5204417331427993
0,1,0.5561850494325586
0,1,0.5392580240511312
0,0,0.4789078652093081
0,0,0.396098204246843
0,0,0.37025993018316117
0,0,0.38999137183149934
0,1,0.5188990556551167
0,0,0.3943213597653445
0,0,0.38876546960743796
0,0,0.4820493269197253
1,1,0.557196316716568
0,1,0.5422383588194136
0,1,0.5474784579373885
0,1,0.5250763872348325
0,0,0.4064629591949466
0,0,0.42367449560067605
0,0,0.4171976053387089
0,1,0.5109303126136006
1,1,0.5675863566393609
0,0,0.4319296852423928
0,0,0.48899921817302494
0,0,0.38808144563024904
0,1,0.5278014157499432
0,0,0.4843685525039564
0,0,0.4554877657137599
0,0,0.4758386522906267
0,0,0.4104411346700089
0,1,0.5687174554905297
0,0,0.4377272185649181
0,0,0.42672794561141375
0,1,0.5323637478098292
0,1,0.5188757239141767
0,0,0.3817180180716757
1,1,0.5842579222643708
0,0,0.3300579587674928
0,1,0.5306768311912547
0,0,0.46801288469608104
0,0,0.46555223325109607
0,1,0.5502161274387541
0,0,0.4705558922479298
0,1,0.5006117116049303
0,0,0.4326017990572351
0,0,0.4083984171198311
0,0,0.44009532261381584
1,1,0.5891587395318798
0,0,0.40871781288937065
0,1,0.5158868197720575
0,0,0.4449851962593561
0,1,0.5392513503611382
0,0,0.49718434965070885
0,1,0.5369246391520616
0,0,0.4231248236458757
0,0,0.4189101360208846
0,1,0.5193333320164307
0,0,0.43521643721646264
0,0,0.4567770666883271
1,1,0.5651280409752006
0,1,0.5520051838919496
0,0,0.4398301377370015
0,0,0.4896614860941513
0,1,0.5778531392981237
0,0,0.4888263421594911
0,0,0.4587411919257769
0,0,0.4401219844663025
0,0,0.3929837953604873
0,0,0.4118125661926186
1,0,0.43539882599246865
1,1,0.56573410077723
0,0,0.4395006840324426
0,0,0.32409361545645443
0,1,0.5377117781424721
0,0,0.45276328948117844
0,0,0.38677783439260127
0,0,0.4654099179240091
0,0,0.3101518290266952
0,0,0.42628595265972247
0,0,0.41747273729918305
1,0,0.424791012410224
0,0,0.43259977247581893
1,1,0.5300238842252907
0,0,0.4243563338777938
0,0,0.48314473653268214
0,0,0.41589713994600497
1,0,0.48177957137519717
0,1,0.5002278545496321
0,0,0.36975909640767024
0,0,0.44915129787305397
0,0,0.4631738124857758
0,0,0.4122084945740797
0,0,0.48723572758476225
0,0,0.4914549910501341
0,1,0.5159503234442994
0,0,0.4143984628908596
0,1,0.5436435106809543
1,0,0.46091826788195284
1,1,0.5277246212638067
0,0,0.41181620189116425
0,0,0.48918251144575264
0,0,0.36153348218292797
0,0,0.37704886852293495
1,1,0.5375159228777937
0,1,0.5085404145274708
0,1,0.5103215889646
0,1,0.5336620778417608
0,0,0.4526674697702293
0,0,0.4229635482956697
0,0,0.4826814585419138
0,0,0.4197807623598112
0,0,0.46575817962658994
0,0,0.3649424926130828
1,1,0.5181096219690587
1,0,0.4304473567568434
0,0,0.4376406928792829
0,0,0.45155096803485734
0,0,0.44720574754183423
0,0,0.42173500198488895
1,1,0.5508265431160525
0,0,0.3460480089426494
0,1,0.5423196916591881
0,0,0.45987099446656965
0,1,0.5100991788588329
0,0,0.4758079552594876
1,1,0.5564377127179728
0,0,0.44920846256889
1,1,0.5034224134245063
0,1,0.5843330817718246
0,0,0.4658428182095796
0,0,0.37436700433928993
0,1,0.5779545681135838
0,0,0.3859937022292294
0,1,0.5272794979574574
0,0,0.36595432745668205
0,0,0.44332738555358675
0,0,0.298924767498982
0,0,0.41874277546771266
1,1,0.5760977334540063
1,1,0.5548788058312053
0,0,0.4372095834272352
1,0,0.499639337318355
1,0,0.3972139240264287
0,1,0.5142101828495753
0,1,0.5053342142903127
0,0,0.4709873252952432
0,0,0.48009176386831626
0,0,0.46926140393968574
0,1,0.5377695713493713
0,0,0.37119803461216955
0,0,0.4403062273310387
0,0,0.49834611237559445
0,0,0.4158665548562767
0,1,0.5054621271257053
0,0,0.4367259471439546
0,0,0.4676186745884728
0,1,0.5556482644211325
0,1,0.573274312055955
0,0,0.49981032279078014
0,0,0.47288859534919764
0,0,0.3626831580758924
1,1,0.5661781611707538
0,0,0.35569945226748123
0,1,0.5053056275655112
0,0,0.39411084760697646
0,1,0.5388812611283766
0,1,0.5727729124719688
0,0,0.3827981221311413
0,1,0.5999956332171563
0,0,0.44590036566915836
0,0,0.47702735916993033
0,0,0.35379082730815453
0,0,0.3531126315893165
0,1,0.5531863830556522
0,0,0.4467157598859108
0,0,0.4449677316579659
0,0,0.4665970960920616
1,0,0.4846752247874544
0,0,0.43104088908805216
0,0,0.3740216299036938
0,1,0.5321727912316774
0,1,0.5397131254717312
0,0,0.3178639835238327
0,0,0.47548958120933366
0,1,0.5444509639796162
1,1,0.5871545911706609
0,0,0.33326713614709724
0,0,0.4575165996219851
0,0,0.36512775996163066
0,1,0.5975066959855835
0,1,0.5968860013896898
0,0,0.48997291676799526
0,1,0.5424652743236642
0,1,0.5389403875968578
1,1,0.5362006863536862
0,0,0.448025038313336
0,1,0.5433656991851865
1,1,0.596454806247262
0,1,0.5892381543080298
0,1,0.5352936970432508
0,0,0.44131820177912473
0,1,0.5095721419303681
0,0,0.4714369760384215
0,0,0.4230121444306385
1,1,0.5320488759972981
0,1,0.5515323196703193
0,1,0.5436167012966516
0,1,0.5415002174892662
0,0,0.44035907370498373
0,0,0.49247304816849286
0,0,0.3841059204364209
0,0,0.4352906112394131
0,1,0.514134051431189
0,1,0.5740108983845006
0,0,0.4622379153392625
0,0,0.44994296056197813
0,0,0.3847658092702753
0,0,0.4783945300198248
0,0,0.4327337063071843
0,1,0.5380034678874921
0,0,0.4627294068771227
0,1,0.5145953254977101
0,0,0.3977923260816367
0,0,0.46432892572175555
0,0,0.48747605131788724
0,1,0.5572608118486189
0,0,0.4979526702923684
1,1,0.5581152446884738
0,0,0.36983225005981785
0,1,0.5281857755273455
0,0,0.4277873546970998
0,0,0.4852082903310222
1,0,0.4554651309560167
0,0,0.4986578323512418
0,0,0.41271765709681674
0,1,0.5418036914144353
1,0,0.47144363676000894
0,1,0.5504529895310856
0,1,0.5122680951271391
0,0,0.48892942009115764
1,1,0.5632217384224368
0,1,0.5993300739558423
0,0,0.42473765948159076
0,0,0.45299388636525906
0,1,0.5595171260835072
0,0,0.46563552004499054
0,0,0.3959501862109341
0,0,0.4762223709795739
0,0,0.3967538641887098
0,1,0.5178949572335144
0,0,0.40143333185400065
1,1,0.5544083125325023
0,0,0.459677548444314
0,0,0.40641213999055914
0,1,0.5044380334572707
0,1,0.5405512396521902
0,0,0.4206733878442604
0,1,0.5115407445056295
0,1,0.5610997763200224
1,0,0.4872278368066265
0,0,0.47403371403277383
0,1,0.528325295414526
1,1,0.5236038068306276
0,1,0.5084055694525741
0,0,0.4737032084788945
0,0,0.3864793255554819
0,1,0.517168468364997
0,0,0.47841974609800525
0,0,0.38083576880729497
0,0,0.41914609608127146
0,0,0.3955154241622739
0,1,0.5771475310407103
0,1,0.5230103675072632
1,1,0.5578965641843664
0,0,0.39920850892712245
0,1,0.5612253502100797
0,1,0.5061069352257829
0,1,0.544461930646867
1,0,0.45570370864729076
0,0,0.3617164484556457
0,0,0.48961436227899396
0,1,0.5613349465068939
0,1,0.5396348035977688
0,0,0.405816349401996
0,0,0.4286509812796446
0,1,0.6157018549005816
0,1,0.5254569338074335
0,0,0.4387466455695344
0,0,0.4318362944426258
1,1,0.6299538592444958
0,0,0.4166362478362121
1,0,0.4679837879253254
0,0,0.4875847052695398
0,0,0.47504289616189577
0,1,0.5136202462417173
0,0,0.4715601347983568
1,0,0.44941692438112185
0,0,0.41233179843180534
0,0,0.3511980357370106
0,1,0.5207257625825874
0,1,0.5395991355242281
0,0,0.46377321184665976
0,1,0.5348411548546393
0,0,0.48906540878641763
0,0,0.42702496617157054
1,1,0.5462148334798292
0,0,0.45165165219613745
0,0,0.4442594713580955
1,0,0.4860305567343402
0,0,0.4202903729941424
0,1,0.5651901494708944
0,0,0.4154125915144521
0,0,0.49013279907634166
0,1,0.5189700232398107
0,0,0.474211837160215
0,0,0.4536312180906065
0,1,0.5408967343871255
0,1,0.5424990403263744
0,1,0.5283309252767278
0,1,0.6031297831011213
0,1,0.5981919249534259
0,1,0.5047748429769029
0,0,0.4441897794433403
0,0,0.4776616562218867
0,0,0.4239057661769797
0,0,0.3986263718317543
0,0,0.4717101543140397
0,1,0.5538949100619717
0,0,0.3601768061154987
0,1,0.5339947319729923
0,0,0.38241847643903204
0,0,0.4137333523358653
0,0,0.41796346618704716
0,1,0.5093280454777163
0,1,0.5331879056384963
0,0,0.44722061150517
0,0,0.4873467488832333
0,1,0.5469851174037514
0,0,0.39680447873935193
0,0,0.4160774040062346
0,0,0.42669721962153867
0,0,0.49209274805544423
0,0,0.39489695448353374
0,0,0.39671499382062225
0,0,0.33749164698936845
0,0,0.4193041466947747
0,0,0.44970187603826384
0,0,0.43382012850293955
0,0,0.45893992850657755
0,1,0.6096237117487894
0,0,0.3569268799236307
1,0,0.41911530472629643
0,1,0.5316416746651195
0,0,0.41848248846675157
0,1,0.5368393752803796
1,1,0.5055921874523492
0,0,0.4961062669227949
1,0,0.4290587562206273
0,1,0.5371420191758789
0,0,0.4140497258872707
0,0,0.46263910947423453
1,0,0.4785568654595368
0,0,0.42144931547272757
0,0,0.4633637998601449
1,1,0.5461732642128997
0,1,0.5235718664601287
0,0,0.4227527543015478
0,1,0.5600032281267221
0,0,0.3954449520213722
0,1,0.5460616748802716
0,1,0.507598766683595
0,1,0.5677368906139459
0,1,0.5545559577852588
0,0,0.33793665883390184
0,1,0.5373764478556583
0,0,0.4147687670876369
0,1,0.5123535909282338
0,0,0.49083634482399063
0,0,0.4316720601173108
0,0,0.4499323678701637
0,0,0.42980699558274005
0,0,0.4403223800987444
0,1,0.5380038120627358
0,0,0.3703902160448704
0,0,0.4880454019360292
0,1,0.5285639856718792
0,0,0.4902384954855228
0,0,0.4577395808976716
0,0,0.4721584922355311
0,0,0.48974571863752625
0,1,0.5610266364241983
0,1,0.532365039035911
0,1,0.561343565691914
0,0,0.4327773599140556
1,1,0.513868151778667
0,0,0.42451279976555684
1,1,0.5124363725725597
1,1,0.5580371438320954
0,0,0.36778941817960004
0,0,0.45840171436631044
0,0,0.4977692430243603
0,1,0.5133003320359277
0,0,0.3632037844699637
0,1,0.5439081858350364
0,0,0.4899973602524686
0,0,0.493870576603906
0,0,0.42353510102521946
0,1,0.5191610884911269
0,0,0.47254816496962304
0,0,0.4453320942694593
0,0,0.48771582092533705
1,0,0.41610465426970167
0,0,0.46751593891583176
0,0,0.4317446717818724
0,0,0.44606462858010815
0,1,0.529146602714855
0,0,0.49750184714261403
1,0,0.4950585472476486
0,0,0.40553980600754314
0,0,0.4524524809569563
0,1,0.5362875074893804
0,1,0.503844896188652
0,0,0.49331059824223794
0,1,0.6143282852162278
0,0,0.4372707851578784
0,0,0.44926700276642334
0,0,0.3610524673678508
0,0,0.43159296401350267
0,1,0.516498515221135
0,0,0.4875226005190172
0,0,0.4814742056343646
0,0,0.46447163725179996
0,0,0.4198949193071275
0,1,0.5233877750404164
0,0,0.4767953344207006
0,0,0.41655797650968795
0,0,0.4272283794864741
0,1,0.5138863296554207
0,1,0.5002637139589722
0,0,0.4719108965417566
0,1,0.519786352840234
0,0,0.4497478647897571
1,1,0.5158610967437592
0,0,0.4156122823130349
0,1,0.535411487550775
0,1,0.5163903458357697
0,0,0.48087228679681204
0,0,0.38634960866187773
0,0,0.3501650962536187
0,0,0.4200620474153753
0,0,0.4605130228587677
0,1,0.5965070621631624
0,0,0.3809231119703513
0,1,0.5023009167118815
0,0,0.3707767381199605
0,0,0.41908687916607185
0,0,0.3825773438536216
0,0,0.4555639247954551
0,1,0.6002016699045953
0,0,0.49622165379002703
0,0,0.4576251325620244
0,0,0.4528107264343369
0,0,0.3976842648781581
1,1,0.5791411609825768
1,0,0.48680788618053605
0,0,0.45310965331584874
1,1,0.5071976045958295
0,0,0.40413724697728526
0,1,0.5003052515364651
0,0,0.4164258104344059
0,1,0.5382890155497705
0,0,0.39199695655923356
0,1,0.5094162675015812
1,0,0.4772259630787444
0,1,0.5648416817325573
1,1,0.5072962231275957
0,0,0.4064366564565837
0,0,0.49178265193340004
0,1,0.5284911323708124
0,0,0.42442268264142013
0,0,0.4751338997533325
0,0,0.4028676668621434
0,1,0.5933726711361462
0,0,0.43687889264699314
0,1,0.5240611279305306
0,1,0.5145185496872675
0,0,0.4587567086163731
0,1,0.5127658839004312
0,1,0.5023457080373852
0,0,0.3347128316540944
0,0,0.3921927337757493
1,0,0.4704287585711762
1,0,0.422399621848692
0,1,0.5453373036682855
0,0,0.42576858927211075
0,0,0.35417203128302427
0,0,0.3562065808968666
0,0,0.4993801916035652
0,0,0.3920620718495904
0,0,0.41974740277098627
1,1,0.5234596890989289
0,0,0.4377123830107298
0,0,0.469569113880277
1,1,0.5441914755837097
0,0,0.47221111224398804
0,1,0.5511191494022502
0,1,0.5077954193919857
0,0,0.47083478499573544
0,0,0.4525989766862793
1,1,0.6075235820739698
1,1,0.514992430515929
0,0,0.38974947099631324
0,0,0.47856124116653603
0,0,0.4782705760523312
0,0,0.47443634929728096
1,0,0.4208121848357054
0,0,0.34837074721667394
0,1,0.5028779799098753
0,0,0.4476303778812392
0,1,0.5247014018112235
0,1,0.5564417191769994
0,0,0.41671873194303255
0,0,0.4677956523653321
0,0,0.4772641659398322
0,1,0.537778670111656
0,0,0.4536878128583407
0,0,0.39474639613055307
0,0,0.4654251275496909
0,0,0.4596652401537439
0,1,0.5274142825062528
0,0,0.4652688222229353
0,0,0.36270350601279416
0,1,0.518138267149646
1,1,0.5378024542566385
0,1,0.5126117921938385
0,0,0.4860176762798989
0,0,0.46742488104325125
0,0,0.38241368039637863
0,1,0.5489521311081884
0,0,0.44724070574860375
0,0,0.3884598026613543
0,0,0.38739945875498805
0,0,0.39701557196414333
0,0,0.4665906600519928
0,0,0.40397506843619047
0,0,0.4888639079973744
0,1,0.5403590219739894
1,1,0.5885545778145979
0,0,0.3657684418499361
0,0,0.4869570416427723
0,0,0.49922210338729356
0,1,0.506964066785768
0,0,0.4307661070301199
0,1,0.5093652985162145
0,0,0.47891055355970286
0,0,0.42610966506619186
0,0,0.411770567156432
1,1,0.53161320085984
0,1,0.5213854004890872
0,0,0.486886829151295
0,0,0.39233937994498624
0,0,0.4955832491322126
0,0,0.3671694191421955
0,0,0.33200571650186445
0,0,0.4577947214679023
0,1,0.5403428039143043
0,0,0.37631798289940527
0,0,0.48122435232606814
0,0,0.4959266444228873
0,0,0.4497427815127471
0,1,0.505539461962111
0,0,0.41477511654820093
0,0,0.36861864558208096
0,0,0.49940732195969856
0,0,0.4336414072199114
0,0,0.4614138589671563
0,0,0.4892940107111308
0,0,0.46661594373157894
0,0,0.42574063315461236
0,0,0.3992182168629587
0,1,0.5574203393670754
0,1,0.5271339879142466
0,1,0.5248089584555111
0,0,0.4792931638175443
0,1,0.5168056280031104
1,1,0.5483323107518625
0,1,0.5108532944355342
0,1,0.5390246293357768
0,0,0.3626207131941843
0,1,0.5011229008979909
0,1,0.5134588268473359
0,1,0.501917656446097
0,0,0.3792643239427402
0,0,0.3965552781739904
0,0,0.47564575112208146
0,1,0.5404195768434445
0,0,0.4609288904050966
0,0,0.4730890373520292
0,0,0.4792852586850395
0,0,0.3205038310089365
0,0,0.3926324794742314
0,0,0.3449365059417526
0,0,0.4782334281810022
0,1,0.5394398323338224
0,0,0.47240513612604346
0,0,0.4649777003062242
0,0,0.4039918093328275
0,0,0.3792793123125302
0,0,0.4840092327490376
0,1,0.5032111189051297
0,0,0.3738838280118975
1,0,0.4787390693961232
0,1,0.5664131484052857
0,1,0.5027835932486425
0,1,0.6375452642316204
1,1,0.5313711710139358
1,1,0.5904720846973271
0,1,0.5399032736819059
0,0,0.4857891246501437
0,0,0.49395120051164804
0,0,0.47812654723111014
0,0,0.4710690805947941
0,1,0.5319856587552377
0,0,0.37534231871420715
0,1,0.539831688002143
0,0,0.3448580568193495
0,0,0.48331685525872314
0,1,0.5354843910419269
0,1,0.5198241160365492
0,1,0.5010796387710044
1,1,0.568484870726953
1,0,0.39118524597213594
0,0,0.3913097477834191
1,0,0.47393708714320065
0,1,0.5120566347244059
0,0,0.4358708808851342
1,0,0.494893537459545
0,0,0.4481137808421812
0,1,0.5615266728714172
0,0,0.3524963148090306
0,0,0.48712509691722483
0,0,0.475635761053813
1,1,0.561928893441987
0,1,0.5206157677127032
0,0,0.34576834380360205
1,0,0.36492561421710007
0,0,0.47818572092900363
0,0,0.46749831818167825
0,0,0.44784998669194964
0,0,0.3435642698080217
0,0,0.49520432528225133
1,1,0.5568081720825235
1,0,0.45845183546486673
0,0,0.3886353756791079
0,0,0.3198592897986071
0,0,0.45544071135829206
0,0,0.41344335630306317
0,0,0.4991663858957986
0,0,0.4611852553892251
0,0,0.36255225943493774
0,0,0.4056744489924485
0,1,0.5197285005526523
0,0,0.4075216074589419
0,1,0.5154627469091636
0,0,0.3689201863141253
0,0,0.48768604466182625
0,1,0.5200011419527616
0,1,0.5642080192763015
0,0,0.4070136822962156
0,1,0.5190460132442412
0,0,0.3674044492903991
0,0,0.4740799196778785
0,1,0.5695404324811182
1,1,0.521076258960877
0,0,0.4784393834540289
0,0,0.4958836489356972
0,0,0.49416470496593606
0,1,0.5600017935193484
1,1,0.5889588205786808
0,0,0.4205077071012511
0,0,0.42546192798782717
0,1,0.5853529859463419
0,1,0.5460911652619527
0,0,0.4534501592233859
0,1,0.5171985615969916
0,0,0.4791193424523746
0,0,0.4829126111069495
0,1,0.560891820376281
0,0,0.46959325673444213
0,0,0.49392130104500376
0,0,0.4649503046930156
0,1,0.528201695498151
0,0,0.4567662157991612
0,1,0.5360842433759508
0,1,0.5385865164273095
0,0,0.47501824466636117
0,0,0.39943433616687096
0,0,0.42502328291066227
0,0,0.39579331011185503
0,1,0.6156439664232232
0,1,0.5374924042876913
0,1,0.5228515271040763
0,1,0.5476664457724271
0,1,0.5399164854072792
0,0,0.4518084829638351
1,0,0.46349961193206696
0,0,0.3866099621055404
0,1,0.5019972697931309
0,0,0.4154070646466049
0,1,0.5481689315567423
0,1,0.5353358090992387
0,1,0.5266325612682063
0,0,0.4472426634508536
0,0,0.44654939179877295
0,0,0.4509655354061675
0,0,0.3967777229518689
0,0,0.4784385572243849
0,1,0.5228468246920106
0,0,0.47567726723921827
0,0,0.4978250722283392
0,1,0.5332807995824761
0,1,0.5034844630915639
0,0,0.4878864071267964
0,0,0.4518543036112264
0,0,0.4851676661014351
0,0,0.4335578963865332
0,0,0.4234814709691756
0,0,0.47463164031082977
0,0,0.4021024188034631
0,1,0.5034456624677394
0,1,0.5952354660782758
0,0,0.4636385328917919
0,0,0.46449324704267214
0,0,0.48188731127303547
0,1,0.5350792739047538
0,1,0.5472832426474574
0,0,0.49711406411271936
1,1,0.5734327531859331
0,0,0.35877337967901973
0,0,0.43357332957482464
0,1,0.5044628161353942
0,0,0.36345267582203017
1,1,0.5794694250378629
0,1,0.5409819562160653
1,1,0.5124060188912289
0,0,0.42437071841542795
0,1,0.5082173045623923
0,1,0.521276590017323
0,1,0.5157350611329337
0,0,0.4936968336519599
0,0,0.38297983653860557
0,0,0.43072582930327546
0,0,0.3924282297514115
0,0,0.47060587954318434
0,0,0.4604274622762034
0,1,0.5410771975393075
0,1,0.5064703182653926
0,1,0.5019533839810267
0,1,0.5187245906413341
0,0,0.4347129714895598
1,0,0.4224236269277344
0,0,0.4461284972309457
0,0,0.3830359529826721
0,0,0.43522474864968236
0,0,0.4688731899124054
0,0,0.4873499955447788
1,1,0.5583954722443921
0,0,0.41322738360066147
0,0,0.4117363713117804
0,0,0.4607455345367206
0,0,0.3883613115349629
0,0,0.46151393658008316
0,0,0.4440976992772913
0,1,0.5986790924501859
1,0,0.43436400559169236
0,1,0.5674335373729763
0,0,0.46866532034898417
0,1,0.5421214972520915
0,1,0.5068352078123678
0,0,0.365489623503343
1,0,0.46380010513765507
0,0,0.4148251214938567
0,1,0.5336516579155378
0,0,0.4386356289776023
0,0,0.48474361081493017
0,0,0.3397784757920559
0,0,0.4921072429357589
0,1,0.5792005186316673
1,1,0.5880785670870833
0,0,0.4972290716761982
0,0,0.4704237694822117
0,0,0.4669932723109077
0,0,0.46392639017081727
0,0,0.4747891403905087
0,1,0.5529199301267752
0,0,0.49320581012515485
0,0,0.46747014059473435
0,0,0.49156587683710457
0,0,0.4497081763133469
0,1,0.5391314990689579
0,0,0.430821313454361
0,0,0.3792117237637178
0,0,0.36750833762445706
0,0,0.4501846386103596
0,0,0.43648527673610715
0,0,0.4843828788793732
0,0,0.4177463321929957
0,1,0.6152202582345941
1,1,0.6251497249369937
0,0,0.4785518861649977
0,1,0.551697277637463
0,0,0.4521178335796271
0,0,0.40437388139041325
0,0,0.47279716227781493
0,0,0.4424128184835797
0,0,0.4326829376507906
0,1,0.5425659621981712
0,0,0.4417134822131703
0,1,0.5014655633428147
0,1,0.5588243350408436
0,1,0.5650216780557589
0,0,0.46257981521546704
0,1,0.5146094180548418
1,1,0.5614086156264303
0,1,0.5102624148966036
0,0,0.4105289501009626
0,0,0.43783106495526963
0,1,0.5201652017289493
0,1,0.5632123218972979
0,0,0.48719396328939985
0,0,0.44638089536916115
0,0,0.4417972082549262
0,0,0.3312015365657563
0,0,0.4649697728605377
0,0,0.4275561261286711
0,0,0.4798306701304104
0,0,0.45018139325863266
0,1,0.5375341507905788
0,0,0.4587814551920698
0,0,0.391255777136322
0,0,0.3994264306625704
0,0,0.39039944383961783
0,0,0.4312280890939812
0,0,0.4469443047287834
0,1,0.539344851562836
0,1,0.5014063150428956
0,0,0.4364968022830123
0,0,0.49875190551197823
0,0,0.49513066079639734
0,1,0.5706897636726133
0,0,0.41798100013084666
1,0,0.4907023063074072
0,1,0.5301705735622061
0,0,0.451155861124117
0,0,0.4305136112002227
1,1,0.6299443285587372
1,0,0.46195187582706354
0,1,0.5601746802390027
0,1,0.5007818996768569
0,0,0.3867087119927865
0,0,0.44701026882905565
1,0,0.4548985857223002
0,1,0.534250293726966
0,0,0.47955354882431533
0,0,0.4282057440435073
0,0,0.463080546741868
1,0,0.37558663437199835
0,0,0.39276389534381073
0,0,0.4744785572973214
0,1,0.5114927048476402
0,0,0.4735457222225937
0,1,0.5356923875482085
0,0,0.42123766063094836
0,0,0.4209265156679104
0,1,0.5180050406312476
0,1,0.556262058443352
0,0,0.3953553919297614
0,0,0.4819317808178982
0,0,0.3765241411777953
0,1,0.5059382308097473
0,0,0.4623423456584447
0,1,0.5210136176490736
0,0,0.4986836776376816
1,0,0.4699942541685167
0,0,0.47709090245615193
0,0,0.4467454939463555
0,0,0.478181970155666
0,0,0.352696948965078
0,1,0.5173455356820947
1,1,0.6196765041014888
0,1,0.5003103513055889
0,1,0.5457553573121265
0,0,0.3986889196548142
0,1,0.529330015032612
0,0,0.4646984770867732
0,0,0.4556050402298406
1,1,0.5144721171104607
0,0,0.4138060375274275
0,0,0.41468657261912834
0,0,0.49417533127942037
0,1,0.5319586372037353
0,0,0.39246995809052065
0,0,0.39323455551106035
0,0,0.45957191997529095
0,1,0.5120223534164936
0,0,0.43322495449883575
0,1,0.5515975088279673
0,1,0.5381175110881995
0,1,0.6146912522079713
0,0,0.39646924778606585
1,0,0.4601043883160888
0,0,0.41091948957985136
0,0,0.37648298072324693
0,1,0.5431758999284657
0,0,0.39202517335663684
0,1,0.5262129699390455
0,1,0.5113849729408185
1,0,0.4747607493074202
0,0,0.4698524317930006
0,0,0.36072956661843547
0,1,0.5383232827062244
0,1,0.5539953794689617
0,0,0.43941996390096594
1,0,0.41893388479140276
0,0,0.43974918803995044
0,0,0.4417480201623297
1,1,0.5244561927994398
0,1,0.5527992368716694
0,1,0.533703194378176
0,0,0.48144396284487256
0,0,0.4523512539158373
0,0,0.43687434079861076
0,1,0.528921090693737
1,0,0.48836612984016214
0,0,0.4915240513537622
0,1,0.5347273713848922
0,0,0.3900200696062285
0,1,0.5728381086735791
0,1,0.5383109157761282
0,0,0.42301788434606025
0,0,0.46990498910544004
0,0,0.4637641233952643
0,0,0.45258163999239415
0,0,0.4978779517308694
0,1,0.5290286256484024
0,1,0.5653423988221562
0,1,0.5422425681002108
0,0,0.43709789188307957
0,0,0.39718771561307187
0,1,0.6047126096869629
0,1,0.5322623130254822
0,0,0.48126036758211366
0,0,0.48146102159628607
0,1,0.5560537880744273
0,0,0.48205706331198334
0,0,0.4043997011891236
0,0,0.3483677267644086
0,1,0.5430099340847722
0,0,0.452843021770724
0,1,0.5768789167652728
1,1,0.5201925311625718
1,1,0.5637655704880674
0,0,0.48066650578636144
0,1,0.5191567209537211
0,0,0.41846249477340325
0,0,0.4465462940456943
0,1,0.5246442594652762
0,0,0.4721620294907945
0,0,0.47731219786807616
0,0,0.41551466825888966
0,0,0.44937374184680334
0,0,0.37182170640908924
0,1,0.5435903980324597
0,1,0.5427024092017367
0,0,0.44081091633038016
0,0,0.3690634278975229
0,0,0.4936737637569851
0,0,0.4013422019181019
0,1,0.5357939185552917
0,1,0.51936017621163
0,0,0.4454660085004699
0,0,0.4892261976650336
0,0,0.4919884183291846
0,0,0.4945871263060777
0,1,0.5067577777537143
1,1,0.5585992357302932
0,0,0.4959025411389948
0,0,0.4737770558689073
0,0,0.4943902212476457
0,1,0.5115426760613915
0,1,0.6042376587418707
0,0,0.41723726302031156
1,1,0.5508602190961543
0,0,0.3743985447604041
0,1,0.522378231689038
0,1,0.5258580927024381
0,0,0.4000044791520216
0,0,0.43160973829536237
0,0,0.3092115207254478
0,1,0.5010976469814803
0,1,0.5202677454379685
0,0,0.4082610019433839
0,0,0.40152113256109856
1,0,0.4891606541864805
0,1,0.5252806954838296
0,0,0.36079599693186354
1,0,0.4896431916239207
1,0,0.47271651341928383
0,1,0.5037756314470948
0,1,0.5210601271227191
0,1,0.5056408885888259
0,0,0.4622619172099411
0,1,0.5942529474272549
0,1,0.5411126199146133
1,1,0.5542608374499305
0,1,0.6038364284305563
0,0,0.43976869720193235
0,0,0.44423612187533995
0,0,0.4748753169617564
1,1,0.5966480371271865
0,0,0.44284284635852744
0,0,0.4849746001757373
0,0,0.4013690000632642
0,0,0.48386351910124886
0,0,0.4857942829421139
0,0,0.44788397935490926
1,1,0.6055083538792536
0,0,0.4993093463884546
0,0,0.48553399066049807
0,0,0.4746614476885439
0,1,0.5944863555014311
0,1,0.5962617410280894
1,1,0.5444607017075345
0,0,0.4958884061194375
0,1,0.503482798104596
0,0,0.47779324547557145
1,0,0.4645754543406354
0,1,0.5881375095265083
1,1,0.5283456547887235
0,0,0.36946472317358603
0,0,0.47801613993320197
0,0,0.4212556573964219
0,1,0.5626791897916199
0,1,0.5217242694436834
0,0,0.4382807828810767
0,0,0.4996268535244041
0,1,0.5020739942520218
0,0,0.45983326148373654
0,0,0.3912110966351239
0,0,0.4624626729302467
1,0,0.4681320298753889
0,1,0.5402697916203438
0,0,0.495824180413373
1,1,0.5489837938872458
0,0,0.354635179775222
1,1,0.5275446600040039
1,0,0.36959218117689263
0,0,0.40466141300950675
0,0,0.4026417108516705
0,0,0.4186227338694097
0,0,0.435943849801605
0,1,0.5651003402099468
1,0,0.45229104274190873
0,0,0.42190895000868706
1,1,0.5845101959889422
0,0,0.46288179777135746
0,0,0.43715920186190294
0,0,0.4170004645065021
0,0,0.49075567958306965
0,0,0.3902025183078485
0,0,0.4141556947544688
1,1,0.5718426208143488
0,1,0.5732967692879892
0,1,0.587459913470123
1,1,0.5449155918261985
0,1,0.5078918995461428
0,1,0.5101979428931789
0,1,0.571804133002663
0,0,0.4406650719772113
0,1,0.5051198543535392
0,0,0.4897515111729646
0,1,0.5201004436281567
0,1,0.5237111628974476
0,0,0.49085178328971274
0,0,0.40339780632117694
0,1,0.5178941812422608
0,1,0.5093256688552895
1,1,0.509761116894749
1,1,0.509641198291192
0,0,0.39408492961919445
0,0,0.3910539673921191
0,1,0.539723664533301
0,0,0.47433346175179575
0,1,0.5174238770779807
0,0,0.4555151136394283
0,1,0.5043203147997728
0,0,0.3640021240728587
0,0,0.49438679391020834
0,0,0.45628864531581287
0,1,0.5240198777601723
0,1,0.5330183492487
0,0,0.49765419831124574
0,0,0.45291903848268333
0,0,0.4172965143700804
0,1,0.5259888758815368
0,0,0.36496281866601743
0,1,0.5007763307033186
0,0,0.4646463730843031
1,1,0.5087000620719335
0,1,0.516659927956788
0,0,0.4913464570900622
0,0,0.47824560598445054
0,0,0.37856524074500764
0,0,0.3523388928464763
0,1,0.557664764021511
0,1,0.5619028780762055
0,0,0.3580135406877559
0,0,0.3835752549557812
0,1,0.5624930523943403
0,0,0.425262424154351
0,0,0.43573375513083684
0,0,0.46492828178112006
0,0,0.4627513716483682
0,0,0.4831104176837426
0,0,0.3549863368629271
0,0,0.47637388027284144
0,0,0.46598727664816136
0,0,0.4642642234405248
0,1,0.5750515916427811
0,0,0.45174849284043916
1,1,0.5427870049825928
0,1,0.5473900363155636
0,0,0.4799456385911124
0,0,0.4788730641016072
1,1,0.5777588537885697
0,1,0.5042294098016155
0,0,0.3342684206119161
0,1,0.5805132357409383
0,0,0.38238901932521524
0,0,0.4321588225951802
1,1,0.5246760833015809
0,0,0.43457350082710355
0,0,0.39391456033741806
0,0,0.370113930727779
0,0,0.42322647313055745
0,0,0.495919388499204
0,0,0.4992669437348156
0,0,0.42864082515223584
0,0,0.4332657006178063
0,1,0.5276804830326473
0,0,0.43763171988322325
0,0,0.4220583344412862
0,0,0.4610811672953452
0,0,0.4916002887633077
0,0,0.39983344226386414
0,1,0.5501996414912604
0,0,0.476472841926761
0,1,0.5434625184367625
0,0,0.3706533935921124
0,0,0.43949836970661993
0,0,0.3090670300499529
1,0,0.4931511062433154
1,1,0.5669497413428454
0,0,0.48789980149948
0,1,0.5236735120840726
1,1,0.5200616976826942
0,0,0.48615649845808984
0,0,0.4143210096863562
0,1,0.521741973122988
0,1,0.5273659146882065
0,0,0.3325762414633363
0,1,0.525500249672467
0,0,0.4961151333109231
1,1,0.536088152334311
0,0,0.48888376223543434
0,1,0.581453411157742
0,1,0.5465536146286475
0,0,0.42438988547703554
0,1,0.5225277331679737
0,0,0.36558607976322866
1,1,0.5899567490779903
0,1,0.5351109585625365
0,1,0.5449211365464182
0,0,0.46326728875774037
0,0,0.4754072171072029
0,0,0.3433902308371465
1,1,0.555439896704752
0,0,0.49411266953098526
1,0,0.43103175958739653
0,0,0.39443434995764365
0,0,0.43765531591755086
0,0,0.4570381047609225
0,0,0.4890418557360988
0,0,0.4916064749866256
0,0,0.4220273447537701
0,0,0.4686817512405238
0,0,0.42285425392725284
0,0,0.42405862038382347
0,1,0.5020209844034372
0,0,0.33587016769719985
0,0,0.4476739022203153
0,1,0.5008359980181254
0,1,0.5606994855979714
0,1,0.5579033636064392
0,0,0.4315428306948233
1,0,0.42473684579964405
0,0,0.4821961585519181
0,1,0.5204488139623717
0,0,0.44799322060967045
0,0,0.48367609472197515
0,1,0.5445973888740313
0,0,0.45701768593759856
0,1,0.5612246439454095
0,0,0.4816911660808355
0,0,0.43755306456408183
0,0,0.41080381413098394
0,0,0.4882219464852647
0,0,0.4793669251523898
0,0,0.49862619537596103
0,1,0.5728986062121529
1,1,0.5010779254160387
1,0,0.4090453826652037
1,1,0.5909601921005881
0,0,0.4516469694595213
0,0,0.3951593546916772
0,1,0.5146355660928738
0,0,0.4096779586253336
0,1,0.5740258189748877
0,0,0.4957116701559546
0,1,0.530515770750763
0,0,0.4781306083693999
1,1,0.5693997561956712
0,0,0.45809635899723533
1,1,0.5195158399496964
0,0,0.4704738705365245
0,0,0.4853697605755857
0,1,0.5710714384072246
0,1,0.5196107416254004
0,0,0.4195703807985266
0,0,0.3675578984277676
0,1,0.5530719875115531
0,0,0.4872589510601738
0,1,0.5261032812691726
0,0,0.43910477405554765
0,1,0.5266650137827369
0,1,0.5553696928783579
0,1,0.5675533662373018
0,0,0.3846123688244431
0,0,0.4000937001874831
0,0,0.47252291920837464
0,1,0.5430535073550086
0,0,0.39584831671903264
0,1,0.550368026702657
0,1,0.5192816850089833
1,1,0.5318258401012208
1,1,0.5255523995957933
0,1,0.5324353762179176
0,0,0.47659431120274315
0,0,0.4755475398183403
0,1,0.5282864990760777
0,0,0.4235174498697702
0,0,0.48456520778729567
0,0,0.4729314433432927
0,0,0.41906698824424815
0,0,0.4482214698511476
1,1,0.5912042917643676
0,0,0.36690892415548243
0,0,0.4672800112208706
0,0,0.4587842423251287
0,0,0.46748107639437814
0,1,0.550765213193246
0,0,0.43000909998590237
0,1,0.5123743828519285
1,1,0.5256835514460253
0,0,0.49948336817103817
1,0,0.462014817050559
0,0,0.34277060275548904
0,1,0.5363766106394743
0,0,0.49153255841280297
0,0,0.34124298701193007
1,1,0.5953057284692155
0,0,0.40016959920280004
0,0,0.3757127805774094
0,0,0.4561032461796695
0,0,0.42435166354743586
1,1,0.5216096942490509
0,0,0.47330989075987984
0,0,0.4823141879261484
1,0,0.38510027832609117
0,0,0.3410288171214546
0,0,0.40138378072385456
0,1,0.5217412194538856
0,1,0.5310659281425959
1,1,0.5395025576577183
0,1,0.5214406823342251
0,0,0.4038899497059898
0,1,0.5371853863377691
0,0,0.42499920898283405
0,1,0.540983293767096
0,1,0.5212399147779248
0,0,0.4744014925930607
0,0,0.463672793103582
0,0,0.3963916105198351
0,0,0.4713194872258351
0,1,0.5808998088750268
0,0,0.49305157034826746
0,0,0.4836573479784023
0,0,0.46862127258381436
0,0,0.48959058607199707
1,0,0.4749286235244762
0,0,0.41063946102187104
0,1,0.6316196187568628
0,0,0.44392736846345526
0,1,0.5558756634699119
0,0,0.43230756582782137
0,0,0.484172449808392
0,0,0.3923393055792323
0,1,0.5486258593179666
0,0,0.33914978345453
0,1,0.5948465958619825
0,1,0.5032731848642349
0,1,0.5155121494031948
0,1,0.563762367025177
0,0,0.46415623664142946
0,0,0.4917392311018773
0,0,0.3710193380348183
1,1,0.5264176798927792
0,0,0.48733515609429306
0,1,0.5153080827672324
0,0,0.46907351256709134
0,0,0.3862853315790263
0,0,0.41844462992303144
0,1,0.569637725414485
0,0,0.454891959480628
0,1,0.5385826496470953
1,0,0.43595644960533236
0,1,0.5389650956244114
0,0,0.44517932789818615
0,1,0.5034044162640382
0,0,0.4407112270732336
0,0,0.3516034185443801
1,1,0.5018744486759964
0,0,0.48720913122946724
0,1,0.5016475893077855
0,0,0.4298730909237488
0,0,0.49061578124694505
0,0,0.4241444974218844
0,0,0.3960045544178559
1,1,0.5188959557024359
0,0,0.4908399662517074
0,0,0.43923539607678175
0,1,0.5441459309129285
1,1,0.5213756733870428
0,0,0.4368116052130509
0,1,0.5340488580204262
0,0,0.42238658418886965
0,1,0.6056435919535462
0,0,0.42370516244564094
0,0,0.4401054695508389
0,0,0.464542294835919
0,0,0.4884425466379866
0,1,0.6114437892786411
0,1,0.5269710654840868
0,0,0.3591757961228378
0,1,0.5091605183733128
0,0,0.45247228268707856
0,0,0.46259871631523525
0,0,0.4185081388667553
0,1,0.5183559776516034
0,1,0.5423850473723411
0,1,0.5164741304235408
0,1,0.5194735923737066
0,0,0.39753933922883455
0,1,0.5022384921493682
0,0,0.4302575853723187
1,0,0.4442184613929872
0,0,0.49706105473566253
0,1,0.5534126337698507
1,0,0.38035359689001375
0,1,0.5391618707455433
0,1,0.505529829668462
0,0,0.38164452554765604
0,1,0.5434903777540024
0,0,0.40957999539108264
0,1,0.5024988018245459
0,0,0.4056311890293983
0,0,0.3818294283123552
0,0,0.43570508271912467
0,0,0.49975908305614297
0,1,0.5357360222809148
0,1,0.5608986568058942
1,1,0.5632384062808715
0,0,0.4526311756071675
0,1,0.5036295126802289
1,0,0.4769190249528036
1,1,0.5396454726716634
0,0,0.4332211049195196
0,1,0.5096737145505229
1,0,0.48310437332145006
0,1,0.5307454755413418
0,0,0.48937745306525743
0,0,0.4532456019114214
0,0,0.46270190426196073
0,0,0.48783194223255
0,0,0.49227101664210204
0,0,0.4101285786518302
0,0,0.385291716763514
0,1,0.5392868427069757
0,1,0.5882403274195922
0,0,0.49370173696269865
0,0,0.46153679893108285
0,1,0.525414828348135
0,1,0.5123082318640809
0,0,0.4052848874636744
0,0,0.42860264455323055
0,0,0.41924390875937534
0,0,0.49195865078763384
0,1,0.5228436979919568
1,0,0.49786425726562145
0,0,0.4888892401513999
0,1,0.5497386908602522
0,1,0.5795613789906239
0,0,0.4607477109104244
0,0,0.3775862052516175
0,0,0.4936753597411869
0,0,0.4038648401750084
0,1,0.5700353852703752
0,0,0.431474857868367
0,1,0.507215071888132
0,1,0.5243761145535493
0,0,0.43449083681676554
0,0,0.44883414577525726
0,0,0.3501126003891601
0,0,0.4230638763319981
0,1,0.5622568983691515
0,0,0.45508568454868803
0,0,0.44593676179779357
0,0,0.42270886455372925
0,1,0.5661614884598166
0,0,0.4223135564953875
0,0,0.4439300022287118
0,0,0.40955349138029895
0,0,0.3904380012643747
0,0,0.4289066950359871
0,0,0.4845984769836964
0,0,0.42389725441759785
0,0,0.4565552821791672
0,1,0.539237530248181
0,0,0.40800786855856314
0,0,0.39198251256750183
0,1,0.5211997160014268
0,0,0.44063357747832854
0,0,0.38255112831306975
0,1,0.5000282302609859
0,0,0.4743415439229265
0,0,0.46897668679956467
0,0,0.35203820628314964
0,0,0.49341675421959263
0,1,0.5451995833172254
0,0,0.4660823800277851
0,0,0.4835024563177251
1,1,0.5622651133295307
0,1,0.5172925413738397
0,0,0.42609217254082465
0,0,0.3882664547224006
0,0,0.38170162544465663
0,0,0.44201335890268445
0,1,0.5051360798428831
0,1,0.6127254922272606
0,0,0.45912776686465917
0,0,0.3908816966097809
0,0,0.4759710401448525
0,0,0.4067881025064248
0,1,0.5637541716674003
0,0,0.3866564421206752
0,0,0.4167849324075303
0,0,0.4673056045341177
0,0,0.42123824513173114
0,0,0.3881671179654832
0,0,0.4985943800932209
0,1,0.5522673145644148
0,1,0.5653641207945759
0,1,0.5085918127687513
0,0,0.3778542925112373
0,0,0.4083094136392883
0,0,0.36474459406515164
0,0,0.3576962735415037
0,0,0.3211315050778568
0,0,0.48049377154989137
0,0,0.4695640680124086
0,1,0.5014169189477322
0,0,0.46581894192264195
0,0,0.4187376719427373
0,0,0.44964036329485646
0,1,0.5251163181738514
0,0,0.34977070475264
1,0,0.47985008989601924
0,0,0.47148038153005895
0,0,0.458366767516354
0,0,0.40530031001604094
0,0,0.35506554498415677
0,1,0.5272989687076243
0,1,0.560550401903757
1,0,0.46154723297030104
0,1,0.5551869329957195
0,1,0.5259310214357474
0,0,0.40396933502681776
0,1,0.5445437412197957
0,0,0.4215510499332039
0,1,0.5386241340861284
1,1,0.5481285899918503
1,0,0.4629321050379049
0,1,0.5436899367249296
0,0,0.3497641137054384
0,0,0.38833350576144954
0,0,0.3598898064826879
0,0,0.4371482564175216
0,0,0.4841067650342886
0,1,0.5836128598906164
1,1,0.5366249586696253
0,0,0.4977055347739118
0,1,0.5201547556862363
0,1,0.5425789850166935
0,0,0.4995787891745617
1,1,0.5114364735089219
0,0,0.4123779636138252
0,1,0.6030245365989463
0,0,0.4651216990326879
0,0,0.3550005684610632
0,1,0.5198454958776807
0,1,0.5339916548493793
1,0,0.4837274104374664
0,1,0.5003027080016446
0,0,0.48454806568946407
0,1,0.5564689223593535
0,1,0.5037280832299569
0,1,0.5390595369193695
0,0,0.37728119904169494
0,1,0.5349481437064828
0,0,0.3842809540029726
0,0,0.4306389802207047
0,0,0.394889824329743
0,1,0.5122524459544014
0,0,0.36538523506808673
0,0,0.39949297427219904
0,1,0.5406382954640333
0,0,0.488498408506185
0,1,0.5440751934340511
0,0,0.44572330911985786
0,0,0.4969712596817339
0,0,0.37167761202374083
0,0,0.4904809931578956
0,1,0.5011618694101848
0,1,0.568133383117353
0,1,0.5508193529326466
0,1,0.5530010493981297
0,0,0.4050717401277065
0,1,0.5051084082597185
0,0,0.3507844076360325
1,0,0.4034813063153473
0,0,0.47695523468426293
1,1,0.5784422206118599
0,1,0.5072811046232464
1,1,0.5666739633982014
0,1,0.5297284207242747
0,1,0.5239378564289051
0,1,0.525771399278608
0,0,0.4054440665066229
0,0,0.4545436149898137
0,0,0.3298211211942094
0,0,0.4355336898646837
0,1,0.5379427163312626
0,0,0.411738302446613
0,1,0.5123668460552566
0,0,0.386509397229373
0,0,0.4554290700000212
0,0,0.4614362138012942
0,0,0.46895288517804773
0,1,0.5072686832707611
0,0,0.48998938536029385
0,1,0.574366917547495
0,1,0.5534525413046749
0,0,0.4298187490899156
0,0,0.44052951217671377
0,1,0.503881172945307
0,0,0.4341096941959801
0,0,0.42365226746447504
0,0,0.4826177894472795
0,0,0.49911932811449977
0,1,0.6086902226100878
1,0,0.4922389026513367
0,0,0.45361110379721936
0,1,0.5195676902419595
1,1,0.5643875306440418
0,1,0.5016764250975819
0,1,0.6215149063911957
0,0,0.4425888516515755
0,1,0.5104704418864995
0,0,0.4843407379187341
0,0,0.4066382817821284
0,0,0.3873709229318104
0,1,0.5426990014717202
0,1,0.5111694671134801
0,1,0.5710707481293127
0,1,0.5691759157222545
0,1,0.5657926029725622
0,1,0.5075047891736972
0,0,0.4870563834990147
0,1,0.5300780936195794
0,0,0.3461612918071466
0,0,0.3864654627737297
0,0,0.4126539632388158
0,0,0.459567562897725
0,1,0.5113430993456176
0,0,0.4344698075026761
1,1,0.5972553369274158
1,0,0.4122368885686541
0,1,0.5320802563765308
0,1,0.5507236804506693
0,0,0.4827553100106452
1,0,0.4764774780420259
0,1,0.5054205120500648
0,1,0.5411670421193306
0,0,0.4434858877481675
0,1,0.5432008327164904
0,1,0.5022900116932488
0,0,0.40510773621420143
0,1,0.552910554666106
0,1,0.525819758555669
0,0,0.4800147410110537
0,0,0.41814565501653056
0,0,0.355039018443696
0,0,0.3932328331440916
0,0,0.44696085006871056
0,0,0.43781076409180986
0,0,0.44518544128211957
1,0,0.4711133683997291
0,0,0.4681409658701328
0,0,0.36838788876196815
0,0,0.4307330593349474
0,1,0.5333978629270124
0,0,0.4850962871243417
1,0,0.4528371158014236
0,1,0.6842118277095937
0,0,0.497417255820305
0,0,0.4643708839918994
0,1,0.5050515052291342
0,0,0.4387180288980483
0,1,0.5184175697517002
0,0,0.44437205531639007
0,1,0.5016892545111289
0,0,0.4582268589721394
0,1,0.5202089446452329
1,1,0.6025993495338499
0,1,0.5082937981608372
0,0,0.3500725819982142
0,0,0.49097120106095216
0,0,0.4223161491063857
0,0,0.4737578620244621
0,0,0.4741872405815777
0,0,0.43672315721170213
0,1,0.5540145858917869
0,0,0.49323887039822273
1,0,0.47205361386095845
0,0,0.4579391046204532
0,1,0.5236505438510661
0,0,0.485962512704235
0,0,0.4617042274038488
0,1,0.522450900267259
1,1,0.5813619657792793
0,0,0.3534141884987069
0,1,0.536969662081192
1,1,0.5583416461317114
0,0,0.42642132468630606
0,0,0.46002621592026816
0,1,0.5642314186745633
0,1,0.5194790861118395
0,1,0.6034623704802382
0,0,0.4543814507905609
0,0,0.4352518804679269
0,0,0.49281247244771975
0,0,0.42450657734727715
1,0,0.42571748362742684
0,1,0.5626323877731266
0,1,0.5521108869250791
0,0,0.46616115543806425
0,1,0.5685511122620726
0,1,0.6250969977113183
0,1,0.5359343510502081
1,1,0.546222379499484
0,0,0.4952768754815347
0,1,0.5173772266905998
0,0,0.4895772776604167
1,1,0.509165654091026
0,0,0.37074740101643416
0,1,0.5695416687577367
0,1,0.5260914463701338
0,0,0.36357839221528565
0,1,0.5654896820758392
0,1,0.5453761702326616
0,1,0.5005430638283144
0,0,0.4328321000433784
0,0,0.49063411301777654
0,0,0.44907878850641536
0,0,0.4666985128618814
0,0,0.45643195236228595
0,0,0.430343023712818
0,0,0.48951821442384863
0,0,0.4006013306797751
0,0,0.35067522308337973
0,1,0.5391581563492355
1,1,0.5456608270328505
1,1,0.5746850533074148
1,1,0.5382491588481291
0,0,0.4262989490724902
0,1,0.5309650966726314
0,0,0.3962956980769944
0,0,0.444348200767724
0,0,0.3923352647401775
0,0,0.4250284346595219
0,0,0.47555444633979305
0,0,0.4362923129705835
0,1,0.5964416491421176
0,0,0.4818232171851314
0,0,0.40706253726307595
0,0,0.46704310551561695
0,1,0.5674921505042798
0,0,0.4589885475400384
0,1,0.5116384567799356
1,0,0.4921917940141908
0,0,0.38025258977247295
0,1,0.5626981817744364
0,0,0.42672136771928876
1,0,0.45999024823614315
0,0,0.4721564815747654
0,0,0.44804413720463304
0,0,0.4816435346174899
1,1,0.5828270957799769
0,1,0.6108755839012915
0,0,0.4713659470740763
0,0,0.45462974593331373
0,0,0.4424013729370909
0,0,0.4201803852892935
0,1,0.5085329901374692
0,1,0.524976935818931
0,0,0.48836148755750886
0,0,0.4533061910004287
0,0,0.3977270647235994
1,0,0.4350595816168327
0,0,0.47785617472329
0,0,0.4817152273915082
0,0,0.4193576847787713
0,0,0.4462405991526136
0,0,0.4236510683551067
0,0,0.3991663026208001
0,0,0.369473118598198
0,1,0.5572490984280967
0,1,0.5987709828396014
0,1,0.5383077090348373
0,0,0.440155580066963
0,1,0.5023280866440254
0,0,0.3581859023601123
0,1,0.5219280178788686
0,0,0.3040928089872229
0,0,0.4632646781664934
1,1,0.5293061188819738
0,1,0.5445319177942043
0,1,0.5758097617268286
0,0,0.48116419958689777
0,0,0.45417755263031045
0,1,0.5681295077519586
0,1,0.5229844216513142
0,0,0.4464668011502655
0,1,0.5375108784230317
0,0,0.4347003253227723
1,1,0.5242126706594555
0,1,0.5464772935626319
0,0,0.4100034059390913
0,0,0.4907656137460773
0,1,0.5296732174398656
0,0,0.46450461043287367
0,0,0.44694408482325054
1,0,0.3530795919269909
1,1,0.5045079651449579
0,0,0.359126218119407
0,0,0.4973440839956735
0,0,0.4102829663229862
0,0,0.46918772052454083
0,0,0.45413563079421265
0,0,0.4380172097680985
0,1,0.5438974585306819
0,0,0.4320050455340448
0,0,0.44200525011138275
0,0,0.44120442646761854
0,0,0.4075063650546209
0,0,0.3470635649336669
1,0,0.4736664843235562
0,0,0.49730646853914673
0,0,0.41973689630537214
0,0,0.38193851330959133
1,1,0.5668328085076024
0,1,0.5604478426446033
0,1,0.5064047010450197
0,1,0.5965628723867973
0,1,0.5429112978702537
0,0,0.48977376720347193
0,0,0.43452386331667137
1,1,0.5470309150763144
0,1,0.5179610808456274
0,0,0.4494267968936663
0,1,0.5574561729039605
0,0,0.36526540160075205
0,0,0.4815722070185194
0,0,0.394294239445403
0,1,0.5747226478844938
0,0,0.4687098646072475
0,0,0.4504870774664653
0,0,0.4565725171116724
0,1,0.5219402017780687
0,1,0.5381815079373061
1,1,0.5903435553667967
1,1,0.5726902845304797
0,0,0.48761809025463276
0,0,0.4900433087109804
0,1,0.5259380938728512
0,0,0.45935803067961223
0,1,0.5019993905335075
0,1,0.5916109407384058
0,0,0.4911641172897953
0,0,0.45381762676889414
0,1,0.5699514755494294
0,0,0.41545479922876877
0,1,0.590469517963686
0,1,0.5202387745566204
0,0,0.4898936143898183
0,1,0.5373851141445374
0,1,0.5489504490137719
0,0,0.4396381508920586
0,0,0.46134189776857937
0,1,0.5086292297627396
1,1,0.5943027492647932
0,1,0.5095493419647305
0,0,0.40187674262285666
0,0,0.4784092777476313
1,1,0.5486797239263631
0,0,0.4941855585687447
0,1,0.5447988893150807
0,0,0.4712416036649709
0,0,0.4702975844040202
0,0,0.35038051600404624
0,0,0.42033983458280216
0,1,0.5497666898439418
0,0,0.4120587408969674
0,1,0.5201643543930321
0,0,0.43831932308351074
0,0,0.4181497048889716
0,1,0.5124145803455346
0,0,0.35455103624826434
0,0,0.4595404960374986
0,1,0.5127501254314868
0,0,0.36566477632663735
1,0,0.46939519770285926
0,0,0.4298465239391577
0,0,0.46462871295907804
1,0,0.48927464643497065
0,0,0.42665470847080816
0,1,0.5364097290207256
0,0,0.4773379836209053
1,1,0.5588864517349414
1,1,0.579819889233612
0,0,0.3862024159882669
0,0,0.39882691952430394
0,1,0.528512781671157
0,0,0.44948886809245053
0,0,0.436846330504039
0,0,0.4518864601231573
0,0,0.47332526104419664
0,0,0.4666417248218989
0,0,0.4383686409686211
0,0,0.4705408369473218
0,1,0.5142923578541724
1,1,0.5201235527555372
0,1,0.5258246379404518
0,0,0.48802427821554034
0,0,0.4089328059675415
0,0,0.49720199399713744
0,0,0.4580847837672071
0,0,0.4439386950539397
0,1,0.5316130502827882
0,0,0.47697066786323217
0,0,0.3769853604178173
0,1,0.5266113097576774
0,0,0.4691285373781814
0,0,0.3985012949340328
0,0,0.4696819951727611
0,0,0.4867979441164736
0,0,0.4412900583944709
0,1,0.5287993495694319
0,1,0.5940485606339125
0,1,0.5422625973834301
0,0,0.37162236708372776
0,0,0.39552620204256866
0,1,0.5365769641041618
0,0,0.45682514321239553
0,1,0.5277858906001002
0,0,0.3842839753502353
0,0,0.47298590980870264
0,0,0.3547697222216288
0,0,0.357854086608076
0,1,0.5164086910293433
0,1,0.5338355035332156
0,0,0.47218035603973163
0,1,0.526293199877233
0,0,0.4540939195968891
0,0,0.3638284447538098
0,0,0.4032881283397991
0,0,0.43583138923658943
0,0,0.40200690431729424
0,0,0.36500902348719494
0,0,0.4598613140110826
0,1,0.5305870172226911
0,1,0.5759673662972955
0,1,0.5531079936337117
0,1,0.5293014138613661
0,0,0.49755246819630367
0,0,0.4807964704168283
0,0,0.47164469085618405
0,0,0.4288624663048879
1,1,0.590404793806591
0,0,0.4741999760533584
0,1,0.5370980080630534
0,1,0.5035959358557764
0,0,0.4827684041191614
0,0,0.4501480532534962
0,0,0.4530406358368792
0,1,0.5492111356872789
0,1,0.5849497558880007
0,0,0.41358784868936843
1,1,0.5277601862053933
0,0,0.46393258249053404
0,0,0.3945881759772489
0,0,0.47664665603741324
0,1,0.502472953306152
0,1,0.5301061421086228
0,1,0.5286707151301254
0,1,0.5180002839241608
0,0,0.39592311370700534
0,0,0.42590758420542485
0,1,0.6139711378495841
0,0,0.47061613142797354
0,0,0.40267044468086105
0,0,0.4866502139964393
0,0,0.3831473408524984
0,0,0.43769965753548723
0,0,0.4919519430221
0,0,0.3525884168468814
0,0,0.44675208356650215
1,0,0.4627338584724281
0,0,0.4244846272935396
0,1,0.5132414124230823
0,0,0.4643780112629214
0,0,0.3902002368165362
0,1,0.542064407662572
0,0,0.3680092395689588
0,0,0.4538543181100117
0,1,0.5037707712071701
0,1,0.5001227122736414
1,1,0.5079388759280756
0,0,0.40692025880234406
0,0,0.449261186623694
0,0,0.4251479281497177
1,0,0.48806584491364474
0,0,0.4190021907822963
0,1,0.5858312325864745
0,0,0.46032309599957294
0,1,0.5339309370418936
0,0,0.4303308804204991
0,1,0.5206006562719258
0,1,0.5020558290743445
0,1,0.5193308674805351
0,0,0.48116800357361456
0,1,0.5021734658087049
0,0,0.3971592383819347
1,1,0.5820076260631535
0,0,0.41358329868246996
0,1,0.5023635511776342
0,0,0.3780876990896848
1,1,0.6007859070225747
1,1,0.5548596027979311
0,0,0.40118786915995874
0,1,0.5417016960073713
0,1,0.530572287841343
0,1,0.5044471490922308
0,0,0.4753008321215589
0,0,0.4441055011818442
0,0,0.46778424551375763
0,1,0.5578750814155217
0,0,0.4395694824717315
0,1,0.5743354062706788
0,0,0.35659238803379745
0,1,0.5510577114068689
0,1,0.5067902095117194
0,0,0.38043498958835437
0,1,0.5125890639775278
0,1,0.549345485997926
1,1,0.5619758012812022
0,0,0.48156261329318606
0,0,0.43813263545190556
0,0,0.4163464142117864
0,0,0.4424281726779407
0,0,0.36226687383658607
0,1,0.5026396604766307
0,0,0.4755054680003776
0,0,0.47688389066640885
0,0,0.42757477818733897
0,0,0.49954156033165587
0,0,0.47200574485213315
0,1,0.584781726726966
0,1,0.529585373924087
0,0,0.4979553611571044
0,1,0.5241385618834312
0,1,0.5683306234545866
0,1,0.5085665585646965
0,0,0.4477996013438198
0,0,0.49073206894150795
1,0,0.4738921756159163
0,1,0.5485415600565439
0,1,0.6039200394835239
0,1,0.5100879778232449
0,0,0.35054005365058144
0,0,0.4570726546312841
0,0,0.4599963216453733
0,0,0.3902346546500327
0,1,0.5291356503658955
0,0,0.4684418038757179
0,1,0.5578601104074182
1,1,0.6137189315128871
1,1,0.6133592237877274
0,0,0.4916264122706416
0,0,0.4320793304211493
0,0,0.4738603912614792
0,0,0.35699049861650217
0,0,0.3294255823535422
0,0,0.48793945912053166
0,0,0.38916778099101224
0,0,0.44858095487691557
0,0,0.4308055947604826
0,0,0.4563680360084671
0,1,0.5610669697260566
0,0,0.4699373277318192
1,1,0.5749091659129255
1,1,0.5308667586735133
0,0,0.4508856270077854
0,1,0.5104666144822901
0,0,0.4950041685007114
0,0,0.4320289392004692
0,1,0.6015287771688853
0,1,0.6070272827940226
0,0,0.4916859912086942
0,0,0.39066374274850346
0,0,0.48309215629880903
0,0,0.47485261596733686
1,1,0.5156094462461794
1,0,0.360854207633463
0,0,0.40613117815217536
0,0,0.46102771412344556
0,0,0.48184794432379496
1,0,0.4928564451593304
1,1,0.519625740918485
0,0,0.459106523190523
0,1,0.5335860784520224
1,1,0.556956812416694
0,0,0.4446467600381605
0,0,0.3189359732651787
0,0,0.4943685941796687
1,1,0.5500319559018699
0,1,0.5799635946643525
0,1,0.5479274441976009
0,1,0.5019573853697079
0,0,0.49427337261570675
0,0,0.4864802193834676
0,0,0.39148358217365414
1,0,0.48739485603707733
0,0,0.4093510878646056
1,0,0.418383639860301
0,0,0.45920212360029294
0,0,0.4175965704622312
0,0,0.35397088961840145
1,1,0.5001911986355356
0,0,0.4136562586757252
0,0,0.4886797673608486
0,1,0.5638559460052556
0,0,0.43981643295143735
0,1,0.5059356499043914
0,0,0.3915652887771571
0,1,0.5488578215449802
1,1,0.5217883564886815
0,1,0.5628911566647432
0,0,0.39829315607023597
0,1,0.5006106538758439
0,0,0.4477441431947525
1,1,0.5494404354323846
0,0,0.46281431511521404
0,1,0.572584971843047
1,0,0.38027837547922727
0,0,0.4507086714446099
0,1,0.5196036247405392
0,0,0.40461202902501936
0,0,0.4457471795575019
0,1,0.5564566786354417
0,0,0.4710654721963462
0,1,0.5166723579464572
0,0,0.41244447406770063
0,1,0.5032170407273234
0,1,0.5157669905497307
0,1,0.5354492826469363
1,1,0.5863084865099809
0,0,0.4476519481182825
0,1,0.5055349295488734
0,0,0.41312943024768
0,0,0.4397689037752218
0,1,0.5351351313844153
0,0,0.4210510373931698
0,0,0.4796896638143404
1,1,0.6301126784632526
0,0,0.3494577203574564
0,0,0.478698889359722
0,0,0.48547304093322774
0,0,0.46853599842420307
0,0,0.4889536163130244
0,0,0.4700993778905119
0,1,0.501009949807834
0,0,0.48782311067267864
0,0,0.4931641332741551
0,1,0.5618585078240266
0,0,0.42077936669839905
0,0,0.4187850193917276
0,0,0.4677761251754181
0,0,0.43177447879166214
0,1,0.5090700400552073
0,0,0.4574067220034768
0,1,0.529458974878209
0,0,0.4149651402778317
0,0,0.4313427704772852
0,0,0.4337391031087071
0,0,0.4677972498714106
1,1,0.545901853565915
0,1,0.5969551837929934
0,0,0.44247504633717133
0,0,0.4686716286416306
0,1,0.5268925201487097
0,0,0.46944535614679245
0,0,0.4058814789500639
0,0,0.466222381778936
0,0,0.49607653313522326
0,1,0.6097905442917084
0,0,0.47117824355470944
1,0,0.4739296285002221
0,1,0.6228575484553657
0,0,0.46641865513068836
0,0,0.45423727751535564
0,0,0.4275293893470608
0,1,0.5075429140817793
0,1,0.5001306998967965
0,0,0.4938817334647442
0,1,0.5077400058444121
0,1,0.5401344332124945
0,0,0.471243154574552
1,1,0.5314397692561406
0,1,0.5584358952100661
1,1,0.5704547637471665
0,1,0.5196456206444722
0,0,0.3926066353629116
0,0,0.4528170528542948
0,1,0.5283408341104198
1,1,0.5022406142050361
0,0,0.45508868422850823
0,0,0.48889433779581887
0,1,0.6320173591863764
0,1,0.5538750246402229
0,0,0.42713008897485816
0,0,0.42717962726020553
0,1,0.5432499028120958
0,1,0.5310074860066548
0,1,0.5336345106129724
0,1,0.5356401353498601
0,0,0.3731812284986528
0,0,0.40437498070179706
0,0,0.4551961189164473
0,1,0.5244919873025676
0,0,0.47116177398533815
0,0,0.44278273908276444
0,0,0.39065381120573617
0,1,0.5886131613981657
0,1,0.5572753959839496
0,0,0.4451845564532275
1,0,0.40472687813447783
0,0,0.4234386646288989
0,0,0.44508696837576184
0,0,0.4355006765250147
1,1,0.563189888014612
0,0,0.46176125147267166
0,0,0.4837379548026871
0,1,0.5565290957865933
0,1,0.5260817031250729
0,0,0.3255980591874914
0,1,0.5349191304808726
0,0,0.4481296514236528
0,0,0.49605490440807104
0,0,0.44942514512090154
0,0,0.47315669356109175
0,1,0.5005396557578036
0,1,0.5771885797090776
1,1,0.5245575841868098
0,1,0.5742669207538142
0,0,0.39601484462518727
0,1,0.5593805016302659
1,0,0.46075402191385917
0,0,0.36520067491674774
0,0,0.475435476257096
0,1,0.5665225942877377
0,1,0.5016081672481443
0,0,0.4159511089831067
0,0,0.4916026470681625
0,0,0.48611250098430636
1,0,0.47769985570286566
0,1,0.6101923636603649
0,1,0.5188836729143077
0,1,0.5804525987539888
0,0,0.4680473632819254
0,1,0.5200823082328435
0,0,0.35000856659366386
0,0,0.4536716763195834
0,0,0.43906792680950546
0,0,0.4219084499661328
0,1,0.5390701917428761
0,0,0.4308788860291372
0,0,0.4562473396501041
0,0,0.46610864297619065
0,1,0.505341708671892
0,0,0.4947022073982217
0,1,0.5955556186203222
1,0,0.4077096685118565
0,0,0.49454822184247393
0,0,0.4202893262647024
0,1,0.5107132032614948
0,1,0.518260783117557
1,1,0.5308254917802538
0,1,0.5373607412904083
0,0,0.4465020560864646
0,0,0.43814961788496876
0,0,0.4643677710636559
0,0,0.39718200772698103
0,1,0.611323626353423
1,0,0.37461636324435943
0,0,0.474056817948878
1,0,0.4096563866387484
0,0,0.46222027920054487
0,0,0.373275762811268
0,0,0.4866045951742879
0,0,0.47560152904088715
0,1,0.5847433466251699
0,0,0.4774815867242
0,1,0.5266215945814107
0,1,0.5791006437592146
0,1,0.504429267135944
0,0,0.3886789836342772
0,1,0.537174905411607
0,1,0.5148735541184638
0,0,0.3683509203194332
0,0,0.4815002002230084
0,1,0.5024888491949494
0,0,0.4844998911899929
0,1,0.5168692125750206
0,0,0.4968339901588081
0,0,0.49289105415860057
0,1,0.5895363670822982
0,0,0.4171883866185201
0,1,0.5202823781666716
0,1,0.5645966130450384
0,1,0.5947974853580427
0,1,0.5358305724113857
0,0,0.4599754177203748
1,1,0.6342577742369675
0,1,0.6104731400586736
0,1,0.513010515859555
0,1,0.5395796672881495
0,0,0.478579425970468
0,0,0.4920944729933291
0,1,0.5397699693970851
0,0,0.4002330157943299
0,0,0.4442520014419762
0,1,0.5658731656176884
0,1,0.5976119173998845
0,1,0.5920062776385471
0,0,0.4531642895273322
0,0,0.3658610463579191
0,0,0.47762046532323443
0,1,0.5417244692994526
0,0,0.4066826354219757
0,1,0.5606270389641904
1,0,0.48364128173784976
0,1,0.6297247784439322
0,0,0.4574715264752913
0,1,0.5749976666474921
0,0,0.35987272790354746
0,0,0.41941588439908484
0,0,0.4235374636969195
0,0,0.49542892069993555
0,0,0.34501366406613426
0,0,0.48200701014317054
0,1,0.509606995592751
1,0,0.4679233811129568
1,1,0.5670601477422268
0,1,0.5509547778206558
1,1,0.5890432489152699
0,0,0.4732620469205011
0,1,0.509846795647533
0,0,0.34548372359466006
0,1,0.5343296378481822
0,0,0.4868953835351305
0,1,0.5062437485799502
0,1,0.5590208983140826
0,0,0.3685074918135232
0,0,0.40854886437183974
0,0,0.4540566263327315
0,0,0.48995883273346175
1,1,0.5253839728322438
0,1,0.5079429034751408
0,1,0.5519242127747301
0,0,0.4400903578817287
0,0,0.41380950440117514
0,1,0.5196968610334539
0,1,0.6200692894629374
0,0,0.49417140927447484
0,1,0.5827720481586126
0,0,0.42754216318635746
0,0,0.4097019807856288
0,0,0.463758413282962
0,1,0.5273357197364994
0,0,0.40730854914614634
1,1,0.5139845149913846
0,1,0.5284797242773064
0,0,0.43672035439783696
0,1,0.5108952808744528
0,0,0.4229354117806323
0,0,0.49189300584283757
0,0,0.41698092152548305
0,0,0.42416340816460035
0,1,0.5001573447604519
0,1,0.5090960870390949
0,0,0.4950366167299917
1,1,0.5881240866068255
0,0,0.48042828483345723
0,0,0.45714482237816056
0,1,0.5009145485663333
0,0,0.3774141097418216
0,1,0.591886199650849
1,0,0.4933437401557702
0,0,0.37721212663407644
0,0,0.4641695537031358
0,1,0.525908043671892
0,1,0.5238317909213784
0,1,0.5243548745654022
0,1,0.5518089961797253
0,0,0.4864738417319872
0,0,0.488423716427848
0,0,0.49572548274912953
0,0,0.49518921926577414
1,0,0.3633409154328746
0,0,0.4882093180209668
0,1,0.619207975733866
0,1,0.5865881249052207
0,0,0.448823432320051
0,1,0.555570491200641
0,0,0.4387473782553441
0,1,0.5479241370228712
0,0,0.491454296478412
0,0,0.3872536522356624
0,1,0.5862948296215742
0,1,0.5114021161826714
0,0,0.466132516190805
0,1,0.5388547188464555
0,1,0.5628727609739687
0,0,0.49738228282634095
1,0,0.46206724721948206
1,1,0.5523940186451667
0,0,0.4508656165451208
0,1,0.5038101529022236
0,0,0.4381910734319434
0,0,0.4849179512356708
0,1,0.5534950613274018
0,1,0.6290110889142264
0,0,0.45307583352309744
0,0,0.3966853234405627
0,0,0.41486888020821366
0,1,0.510326384078687
0,0,0.46300594006815365
0,0,0.47440593671052705
0,0,0.4955157748220099
0,0,0.4799065368865603
0,0,0.41548342853143766
0,0,0.3607878203222906
0,0,0.44889073409390307
0,0,0.4811481750236274
1,1,0.6053954946539298
0,1,0.5364527128964309
0,1,0.5074596837918224
0,0,0.4777659062473336
0,1,0.5293727460464048
0,0,0.44661538444737303
0,1,0.5121469382432067
0,0,0.47956667051490226
1,1,0.5475319994305353
1,0,0.4616248252433147
1,1,0.6033254100620374
0,0,0.4204427252282368
0,0,0.4266191310759654
0,0,0.4462848928306433
1,0,0.48015819646298963
0,0,0.4788344342968054
0,1,0.5191371602736863
0,0,0.41819048926792235
0,0,0.4256285476030653
0,0,0.41542854781074157
0,1,0.5497502488847441
1,0,0.4036948781675771
0,0,0.4312837544392953
0,1,0.5956807210606773
0,0,0.46777847662744576
1,1,0.5107588489667728
0,0,0.3766143801576658
1,0,0.4439760314930398
0,0,0.4417717418016273
0,0,0.4788411790261039
0,0,0.3958127215336173
0,1,0.5235849957591029
0,1,0.5805926665898591
0,0,0.4148751110842491
0,0,0.48353041496338073
0,0,0.44589685715056826
0,0,0.45542088954411136
0,0,0.4191945747019997
0,1,0.5832162950687458
0,0,0.4878478011449019
1,1,0.5009029275582331
0,1,0.5157459845640727
1,1,0.5682298018484959
0,1,0.5071030577717434
0,0,0.44548645016921384
0,0,0.3902969422400508
0,1,0.5726061220520938
0,1,0.6059150878480559
1,1,0.5090682937272107
0,0,0.4592852403930357
1,0,0.4263988390978113
0,0,0.47431989028746335
0,1,0.560643497555829
0,0,0.47406293284195367
0,0,0.48076457458185407
1,1,0.5209853243446964
0,0,0.3541517385140831
0,0,0.40327377574050893
0,0,0.3986210062432482
0,1,0.5249419526571928
0,1,0.5185055034371062
0,1,0.6052469638240255
0,0,0.3334296617008096
0,1,0.5386266653721363
0,0,0.48051039062976925
0,0,0.48282383041287885
0,0,0.45448265701303137
0,1,0.5246169068294388
1,1,0.5126636206871723
0,1,0.533484316276792
0,0,0.4963747587436294
0,1,0.5421564737483052
0,1,0.5348584491127916
1,1,0.5139849255186061
0,1,0.5601610364295482
0,1,0.5041336366842086
0,0,0.4303211604680741
0,0,0.40230849639871186
0,0,0.4532460850033895
0,0,0.4276979720700562
0,1,0.5222207773134526
0,1,0.5033899395259691
0,1,0.6174267734912661
0,1,0.5338590498283157
0,0,0.40613058125219204
0,1,0.5066976490401377
0,0,0.49369135845096496
0,0,0.36172775493726683
0,1,0.5105823057037023
0,0,0.4705036327279368
0,1,0.5940762846401725
0,0,0.37398631409663197
0,1,0.5194529698105046
0,1,0.6126066516920529
0,0,0.4700764940371915
0,1,0.5022014998005215
0,0,0.48465755816809114
0,1,0.5242406600668498
1,0,0.4987801551437323
0,1,0.5151892173244939
0,1,0.5660353779097937
1,0,0.3708534884236756
0,0,0.3762182423572283
0,0,0.4568235560062609
0,0,0.44804206643202305
0,0,0.44335250642919133
0,0,0.4635183476584863
0,1,0.5245261840487204
0,0,0.4402940764983969
0,1,0.5619365505514287
0,0,0.44745635881085843
0,0,0.4793413864891113
0,0,0.458704946898686
0,0,0.4688401895723742
0,0,0.45997621988228865
0,1,0.5454933265063278
0,1,0.5574347739781039
0,0,0.41399233364112703
0,0,0.4640584853157607
0,0,0.4380760721563344
0,1,0.520879553153675
0,1,0.5033532519811585
0,0,0.46652533925078465
0,0,0.4208856657425445
1,1,0.6261417752173359
0,0,0.46688379900933535
0,1,0.5678850870664462
0,0,0.41192385198908466
0,1,0.5603275660918129
0,0,0.4837757434860472
0,1,0.541312866130754
0,1,0.5615544337740666
0,0,0.4519820557532151
0,0,0.42679519779156705
0,1,0.5074465712616029
0,0,0.41810213622575126
1,1,0.5137302606719829
0,0,0.472120551754979
0,0,0.3600004434731903
0,1,0.5514278242068527
0,0,0.3979630238471427
0,1,0.5804656462741654
0,0,0.4920986610781447
0,1,0.5032182084806562
0,0,0.4552786987638797
0,0,0.4709840805613697
0,0,0.48996155515089085
0,0,0.4143101044826919
0,1,0.626322017611481
0,1,0.5188580480837944
0,0,0.4716498417323032
0,0,0.3622094298072952
1,1,0.5715151702510642
0,0,0.3948201808639458
0,0,0.4272996629287808
0,0,0.33012175706473484
1,0,0.4313072448592243
0,0,0.4843660037763415
0,0,0.42263422953970275
0,0,0.490915162369294
0,0,0.4294025881423905
0,0,0.4780673529837529
0,0,0.4579948210381092
0,1,0.5201083904230697
0,0,0.4752490352888797
0,1,0.5008617853852263
0,0,0.48293424117601463
0,0,0.4788308592114554
0,1,0.5175344201714366
0,1,0.5072779851437592
0,1,0.5460106977605333
0,0,0.44035920398250517
0,0,0.4882785604575946
0,1,0.5143277076567287
0,0,0.4748601432896355
0,0,0.4850206255687441
0,0,0.32262193029413944
0,1,0.5468619831591004
0,1,0.5176997902484548
0,1,0.5143009202118904
0,0,0.48755829354278296
1,0,0.4431682353582408
0,0,0.47956646739690656
0,1,0.533603619206692
0,1,0.5573955504260295
0,0,0.3873250252664293
1,1,0.6144369389285644
0,1,0.5192978292015646
0,0,0.4754327279827048
1,0,0.44284603156007946
0,1,0.535674391040048
0,1,0.5273328660530755
0,1,0.5573169180785118
0,0,0.47523475491779693
0,1,0.5306900941041327
0,0,0.38861084930886636
0,0,0.47719299604973964
0,0,0.37131531294477294
1,0,0.4935205460753106
0,0,0.49207958182878064
0,0,0.4851184006128564
0,1,0.5494182934503811
0,1,0.5757321675599848
0,0,0.44206549650830296
0,0,0.4821074014705631
0,0,0.4452681488020319
0,0,0.37711261184052774
0,0,0.43667448929556757
0,0,0.45297834727696623
0,0,0.4604791509341481
0,1,0.5051026729906556
0,1,0.5133277240479738
0,0,0.46545685591768504
0,1,0.5011995123288319
0,0,0.446195961332367
0,0,0.44654523300519955
1,1,0.5282277293171296
0,1,0.5650586942580088
0,0,0.42592414841685333
0,0,0.3675601792732208
0,0,0.4440449998975081
0,1,0.5791296060227843
0,1,0.5138420574385334
0,1,0.5228544508459355
0,0,0.4339405023079231
0,0,0.4110035184245675
1,1,0.5281171313139874
0,0,0.48633005414116015
0,0,0.48383129299183397
0,1,0.5941734851053088
0,0,0.49575255813888
0,1,0.533790765457721
0,0,0.4474797184300159
0,1,0.6045207545675975
0,0,0.4424941110361285
0,1,0.5531894631716755
0,0,0.4854042990257434
0,0,0.48004366105168017
0,1,0.5267189474053317
0,0,0.39610909240189146
0,0,0.41812215775085193
0,1,0.5221867727825189
1,1,0.5224812991362887
0,0,0.4768461216943177
0,0,0.39877303021638405
0,0,0.3708341007757258
0,0,0.39028384559051427
1,1,0.6363797097763947
0,1,0.5201510600219814
0,1,0.5301010824037908
0,1,0.5586475502019915
0,1,0.5678636932954773
0,1,0.5536544555855839
0,1,0.5771175697176636
0,0,0.4658236897182704
0,1,0.5202728775628969
0,1,0.5508070508799768
0,0,0.48854051109162405
0,1,0.530923971444812
0,1,0.603313216495192
0,0,0.48094865249142665
0,1,0.5670654210486513
0,0,0.43050315700438035
0,0,0.3700378316355066
0,1,0.5145544061303867
1,0,0.43126522773225495
0,0,0.4631713860464247
0,0,0.3465594278790939
0,0,0.37356605258123965
0,1,0.5089430891762757
0,0,0.4843267400040394
0,0,0.43945818350403004
0,0,0.49927938635434904
0,0,0.3953919584801699
1,1,0.5862923732638627
0,0,0.34444539955147824
0,0,0.47475027881435367
0,0,0.3899586206027194
0,0,0.4538377939469123
0,0,0.49360067070241614
0,1,0.5232558256449303
0,0,0.3369439546605483
0,0,0.4864219195972751
0,1,0.5037287709620617
0,0,0.4236527399882688
0,0,0.4105681301531163
1,1,0.5899958595339428
0,0,0.42164050798018576
0,1,0.5100264868557719
0,0,0.4954432316163125
0,0,0.4716918919946745
0,0,0.3370816154958869
0,1,0.5764690541217671
0,0,0.4840718778314415
0,0,0.46425968680072827
0,1,0.5441302528835653
0,0,0.4949861652352922
0,0,0.4591081981832469
0,1,0.5029570615404451
1,1,0.5622760103266498
0,0,0.42004917999337654
0,1,0.5818868365082478
0,1,0.5034073215517609
0,0,0.42572964119702916
0,1,0.5292352588043967
0,0,0.43491205367371444
0,0,0.3617090456306836
1,0,0.4702723166632737
0,0,0.4833885450252858
0,0,0.4529133450457959
0,1,0.6265862589075086
1,1,0.6253879337231842
0,0,0.4399690708906984
0,0,0.41641807461539104
1,1,0.5259245429446002
0,0,0.47914086542555173
0,0,0.481261578283908
0,1,0.5989000126122749
0,1,0.5322094335725843
0,0,0.4869976908077735
1,1,0.5165551832711991
0,0,0.4916109492965985
0,0,0.4871347613209891
0,1,0.5404332362625305
0,0,0.4626331308631793
0,1,0.531100510116635
0,0,0.44079953333760374
0,1,0.5114008140820555
0,1,0.531895610742026
0,1,0.5710138438410722
0,1,0.5338918714264825
0,0,0.4627060580023085
0,1,0.5530334227849456
0,0,0.4594943348720308
0,0,0.3379467009966251
0,1,0.5023461693637149
0,1,0.5181635051948242
0,1,0.5226654927636332
0,0,0.4428280944816803
0,0,0.47327857189974937
0,0,0.40879844610704785
0,1,0.5783825132072224
1,1,0.5569255179175228
0,0,0.41054047343002253
0,0,0.412669768681037
0,0,0.4337561948351204
0,0,0.3880907361673671
0,1,0.5041320557651723
0,1,0.5260358812084802
0,1,0.5032892158653024
0,1,0.56129173121366
0,0,0.42227431138816174
0,0,0.4625709365995791
0,0,0.4371683368790063
0,0,0.479851808470199
0,0,0.42580567377749473
0,0,0.4821149380590105
0,1,0.526433316136705
0,0,0.4774740224182446
0,0,0.4495587254973895
0,0,0.41876732260043853
0,0,0.414574493270028
0,0,0.43541365313498515
0,0,0.43812664478244195
0,0,0.46690348930215414
0,1,0.5332155655529881
0,1,0.5139975964326509
0,1,0.5238922744100425
0,0,0.4083135079242869
0,1,0.5827719254755922
0,0,0.47900423104347195
0,0,0.31580940252127154
0,1,0.5100705566103225
0,1,0.539583533550674
0,0,0.46936392324274145
0,0,0.3823179318835133
0,1,0.5222411171479012
0,0,0.4310798209159209
0,1,0.544761657249938
0,0,0.4611064696905466
0,0,0.46581856084833406
1,0,0.44782150683066263
0,1,0.5068634968078517
0,0,0.4996863094261893
1,1,0.5469723976707853
0,0,0.4737896615293039
0,0,0.3869795791997065
0,1,0.5106008900143203
0,1,0.6077754430900656
0,0,0.45457923371485415
0,0,0.4493445268328317
0,0,0.4299329596066385
0,1,0.5046427712885834
0,1,0.5004876571436878
1,0,0.4868698254228174
0,0,0.47055712548103207
0,1,0.530145061514143
0,0,0.4930966968829423
0,1,0.5299373678161492
0,1,0.5158098399977493
0,1,0.5359898420737457
1,1,0.5305585627513871
0,0,0.4380794252387048
0,0,0.46570907128579764
0,0,0.3779785895027545
0,1,0.5354892735122775
0,0,0.4741516869392861
0,0,0.4312238678362729
0,0,0.48911127956807543
0,0,0.44320107024529043
0,1,0.5492132210348789
0,1,0.543847290267767
0,0,0.46625295918525034
0,0,0.4805054391571356
0,1,0.5969102506067003
0,0,0.4705025837578305
0,1,0.5445232578148151
0,1,0.5222714826200798
0,0,0.4561821065764701
0,0,0.4684211780297927
0,1,0.5156174742109599
1,0,0.4961235106660045
0,0,0.46410856084113483
0,1,0.5679329764714098
0,0,0.3596636216069083
0,1,0.5003863487507553
0,0,0.47329920966922534
0,0,0.48010854067208825
1,1,0.504572966504579
0,0,0.4694640105554902
0,0,0.4938686229250681
0,0,0.4028110761309673
0,1,0.5163945598342541
0,1,0.5172707954000968
0,0,0.4240094261936454
0,1,0.5729602256346812
0,0,0.4643331964323037
0,0,0.40746714943202134
0,0,0.4563309966733368
1,1,0.5669876118191383
0,0,0.46509885246402805
1,1,0.535795664024153
0,0,0.492899441005374
0,0,0.4145723608746467
0,0,0.4767770227598881
0,0,0.4390860212337497
0,0,0.4619763005464838
0,0,0.48743945361921776
0,0,0.44075526391888553
0,0,0.4899349452559175
0,0,0.4392445947639536
0,0,0.41827272064456184
0,1,0.5875933123533876
1,1,0.5060154750394531
0,1,0.5784215439722784
0,0,0.3413724410768598
0,0,0.47486363646777
0,0,0.36435403057762117
1,1,0.51140066967821
0,1,0.5261571373847546
0,0,0.4714128017729349
0,0,0.48833202900250683
0,0,0.47702201449888876
0,1,0.5278494320302193
0,0,0.4516730709446381
1,1,0.5134332929202902
0,1,0.5406370961459123
0,0,0.4796011707129626
0,0,0.4397088309986424
0,0,0.43823316507610227
0,0,0.4727163667087435
0,1,0.5122011098484026
0,0,0.3014144915538315
0,1,0.5448830379521504
0,0,0.45285135204180627
0,0,0.45055345217065557
1,1,0.5133932582731017
0,1,0.5173931040213344
0,1,0.5237007390304909
0,0,0.48868160835200264
1,1,0.6199770049097446
0,0,0.4062099273990934
0,0,0.36803918036558725
0,0,0.4877619959874281
0,1,0.5476058175071289
0,0,0.4853131207674478
0,1,0.5325118540602162
0,1,0.5358848852291634
0,0,0.4840586226772539
0,0,0.35205421457895014
0,0,0.4428237066907489
1,0,0.47679344503848936
0,1,0.5098569015904747
0,1,0.5082740611268214
0,0,0.3697496240843999
0,0,0.4781818228518162
0,0,0.4944535781169768
0,0,0.36904667189047674
0,0,0.4818594912096559
0,0,0.42588868361415605
0,1,0.5608142104664857
0,1,0.5367435479960267
0,1,0.5095145318122305
0,0,0.48488868144949343
0,0,0.44723810505959755
0,1,0.5728071465522034
1,0,0.49014710303979325
0,0,0.45918916243180274
0,0,0.4954514781568647
0,0,0.4397382959312267
0,0,0.3721049085588783
0,0,0.4203216540201032
0,0,0.3854602763024937
0,1,0.5494351515853981
0,0,0.4674437972291255
0,0,0.3775917647432797
0,0,0.4845684930114328
0,1,0.5128976629442117
0,0,0.4269725300810542
0,0,0.3994796622119325
0,1,0.5797493304828262
1,1,0.6003998398602105
0,1,0.5182634288088318
0,1,0.5014332033549288
0,0,0.4257637126856752
0,1,0.6114630307916671
1,1,0.5348473991293915
0,0,0.4145143099112847
0,1,0.5091305497243594
0,0,0.39294008587336343
0,1,0.5718518070880176
0,0,0.4544436059067914
1,1,0.5200741435256482
0,0,0.4597870445000343
0,0,0.41043547498269745
0,1,0.5145033871078484
0,0,0.3835010136294423
0,1,0.5077934792784287
0,0,0.4091155781769693
0,0,0.4527170585651353
0,0,0.45186684919976794
1,1,0.5467354960722262
0,0,0.460892727653747
0,0,0.445880914183181
1,1,0.5713794568335399
0,1,0.5064699108141543
0,0,0.42530786841843315
0,0,0.45377173227796236
0,0,0.4302360218901074
0,0,0.4784827580906296
1,0,0.4811174955723186
0,1,0.5333196412550876
0,1,0.5323451221958627
0,0,0.46663640043948507
0,0,0.45513493694432916
0,1,0.5374409869800336
0,0,0.4289974155877836
0,1,0.5224187440647302
0,1,0.5273287891801236
0,0,0.48154560769780086
0,0,0.46366751301760223
0,0,0.35538316813805454
0,0,0.4155184616598829
0,0,0.40488261911052986
0,0,0.33840950952217247
0,0,0.4452237806698752
0,0,0.4204180985970828
0,0,0.44893336270271283
0,0,0.3655633569804501
0,1,0.5755429314827757
0,1,0.5302916443667985
0,1,0.5004991849126711
0,0,0.42762809002994423
0,0,0.49388600646456227
0,0,0.4347693754263065
0,1,0.576548480580999
0,0,0.3979316138119246
0,1,0.5463070368971442
0,1,0.5213388171754268
0,1,0.5072842820024089
0,1,0.5822215514669563
0,1,0.5375728842520854
1,1,0.5134793354529
0,0,0.4622671133912395
0,0,0.4564002384251711
0,0,0.4903825194826855
0,1,0.5752348000362612
0,1,0.5245030167514378
0,0,0.49824454713640587
0,0,0.4481024119321217
0,1,0.6030804441106167
0,1,0.5896872373456606
0,1,0.5307658508817156
0,0,0.47187592064292133
0,0,0.45515508799164855
0,1,0.5639714500572088
0,0,0.4668962035510625
0,1,0.5613691284894855
0,1,0.5811648053753633
0,0,0.48706801613535583
0,0,0.4743478403162475
0,0,0.47727399921141517
0,0,0.4766955078245894
0,0,0.47647239381691814
0,0,0.4800861498737796
1,1,0.529121571486697
0,0,0.49660226450750966
0,0,0.40853745044883
0,0,0.4462695501843596
0,0,0.45030419372463354
0,0,0.4563099994186286
0,1,0.5118917503402236
0,0,0.46239735520037045
0,1,0.5850615279949809
0,1,0.5238979337531172
0,1,0.5583179445381855
0,1,0.5632430134402953
0,1,0.5311801936837905
0,0,0.36531777407422567
1,1,0.5475255572716162
0,1,0.5065914916363053
0,0,0.4792607212073763
0,0,0.3880287846890809
1,0,0.40737078791637615
0,0,0.4369211931005846
0,0,0.3724927881010454
0,0,0.4328936078037144
0,0,0.4341952952185112
0,0,0.4857638206225437
0,0,0.41097914986407724
0,1,0.5101256441942328
0,1,0.5978844718439941
0,0,0.47523018186102073
0,0,0.4543263640235506
0,1,0.5406467504621607
0,1,0.5013187294540473
0,0,0.4462009375439476
0,1,0.5041998182361499
0,1,0.5118293831280021
0,0,0.4338046544591931
0,0,0.32845925990580727
0,1,0.524896235799599
1,1,0.5129454634575868
0,1,0.5354516858138125
0,1,0.5168235922343866
0,0,0.4258325660457401
1,1,0.5439577119892473
0,0,0.4771090010636999
0,0,0.40627676798350476
0,1,0.5106272010046812
0,0,0.4987025242109485
0,0,0.4908833768966165
0,1,0.5745137859197151
0,1,0.5082448139168043
0,1,0.5793665412944672
0,0,0.45318148079784154
0,1,0.50083064314107
1,1,0.5182390606712711
0,0,0.4089984150703893
0,1,0.5160047174294988
0,0,0.47324294104773734
1,0,0.43310780392808984
0,0,0.4578702403851919
0,1,0.5806103857263938
0,0,0.42589852761714886
0,1,0.5041532473657018
0,1,0.5243067157867781
0,1,0.540526579222224
0,0,0.4080818257525526
0,0,0.4622580796866698
0,1,0.5790354109213991
0,0,0.4427445374832261
0,0,0.4703654290332739
0,0,0.42548050201180837
0,1,0.5125217274494162
0,1,0.5535600865906658
0,0,0.47742184805234317
1,1,0.5474867304373184
0,0,0.3668397615759148
0,0,0.4852978240770324
0,1,0.5391349138672861
1,0,0.42317149895224204
0,0,0.4819276352245721
0,0,0.3898515168576925
0,1,0.5585213661189798
0,1,0.5223603476975045
1,1,0.5563056410773513
0,1,0.5364873238635752
0,0,0.4875273546457299
0,0,0.42089083947421996
0,1,0.5171952493892725
0,1,0.5150639324671153
0,0,0.42919524816811105
0,0,0.36663735241280415
0,0,0.47863970957966445
0,0,0.39590081289717743
0,0,0.45583576813822546
0,0,0.4881259740557758
0,0,0.40538735453501673
0,1,0.5026835145675177
0,0,0.4554466687035375
0,1,0.5035371336007222
0,1,0.5634007365192284
0,0,0.44434065407661455
1,0,0.4683692479636013
0,1,0.547672767323985
0,0,0.45867139908791804
0,0,0.40643540019004226
0,0,0.39893395055089953
0,1,0.5496380368169422
0,1,0.5397303730865918
0,0,0.4948840085317261
0,1,0.546547924954234
0,0,0.42149620294559775
1,0,0.4786100661771453
0,0,0.447355330074922
0,1,0.5823121105786897
0,0,0.43346755778752516
0,1,0.5544575690612743
0,0,0.3941008591197295
0,0,0.4954801650562208
0,1,0.5369880269839532
0,0,0.48343508821656755
0,0,0.4565351010861752
0,1,0.5011964851354574
0,1,0.5537128183918896
0,1,0.6068514230512314
0,0,0.471102515366381
0,0,0.488346065913576
0,0,0.47190410848478415
0,1,0.5186838583669455
1,1,0.5715133851088143
1,1,0.5756957974090582
0,0,0.451637914378831
0,1,0.5659421303657522
0,0,0.4938080102396994
0,1,0.5123557576297322
1,1,0.5813303453305134
0,1,0.5234688954326371
0,1,0.5071443130242266
0,1,0.6009219602802092
0,1,0.5216045695673854
0,0,0.4400681099748369
0,1,0.5266748721570146
0,1,0.512153364003273
0,0,0.4051354966476515
0,0,0.43861181043372144
0,1,0.5254148712219111
0,1,0.5637961981485871
0,0,0.4486463961537187
0,1,0.5209767949884019
0,0,0.4285090289153141
0,0,0.4457139987372638
0,1,0.5513977520472249
0,1,0.5238189525928884
0,0,0.44599923947481207
0,0,0.4692999020662561
0,0,0.3722697789660446
0,0,0.485589756157537
1,1,0.5034054083040602
0,0,0.4741450106052295
0,1,0.5211297048595823
0,0,0.47742523190425135
0,1,0.5044517159025813
1,1,0.5033642392874441
0,0,0.42016484824755956
0,0,0.34672017146606804
0,0,0.47750326058748266
0,0,0.34946628593605966
1,0,0.4654314831779282
1,1,0.5631233560895132
0,0,0.4908606857101603
0,0,0.4769819476506726
0,0,0.4614037300696215
0,1,0.5518775001104137
0,1,0.5012568862546944
0,1,0.5730864654497357
0,0,0.45505536962387055
0,1,0.5103612595033534
0,0,0.35755830562822166
1,1,0.5114831748487039
0,0,0.49953605898417996
1,0,0.49685240571155964
0,0,0.3594964879301337
0,1,0.5059992606158105
0,0,0.36754795081008523
0,0,0.48401628200792146
0,0,0.44908980599115467
0,0,0.4587644207367322
0,1,0.5040770715732326
1,1,0.5187715689933446
0,0,0.3565894906743597
0,1,0.5153968921256958
0,0,0.4702861283839394
0,0,0.40494522006020534
0,0,0.39419819160920094
0,0,0.4565048064303612
0,0,0.44622670970496925
0,0,0.3477623336227344
0,0,0.4036998917771145
0,0,0.4544488036257238
0,1,0.5182524236474616
0,0,0.46184308223191245
0,0,0.4674662792618514
0,0,0.4925749480911142
0,0,0.4972970990375217
0,1,0.5554925412908082
0,1,0.5283456610346536
0,1,0.5520550899074218
0,0,0.3955902831471612
0,0,0.4637226017848937
1,0,0.4559770150261222
0,0,0.36276947634018497
0,0,0.47573449822053265
0,0,0.37450184903926426
0,0,0.4305464425880527
0,0,0.4489045656618433
0,1,0.5797805686289862
0,0,0.3282217790198233
0,0,0.4280165098584427
0,0,0.4550368144584755
0,0,0.43175869916957615
0,0,0.4377524480781435
0,0,0.4703219461990365
0,0,0.4612795671112749
0,0,0.48292451388301055
0,0,0.49379095783821086
0,1,0.5233958615253207
0,0,0.4853354058091596
1,0,0.474745088870673
0,0,0.45269870202965623
1,0,0.4824605035177962
0,0,0.48242066336029354
0,0,0.4763035445079256
1,1,0.5076215812052322
0,1,0.5054925081859278
0,1,0.506079160523976
0,1,0.5860681388511809
0,0,0.4092060775799494
0,1,0.5431941467305006
0,0,0.3777765555830052
0,0,0.30800408935833656
0,0,0.47056947070980476
0,1,0.5911384143855097
0,0,0.4094051224997706
0,1,0.5012952101871432
0,0,0.4802204223050894
0,0,0.41950589994511966
0,1,0.5125971779032978
0,1,0.5636918836649043
0,0,0.40439495222190197
0,0,0.43524584194549154
0,0,0.46548356224875925
0,1,0.5023012096926065
0,1,0.5123325819688465
0,1,0.5284696538915701
0,0,0.40231537570890674
0,0,0.4256847203023206
1,0,0.37177259188521944
0,1,0.5537743273952438
0,0,0.3908149418413005
0,0,0.4977547773527761
0,0,0.4397226231790303
0,1,0.5374665181477507
1,0,0.4613962341889253
0,1,0.5547332516689883
1,0,0.4624837294952811
1,1,0.5996448235193603
0,0,0.33563830955683327
0,0,0.39822297272970736
1,1,0.5103173771820572
0,0,0.47716816531072453
0,0,0.39477294906827853
0,0,0.4181822680187309
0,0,0.45769860375205085
0,0,0.4338779299635924
0,1,0.5509179074122172
0,0,0.3607891585835782
0,0,0.38960423663806937
0,1,0.6109787076311483
1,0,0.4743380936597344
0,0,0.41449999215789807
0,0,0.4928224819321171
0,0,0.48863934830768746
0,1,0.5212012623057087
0,1,0.5284599710839126
0,0,0.3928664589911028
0,0,0.39949539942802054
0,0,0.4064428521775269
0,0,0.41095019992205534
0,0,0.4711412596434508
1,1,0.5587093190797657
0,0,0.40724241821195795
0,1,0.5829349026212549
0,0,0.4714280164053731
0,0,0.4134374006115415
0,0,0.45060131476116977
0,0,0.4428112358458646
0,0,0.4451969332211675
0,1,0.5039186682142172
0,1,0.5687354017871866
0,1,0.5608653349521687
0,0,0.42498526941494336
0,1,0.5009558570584779
0,1,0.5698240305958153
0,0,0.48429531806252696
0,0,0.39195671571961016
0,1,0.5906933232694376
0,0,0.44621984407691984
0,1,0.5225518406486899
0,0,0.4590886033333473
1,1,0.5853026992988664
0,0,0.40989374725021804
0,0,0.43291821286750687
0,1,0.5243564564322499
0,0,0.4295776682252408
0,1,0.5658171589358377
0,1,0.5497144367895666
0,0,0.436405019433229
0,0,0.47620996635898744
0,0,0.48941072906026895
0,0,0.4245090681257126
0,1,0.5037255669025633
0,0,0.46648006293703065
0,1,0.5511340473020977
0,0,0.43235510960902873
0,0,0.4563758542898064
0,1,0.5092611125485393
0,1,0.5435736453422458
0,0,0.4320219710055392
0,1,0.5572875844930434
0,1,0.5529862813439762
0,1,0.5236106623880467
0,0,0.4786450231019776
0,1,0.5321857541197249
0,0,0.4729252848052431
0,1,0.5464273668196848
0,1,0.5094858056497246
0,1,0.5941861812331914
0,1,0.5171681329820115
0,1,0.5201597090049892
0,0,0.4715459470549703
0,0,0.4232381192604611
0,0,0.37842890592465844
0,1,0.5541671937673496
0,0,0.4701785317921192
0,0,0.45548157654882404
1,0,0.4023229266736131
0,0,0.3610258966283325
0,0,0.4595479994840103
1,1,0.559518689533112
1,1,0.5698878079717198
0,1,0.513311575295039
0,0,0.48157001617240813
0,0,0.48828812886628337
0,0,0.45672969426140136
0,1,0.5198247669909158
0,0,0.4815064076816001
0,0,0.4834929330343126
0,1,0.5154385353468794
1,0,0.45471636794087894
0,1,0.5770216623496711
1,1,0.5278984362208808
0,1,0.5285586199197444
1,0,0.44344019287527575
0,0,0.4624649196553481
0,0,0.4693119476914025
0,1,0.5006010040114502
0,0,0.43584151881814165
0,0,0.4107984202297325
0,0,0.3482062445339727
0,0,0.47388921823630914
0,1,0.5141372356362609
1,1,0.5699793840214696
0,0,0.39135593947228453
0,0,0.4671530104064024
0,0,0.4566216379339714
0,0,0.46494207063897613
0,0,0.49386071712394314
0,1,0.5707517459771403
0,0,0.45122703545222587
0,0,0.4409254812091678
0,1,0.506100836026937
0,0,0.45930184933726353
0,0,0.4692688368454021
0,0,0.36440041908420057
0,1,0.5712608372227593
0,1,0.536334134531454
0,0,0.45721941387893217
0,0,0.4443840587267931
0,1,0.5645690682667719
0,1,0.5135218345480422
0,0,0.49042834036958716
0,0,0.4844021294310565
1,0,0.4957132908839965
0,1,0.6080565674581462
0,0,0.4469486369522964
0,0,0.4960925437818471
0,0,0.4546986681819633
0,0,0.47151702766321485
0,1,0.5450332978569539
1,0,0.4668699894235872
0,1,0.5516322500066019
1,1,0.5486717600430066
0,0,0.4473034317600644
0,1,0.53407872332588
0,1,0.5261721445110958
0,0,0.45866422868997214
0,0,0.3868272831744064
0,0,0.3752469374257912
0,1,0.5553140037197977
0,0,0.4972678480721089
0,0,0.4167675735514728
0,1,0.5355034779770903
0,0,0.4412303647352714
0,1,0.5490917389960543
0,0,0.49444463839157954
0,1,0.5257131852541016
0,1,0.5051511645800381
0,0,0.4956298488909905
0,1,0.5062824980029678
0,1,0.5155515410001054
0,0,0.46013968094120217
0,0,0.4694587305277094
0,0,0.43019159854462663
0,0,0.337290473615159
0,0,0.4674145994345153
0,0,0.3948519884637826
0,0,0.43129337720039357
1,0,0.43089804781314206
0,0,0.4781701350654995
0,0,0.3887809793101642
0,1,0.507262127376722
0,1,0.6129862754155238
0,1,0.5451156651776388
0,0,0.42137334074717436
0,1,0.5134508751984528
0,0,0.35660910948314084
0,1,0.5167426704245611
0,0,0.3446081803688781
1,1,0.5016044876575735
1,1,0.5206564917569139
0,1,0.5655483821872738
1,0,0.4733090287538743
0,1,0.5186126640051409
0,1,0.5144771462831488
0,0,0.4007198039993032
0,1,0.5353726120655896
0,0,0.4308677943908559
0,0,0.460457395156686
0,0,0.47568477751864996
1,0,0.4667031852860537
0,0,0.4454414173034557
0,0,0.3939548776130304
0,1,0.5105583335259057
0,1,0.50316630740275
0,1,0.5456163184895468
0,0,0.44269088525037653
0,1,0.5119499489878387
0,0,0.42845604037487256
0,1,0.5448236665980714
0,1,0.5291516726138847
0,0,0.47554628541296723
0,0,0.4305712323006148
0,1,0.5022315110271959
0,1,0.5705593118280912
0,0,0.46841053383288445
0,0,0.4046370397128104
0,0,0.4834809910060263
0,0,0.3953847949653869
0,0,0.49162893228956395
0,1,0.5354494536174859
0,0,0.3605971978110238
0,0,0.43621040658022436
0,1,0.5463612066853488
0,0,0.4245959712286615
0,1,0.5721992316935751
0,1,0.545123524456136
0,0,0.4497404167745755
0,0,0.46926508617782325
1,1,0.5572135526973863
0,1,0.5237348045774335
1,1,0.5542364921534125
0,0,0.40620907035431814
0,0,0.46013160862919444
0,1,0.5600152774106951
0,1,0.5727722512107681
0,0,0.4211187536353737
0,1,0.5428619138346484
0,0,0.48585702914236356
0,0,0.3985859456315658
0,0,0.4338361942371406
0,0,0.4188034287602125
0,0,0.49480917835610944
0,0,0.47015183764034574
0,0,0.4899075724611177
0,0,0.49681165923684917
0,0,0.4653876003304006
1,0,0.4909324107170442
0,1,0.5181367953376588
0,1,0.5427218777908879
1,1,0.5013676060113059
0,0,0.48460376449134884
0,1,0.5030861478266808
0,0,0.46276465199094347
0,1,0.504116026667449
0,0,0.45942168228119107
0,1,0.5651455702434671
0,0,0.4253431788817366
0,1,0.5587656593612422
0,0,0.49844527731804156
0,0,0.4492654432864851
0,0,0.3777862224032692
0,1,0.6064058228709848
0,1,0.5690756914644215
0,0,0.38746014075136537
0,0,0.43764426696915926
0,1,0.5699182093478941
1,0,0.44613240695849166
0,0,0.41332923632955804
0,0,0.4687713679018675
0,0,0.4543861675979501
0,0,0.39142694434846603
0,1,0.533094470276559
0,0,0.389561946781656
0,0,0.49813560498353865
0,0,0.4526546842970099
0,0,0.4321806186972363
0,0,0.4798404610983396
0,1,0.5092589131601414
0,1,0.5761291327323033
0,1,0.5663934403055568
0,0,0.4971934818530712
0,0,0.3596446427124434
0,1,0.5294345185165007
0,0,0.43325443368958305
0,0,0.43713323870368526
0,1,0.5842666380022074
0,0,0.4850830315306369
0,1,0.564631203776219
0,0,0.40206053363627425
0,0,0.4097341978697548
0,0,0.40974430961742697
0,1,0.5205845190719595
0,0,0.4835715254501172
0,1,0.552514664882424
0,0,0.4915162265534001
0,0,0.43496770866867945
0,0,0.43553082954396394
0,0,0.4682364526968261
0,0,0.4412942911168704
0,1,0.5373211725901251
0,0,0.42994495674584643
1,0,0.49271511965794607
0,0,0.41510331387815746
0,0,0.4891669186957727
0,0,0.4807655356106638
0,0,0.4759293869672145
1,0,0.4960094811408394
0,0,0.4995999173789559
0,0,0.37432766844027915
0,1,0.5147639078575292
0,0,0.4249640811474484
1,1,0.5584582620199113
0,1,0.5777002864883442
0,0,0.4753973118049212
1,1,0.5066643445229839
0,1,0.5452409106483492
0,0,0.44945850883517474
0,0,0.4903687684429787
0,1,0.5436267871890123
1,1,0.5215711861250415
0,1,0.5100283800474744
0,0,0.4458629109310271
1,1,0.5593645247093023
0,0,0.3819522293000098
0,0,0.499024785548883
0,0,0.378362662836659
1,1,0.5442104519095985
0,0,0.4992552783848466
0,0,0.4094123659114268
0,0,0.43565310316703026
1,0,0.44671470483471654
0,0,0.40040284858128944
0,0,0.45829690085891933
0,0,0.42519118073866047
0,0,0.4348155701132736
1,1,0.6062031019472122
1,0,0.48620421157480587
0,0,0.4824170475720577
0,1,0.5759099434496626
0,1,0.6213178203952165
0,0,0.49710589775269476
0,0,0.44632317868265303
0,0,0.4807710202453178
0,1,0.5017349688649569
0,0,0.4897295267626168
0,0,0.3653178729191388
0,1,0.5663585682582518
0,1,0.5282989280686536
0,1,0.5722326915978393
0,0,0.43083387465821665
0,1,0.5483603614348813
1,1,0.5258067861094637
0,1,0.558056214142617
0,0,0.48141451343039987
0,0,0.4860171023492205
0,0,0.43881872763397517
0,0,0.41868364325929747
0,0,0.34385074687892625
0,0,0.4924115540204839
0,0,0.33627142527011583
0,0,0.4975002854283582
0,1,0.6055328592026555
0,0,0.43377052548991274
0,1,0.5366681191647771
0,1,0.5749568319740712
0,1,0.5786584667335125
0,0,0.4633925687204741
0,1,0.5060234039022685
0,0,0.39563990708729685
0,1,0.5654707108997667
0,0,0.445292981246237
0,1,0.5053236174113792
0,0,0.4912155361562347
0,1,0.5336211736879298
0,1,0.5114398081097667
0,1,0.5477285623687544
0,0,0.3607174454922806
0,0,0.46261885476730447
1,1,0.5497238161961284
0,1,0.5388850815181788
0,1,0.5282102414811759
0,0,0.4208913537222785
0,0,0.4147131285604768
1,1,0.5663961071358211
0,1,0.5838530024622421
0,1,0.5066899118354479
0,1,0.5508143324313537
0,0,0.40762803450829155
0,1,0.5205746431058795
0,0,0.41101228360270137
0,1,0.581704202631589
0,0,0.4471826793362234
0,0,0.47231005820152794
0,1,0.5096190029108395
0,1,0.5212772512403783
0,0,0.41225128930008936
0,1,0.5153137716255418
0,0,0.49040579134903467
0,0,0.4649068784863348
0,1,0.5950049778509813
0,1,0.523062304160882
1,0,0.39889067306666426
0,0,0.3415397360246938
0,1,0.5517297761703742
0,1,0.5662722552772457
0,0,0.4462012364001054
0,0,0.4440023467313028
1,1,0.5448034124710358
0,1,0.5520543234776292
1,1,0.5553491482438918
0,1,0.5157613199835019
0,1,0.5246652063718542
0,0,0.44441412284720694
0,0,0.39614433403150384
0,1,0.5341232299540519
0,1,0.5068952557630676
0,0,0.4452579475801516
1,0,0.44512915946131465
0,0,0.4492826172988819
1,1,0.5012587894672275
0,1,0.5663800806396733
0,1,0.5592034483029267
0,1,0.5275104877672441
0,0,0.4470087330661612
0,1,0.5180366638119565
0,0,0.41005816176999377
0,0,0.48241251695075604
0,1,0.5431739409095995
0,0,0.3815614124807201
0,0,0.44072206200285685
0,1,0.5159185556731092
0,0,0.4666692187670893
0,1,0.5393620386066975
0,1,0.5861187648031786
0,0,0.49621009752777206
0,0,0.4797860806915054
0,1,0.5119462461245494
0,1,0.552536339310565
0,0,0.4293888771988923
0,0,0.48050463535578947
1,0,0.475671323870406
0,1,0.6022778159823882
0,1,0.5039725620233473
0,0,0.46800188053249636
0,1,0.6087087304877837
0,1,0.5005672628814262
0,1,0.5962964850327631
0,1,0.5694285200558119
0,1,0.5065990446951679
0,0,0.4562813266226109
0,1,0.5729923339858334
0,1,0.5226779509076764
0,1,0.5474219427726946
0,0,0.4920677946063358
1,1,0.5170304347564568
0,0,0.35763213388395043
0,0,0.48042777726146196
0,0,0.4331285668747435
0,1,0.5643457983434672
0,0,0.4451070906323693
0,1,0.5830286921576014
0,0,0.4463378558690114
0,1,0.5439771172541197
0,1,0.567060126152319
0,1,0.5218794009513799
0,1,0.5080834249815278
0,0,0.42017308982518825
0,1,0.5236332973788024
0,0,0.45483983225122687
0,1,0.5425665533206093
0,0,0.4234575632405764
0,0,0.37633710913147445
0,0,0.4189476300423046
0,1,0.5164187123693049
0,0,0.44793993542997484
0,1,0.533793961645082
1,1,0.5488679975097881
0,0,0.46208913093084364
0,0,0.4510515234449655
0,0,0.4292330957054503
0,1,0.5092948364842497
0,1,0.5371109075056446
0,0,0.4418632885907461
0,0,0.44739292935853714
0,1,0.5370469401781258
0,0,0.45853527115158405
0,0,0.37471879174335454
0,0,0.46862413072015924
0,0,0.4115323891851909
0,1,0.5615411808860896
1,0,0.47990212326561976
0,1,0.5565796397552053
0,0,0.3535523779225009
0,0,0.36627697229441475
0,0,0.43915201208823823
0,0,0.4304798057541347
0,1,0.52936105484239
0,0,0.40622063053360336
0,0,0.3966109667686111
0,1,0.5224512296182371
0,1,0.5457019385508032
0,0,0.4781663814142491
0,0,0.45649718146353907
0,1,0.5177233405148765
0,0,0.4262394548701181
0,0,0.42730272557408727
0,0,0.4730258838911678
0,0,0.3855381685684112
0,0,0.4306702261874713
0,0,0.4630309114154229
0,1,0.534700037070452
0,1,0.5620293755914916
0,0,0.3829939711857014
0,1,0.5011874529047664
0,0,0.38648401057831483
0,0,0.4374155451001633
0,0,0.42114688102729614
0,0,0.42370660836421814
0,1,0.585607764042649
0,0,0.4389678946929404
0,0,0.3731710991851298
0,0,0.47366902568104263
0,0,0.381459043772493
0,1,0.513152666500298
0,1,0.6050544908260548
0,0,0.4781257756035869
0,0,0.43134728662852856
0,0,0.4187047213158151
0,0,0.45391221672618903
0,0,0.4432371019682846
0,1,0.5998890945532809
0,0,0.40919940921027265
0,0,0.43799515760351626
0,1,0.508806857603867
0,1,0.5376247946071893
0,0,0.42444025999118346
0,0,0.41781819217141575
1,1,0.596712048170422
0,1,0.5336573451881889
0,0,0.4440630692198128
0,1,0.5542060662813724
0,0,0.4328620540627029
1,1,0.5038505706135225
0,1,0.5212863790663378
0,1,0.5646903551849011
0,1,0.5497721903241651
0,1,0.5683533003083658
0,1,0.5121538290012637
0,0,0.4474336914152175
0,1,0.5068566397307325
0,0,0.38690890830436503
0,1,0.5104232924826142
0,0,0.46104763730549747
0,0,0.49566555478220437
0,1,0.5323138147375206
0,1,0.5142124869623848
0,0,0.4774742255870199
0,1,0.5091495172074301
0,0,0.4246196951366329
0,1,0.5480942695745928
0,0,0.49219394206904765
0,0,0.35100921004784197
0,0,0.4265830908252042
0,0,0.3822310690021735
0,0,0.4400373776098086
0,1,0.5497107867274267
1,1,0.5422429306833466
0,0,0.4640562125380711
1,0,0.4659494775903144
0,0,0.42063739540695444
0,1,0.5174774610390381
0,0,0.49915850462936784
0,1,0.5922276513764012
0,0,0.44738568835599457
0,0,0.3907827721533049
1,1,0.5356144927009303
1,0,0.419609977678163
0,1,0.5034772310563613
0,1,0.5922948914978047
1,1,0.5220586734796108
1,0,0.46175548674115935
0,1,0.5030576415112801
0,0,0.4108828508539063
0,0,0.44249507649529773
0,1,0.5920217393873446
0,1,0.5070594570839413
0,1,0.549272285755603
0,0,0.45763605246988703
0,0,0.4632425660687052
0,1,0.5118819588618677
0,1,0.5157118757964001
0,0,0.40648928182193517
0,1,0.5002553088406233
0,1,0.5191429866774828
0,1,0.5420038492816623
0,1,0.5328228041988237
0,0,0.4680463592662052
0,1,0.5134402524387476
0,1,0.5239320619018928
0,0,0.49882733879541186
0,0,0.4997020369975331
0,1,0.5431673795219109
0,1,0.5666478194577027
0,0,0.43104196103289305
0,0,0.4905807702051159
0,0,0.44259821786209946
0,0,0.4745990799903854
0,0,0.44224346386684593
0,0,0.40458941258533554
0,0,0.4907572390189794
0,0,0.4571578073715428
0,0,0.3658783722109041
0,0,0.424225958564896
1,1,0.5918011376684499
0,0,0.44324728013703607
0,1,0.5804864080708108
0,1,0.5145244411752846
0,0,0.49519814029988374
1,1,0.5190428269125227
0,0,0.4060506089798375
0,0,0.4289521798412759
0,0,0.4428539677611617
1,1,0.5449847379698751
0,0,0.490972070473054
1,1,0.5743093285028765
0,0,0.4312932385579524
0,0,0.45105178812669466
0,0,0.49393095674868137
0,1,0.5525949957787022
0,0,0.4245409855412434
1,1,0.5273769873273129
0,1,0.53314899066616
0,0,0.40891009711954945
0,0,0.39025520504708533
0,1,0.5247358909740584
0,0,0.37673992874728285
0,0,0.3990480622186322
1,1,0.5390362407785318
0,0,0.337431484466412
0,0,0.4377532814295669
0,0,0.4363809749953965
0,1,0.5652393745899965
0,0,0.44954032723161347
0,0,0.4414342827737293
0,1,0.5714405959345121
0,1,0.5611964227005732
1,1,0.5588588437079254
0,1,0.5057047652819153
0,0,0.46131605025815886
0,1,0.5213516811556369
0,1,0.5102330912837798
0,1,0.5297098144907438
0,0,0.48864172207484136
0,1,0.5203833025062147
0,1,0.5575780817786553
0,1,0.5069647053829082
0,0,0.46472151640801473
1,0,0.48549838402000184
0,0,0.4851783943944848
0,0,0.3924615662227252
0,1,0.6089370421301222
0,0,0.44471430273894336
1,1,0.546499107374958
0,1,0.5225388945412789
0,0,0.4984675393840529
0,1,0.5383751918136561
0,0,0.4436343433909182
0,0,0.3505547459411752
0,0,0.49031304654091024
0,0,0.474421183779003
1,1,0.512708915453991
0,0,0.4011780298651218
0,0,0.41351969397374755
0,1,0.5216608799632622
0,1,0.5347370588628562
0,1,0.5055474238613478
0,1,0.5526909490676887
0,1,0.5787627592275943
0,1,0.5018663421245059
0,0,0.4846444537701926
0,0,0.32803230376564196
0,1,0.5040677438518754
0,0,0.3810630584548699
0,0,0.46996214547384013
0,0,0.47541028567148375
0,0,0.3479411230614465
0,0,0.493083898865766
1,1,0.5723991234224098
0,0,0.4385707063542471
0,0,0.4701099675603074
0,0,0.4701462486426551
0,1,0.5362136855844878
0,0,0.48930025909461905
1,1,0.5072669569997157
0,1,0.5836907787727152
0,1,0.5746949549452903
1,0,0.4948901705691371
0,1,0.5027188817470816
0,0,0.49273462932309287
0,0,0.40449740498119285
1,0,0.48349383421969405
0,0,0.4991184906936943
0,1,0.5088904895595574
0,0,0.4882248355920358
0,0,0.37163735527681957
0,1,0.561674710521721
0,0,0.40645078497310505
0,0,0.4858057820905525
0,0,0.4454373693522256
0,0,0.4375443667079387
0,0,0.4759399081467095
0,0,0.43718175647272595
0,0,0.4672682628324461
0,0,0.45440891413339096
0,0,0.47367803318221063
0,0,0.4535887119171315
0,0,0.4816212724172463
0,0,0.4913572723149003
0,0,0.44344036127671027
0,1,0.5579073015263114
0,0,0.4192534742441121
0,1,0.5714102794483983
0,1,0.5430849554935767
0,0,0.4782890843624557
0,0,0.4644515718446845
0,0,0.3516594575037417
0,0,0.4731760141106821
1,0,0.44988888667455507
1,0,0.43620269694671476
0,0,0.42579816515105096
0,1,0.5202178354298074
0,1,0.5051605641863249
0,1,0.5650277734327467
0,1,0.5273020216995018
0,0,0.4727454460556325
0,1,0.5519737741231359
0,1,0.5211550190988858
0,0,0.4667179138102992
0,0,0.36269905367583477
0,0,0.37839775597649283
0,0,0.41015745674551846
0,1,0.5049323343000515
0,1,0.5511737306875781
0,1,0.5933708396774339
0,0,0.45131247974287514
0,1,0.5570114285590734
0,1,0.5533962824607775
0,0,0.44546101124505016
0,1,0.5027478612977437
0,1,0.5380809741314403
0,0,0.4719978756328609
0,0,0.4967785494245341
0,0,0.4921082890456254
0,0,0.4110504047993045
0,1,0.5025231303197473
0,1,0.5093386123192193
0,1,0.5048802902182338
0,0,0.47304661595100894
0,0,0.4611777702662072
0,1,0.5690332443243336
0,0,0.40468831003553035
0,0,0.4269486567688313
0,0,0.46746562286178545
0,1,0.5716836989920302
0,0,0.4346104900950223
0,1,0.5061450095646532
0,1,0.5522760686803645
0,0,0.49436915852178154
0,0,0.43720235092772164
0,0,0.3807406056879682
0,1,0.522628353667198
1,0,0.44574374505396686
0,0,0.4481382036888084
0,0,0.4198881842198311
0,0,0.4231951398653909
0,1,0.5383488557433467
0,1,0.5029961740082921
0,0,0.4870952650468587
0,1,0.5075949121635537
0,0,0.47339284419687844
0,0,0.41530427999114883
0,1,0.5266672615711515
0,0,0.4491826564417519
0,0,0.40039929393881885
1,1,0.5984423533244947
0,1,0.5116072248679636
0,1,0.5161484482670783
1,0,0.4795719453752364
0,0,0.416380582559495
0,1,0.555914431655089
0,0,0.44197602421638116
0,0,0.4424084474467035
0,1,0.5138009909729704
0,0,0.40728440298150903
0,0,0.48984382724807324
0,1,0.5399205588435612
0,0,0.3957313572733396
0,0,0.4197472694926054
0,0,0.48184134646282856
0,0,0.45428035501635283
0,0,0.4629043852249669
0,1,0.5940261675852164
0,0,0.3547128248558834
0,0,0.44321740448010344
0,1,0.506011111472042
1,0,0.4567607719434891
0,0,0.4456935041155626
0,0,0.46285137139258614
0,0,0.44876727627356755
0,0,0.47402022993287063
0,1,0.5662918907159787
0,1,0.5324960050171612
0,1,0.5312596020232047
0,0,0.471227644891656
0,1,0.5272856772947007
0,1,0.5620509172548237
0,0,0.46132947982803374
0,1,0.5139391191082063
0,0,0.42023588707321
0,0,0.4310000604446894
0,1,0.5997468741580623
0,0,0.43657882656964114
0,0,0.3569528572701537
0,0,0.43599514338601414
0,0,0.47306429984449827
0,0,0.4054717230715737
0,1,0.5054445544062385
0,1,0.5687806710226045
0,0,0.477559712434152
0,1,0.559561360206472
0,0,0.4509071771503001
0,0,0.40666991500921557
1,1,0.5165807943126215
0,1,0.5741349445812577
0,0,0.36872448752495807
0,0,0.48107614816314803
0,1,0.5371927500984945
0,0,0.46399329963076397
0,0,0.4522278082532998
0,1,0.5385533706020993
0,0,0.3782831560606094
0,1,0.5831195969217123
0,1,0.5164738520516586
0,0,0.45961746058329345
1,0,0.42072711170223376
0,0,0.4666440803609565
0,1,0.5164715774477566
0,1,0.6578789709474114
0,0,0.4780104601364188
0,1,0.5051379919996026
0,0,0.4381279743664807
0,1,0.5085170507511944
0,1,0.6000875396999618
0,0,0.43144279422181275
0,0,0.3822507729338745
0,0,0.4013080644615434
0,0,0.43038717363930085
0,0,0.4187265235481084
0,1,0.5626234806016852
0,1,0.5120708321773512
0,0,0.4734061790489242
0,1,0.5301741340854381
0,0,0.45893355466462693
0,0,0.434633573110718
0,1,0.5709593204756908
0,0,0.44154865510730906
0,0,0.3452344501253484
0,0,0.4251940707330675
0,0,0.35692031898071674
0,1,0.5266282088319209
0,0,0.45226586985511047
0,0,0.4845359767102723
0,0,0.46587701607003174
0,0,0.47195201518530205
0,0,0.3864172250697808
0,1,0.5215444205101903
0,0,0.4176359280273971
0,0,0.47988712334883443
0,0,0.45288982644088505
0,1,0.5174958754049523
1,0,0.48924170596184857
1,1,0.5354466957428692
0,0,0.44563883627125817
0,0,0.38511346880206176
0,0,0.47402641475550994
0,1,0.5347166394420565
1,1,0.5281639796970704
0,0,0.454006751643469
0,0,0.4921764996420498
0,0,0.49930421673527264
0,0,0.4061550466734642
1,0,0.491385952211884
0,1,0.5396928203299223
0,0,0.46436120814190673
0,0,0.3584395004248025
0,1,0.5307570962080123
0,1,0.5349362192219265
0,1,0.5725911779781895
0,1,0.5415632594567059
0,1,0.5728681092264057
0,0,0.45464791252972353
0,1,0.5288511327046883
0,0,0.4820868936284862
0,1,0.5894880588935884
0,1,0.578217394159383
0,1,0.569395798912764
0,1,0.5137810935500515
0,0,0.47547650785930207
0,0,0.40572958102165935
0,1,0.5701939222786697
0,1,0.5043348387869055
1,0,0.45439433373287325
0,0,0.41572413268048775
0,1,0.5188636114813499
0,0,0.4125576910895007
1,1,0.5640703521413202
0,0,0.4248578528391178
1,0,0.4691366608614958
0,0,0.43658966818512773
0,0,0.49520291645977305
1,0,0.49228165608416363
1,1,0.6012199644516975
0,0,0.46720286818136286
0,0,0.4862087007892994
0,0,0.42889761869608894
0,1,0.5278005533525374
0,0,0.43991307571569677
0,0,0.4960332822661115
0,0,0.40804931262299127
0,1,0.6189946037486129
0,0,0.49649420769431546
0,1,0.5350071423353799
0,1,0.5408816969138116
1,1,0.5489857063628295
0,0,0.3976965568305847
0,0,0.46007420110590735
0,1,0.5272899568776193
0,0,0.47853120355728795
0,1,0.5459412557494212
0,0,0.426077743578821
0,0,0.4652979307332325
0,0,0.4044756344173755
0,1,0.5770225787035962
0,0,0.47702525447652
0,0,0.42508945335075055
0,0,0.36490657583190844
0,1,0.5027452738565429
0,0,0.40357584093745813
1,0,0.405728932183396
0,0,0.36298215749567925
0,0,0.40130684699758556
0,0,0.47968886150541223
0,0,0.43284354929873087
0,0,0.4534047538579344
0,1,0.5193545929850092
0,0,0.478480119307384
0,0,0.4950811616727724
0,1,0.5161216832281132
1,1,0.592627697477266
0,0,0.4558588880909051
0,1,0.560957561591154
0,1,0.5012077949342849
0,0,0.4532201310843329
0,1,0.5155700111188348
0,1,0.507810601115364
0,0,0.4532271353379002
0,1,0.5373571437847358
0,0,0.41575278797060006
0,0,0.39789219305810997
1,0,0.41838036780682464
0,1,0.5682594856493965
0,0,0.4460565094542745
0,0,0.48661102673779644
0,1,0.5837772438862
1,1,0.5429058631994167
0,0,0.4947728197586324
0,1,0.5527189417947519
0,1,0.5930520543778168
0,1,0.5219623157836023
0,0,0.48969133085062977
0,0,0.457824018973957
0,1,0.5994744822217692
0,1,0.5007536568286656
0,0,0.3996064590523942
1,1,0.5706603062300146
0,1,0.509539530320313
0,1,0.5150328334765494
0,1,0.5003697805900524
1,0,0.363380524945748
0,1,0.5544457148192931
0,0,0.46957255760290173
0,0,0.47565844415096104
0,1,0.5295961469545896
0,1,0.5587991895362847
0,0,0.4490405130463164
0,0,0.49225815351425495
0,0,0.4764167214672074
1,0,0.4697110945258445
0,0,0.49201310046367036
0,0,0.39041829025130526
0,1,0.576775279346681
0,0,0.4813446760577495
0,0,0.46702997128487994
0,1,0.5511983136664907
0,1,0.5215849959506318
0,1,0.5684739273146682
0,1,0.5351769676179515
0,0,0.46242138637657815
0,0,0.4789429658341496
0,0,0.4815486308524314
0,0,0.3981955103390732
0,0,0.4633798503430788
0,0,0.41508002726704446
0,1,0.5425894920300061
0,0,0.3932274552960165
0,1,0.5575789040545978
1,1,0.5735326116792385
1,1,0.5214359149904579
0,0,0.38551141663369765
0,1,0.5468051992323173
0,0,0.37202216826350115
0,1,0.5989810695267004
0,1,0.5072028994426778
0,0,0.4727203914574949
0,0,0.45243404980974167
0,0,0.4049569924016312
0,1,0.5573628741394532
1,0,0.46957198605610984
0,0,0.3974516631628982
0,1,0.5701060039990378
0,1,0.532376772467957
0,1,0.5704954534672065
0,0,0.47085594352390486
1,1,0.5500325223192974
0,1,0.5169185297485793
0,1,0.5519765962514319
0,1,0.5325333048805141
0,1,0.5084698818630923
0,0,0.4847030265466896
0,1,0.5426945774127507
0,1,0.5217590458204754
1,1,0.523495397688981
0,1,0.539145857180021
0,1,0.5383225821737422
0,0,0.39383484998228346
0,1,0.5061416927767641
0,1,0.5611063214022004
0,0,0.48173651545182855
0,0,0.43909071995204024
1,0,0.4748988068190576
1,1,0.5162485538112989
0,0,0.4391529128985795
0,0,0.4578431634924343
0,0,0.49429406570495593
0,1,0.5165115746628576
0,0,0.4369307148427927
0,0,0.40427774299757907
0,1,0.5488031728737336
1,1,0.5832585568236327
0,0,0.4612054187730046
0,0,0.4145793726232141
0,0,0.48240125039803167
0,1,0.5304710246131915
0,0,0.3835992785087624
0,0,0.3982392583906499
0,0,0.4615676681121558
0,1,0.5253073394949976
0,1,0.5179351931727072
0,1,0.5314202677045936
0,0,0.43683475585142695
0,1,0.5845244266482675
1,1,0.5107632427338166
0,0,0.4772880684861514
0,0,0.4906459039679815
0,0,0.4168616762790883
0,1,0.5542370993316662
0,0,0.46806888643488803
0,0,0.42776523850826814
0,0,0.46415976537888526
0,1,0.5194656150683903
0,0,0.45733646534916056
0,0,0.42918976503488077
0,0,0.48930038173805335
0,0,0.47162199371212254
0,0,0.462644793904794
0,0,0.4485256990191217
1,1,0.5739931473663162
0,1,0.5326682145560914
1,0,0.4434485191028657
0,1,0.5125231847936892
0,1,0.5166592762186382
0,0,0.42495264544161976
0,1,0.605312597496546
0,1,0.5028258277118498
0,1,0.5081528472927116
0,0,0.4922657801464976
0,0,0.4365947899775279
0,1,0.5360738644030831
0,1,0.5238988180533655
0,0,0.4684133701139408
0,0,0.360545850499224
0,0,0.3828394346604448
0,1,0.5439774334592865
0,1,0.5484820485519433
0,0,0.4963809350954264
0,1,0.5327721658781948
0,1,0.6100295977249167
0,0,0.39151297223846787
0,1,0.581081124984761
0,0,0.4201048503007616
0,0,0.49553711947547735
0,0,0.3503236285910425
0,1,0.5467391092380358
0,0,0.4694418378012737
0,0,0.4951919513280917
0,0,0.43229149388852695
0,1,0.5033279001897845
0,1,0.5315689127715938
0,0,0.4519495270207502
0,1,0.5357736271385894
0,0,0.4002298254725792
0,1,0.5954136966888476
0,1,0.5747866198751365
0,0,0.43485925228087574
0,0,0.4708384791232229
0,0,0.36631661063983983
0,1,0.5172444978307363
1,1,0.5480429879063284
0,0,0.44916911003518484
1,0,0.3949990730926689
0,1,0.5391515014230194
1,1,0.5631324735116343
0,1,0.5839190079689649
0,1,0.5585123234478578
0,1,0.5743790209282578
0,0,0.43035097196181743
0,1,0.5379658149692021
0,0,0.4602131724139995
0,0,0.43294444314060576
0,0,0.4238189517883829
0,0,0.49384076081317974
0,0,0.4326985516748263
0,0,0.4311243946121067
0,1,0.5114358438112059
0,0,0.48758681486698985
0,0,0.43671349914824115
0,0,0.49263815740986694
0,0,0.4983901148983293
0,0,0.4398720636730502
0,0,0.44684920857308447
0,1,0.5442643995281949
0,1,0.5305952873005884
1,1,0.5464320069215275
0,1,0.5017417956799307
0,0,0.4962819120678782
0,1,0.5447952030203194
1,1,0.5428171461122853
1,1,0.5171915875509454
0,1,0.5099925767705701
0,1,0.522528335184274
1,1,0.5193669267771113
0,0,0.3696658772189988
0,1,0.5136675629164588
0,0,0.4849341724126034
0,0,0.4305237609199004
0,0,0.4829521249462603
0,0,0.4621624084013385
0,1,0.5396677412555524
1,1,0.6058710423151747
0,0,0.311117828776197
0,1,0.5030476027940495
0,0,0.4194933191324659
0,1,0.5121474523272282
0,1,0.5158079047709907
0,1,0.5417712280273785
0,0,0.4774286442900072
0,0,0.4261091580173393
0,0,0.35886139684962454
1,1,0.5139948395489541
0,0,0.4240544510492558
0,0,0.4483521457427127
0,0,0.4659997822973374
0,0,0.49062629259585167
1,0,0.46817757544263594
1,1,0.5940164355001444
0,0,0.4335201815158666
0,0,0.41471715521211316
0,0,0.4465354130785332
0,0,0.4428599993846171
0,1,0.5993366681814175
0,0,0.49649219949853446
0,0,0.45307093571272283
0,0,0.49317379073490875
0,0,0.4437249134850025
0,1,0.602167215024245
0,1,0.5210435126016285
0,0,0.44879323415561573
0,0,0.4952047331857252
1,0,0.46506183896158726
0,0,0.49768927761137377
0,0,0.45930750029182205
0,1,0.5874403052971835
0,0,0.4412905961752756
0,0,0.4244968546879309
0,0,0.4332505337605512
0,0,0.448481377541301
0,0,0.4588336254846812
0,0,0.474285057632607
1,0,0.4978235449520592
1,0,0.42206387644257426
0,1,0.5143372420810784
1,0,0.4704476682063285
0,1,0.5146770755990864
0,0,0.3685466740499618
0,0,0.4714030355614529
0,0,0.49979462047642464
0,0,0.43073583016526223
0,0,0.4663629666767911
0,1,0.5071582437043383
0,1,0.5002991652493969
0,0,0.4848320002655946
0,1,0.5384787941989623
0,0,0.42738096955225563
1,0,0.43695984177804553
0,1,0.5558576003281817
0,1,0.5194060680590288
0,0,0.4842908605162755
0,0,0.4994792525196841
0,0,0.4829244250406344
0,0,0.48804856845773614
1,1,0.5964028018060459
0,0,0.48300015331567153
0,0,0.49194121090511106
0,0,0.43904262574156555
0,0,0.38383576432192607
0,0,0.412877834573284
0,0,0.4067129644149539
0,0,0.4387478687975788
0,0,0.4327058599410769
0,0,0.4821122145323703
0,1,0.5219186418950982
0,1,0.5744921508612151
0,0,0.4841980721113703
1,0,0.45968821789236947
0,0,0.39013467152294845
0,0,0.39984636959900405
0,0,0.45034149341603164
0,1,0.553886970724343
0,0,0.4915142985050098
0,0,0.4528622603659822
0,0,0.4355151342281923
0,1,0.5323541493687586
0,0,0.46796423852706437
0,1,0.570603910768337
0,0,0.4593670747559123
0,1,0.5618529948538277
0,0,0.47811483810389954
0,0,0.4229777588543698
0,1,0.5011145732028303
0,1,0.5072354136198282
0,0,0.49420297066344543
0,0,0.47861580660534847
0,0,0.39536322057222884
0,1,0.5435231117646222
0,1,0.5185885098885066
0,0,0.35120819197194453
0,1,0.5312593918449321
1,0,0.49922909075927957
0,0,0.4104182706613637
0,1,0.5626314646611936
0,1,0.5167050474854211
1,1,0.601394578847087
0,1,0.5224573740467445
0,1,0.5805267175804038
0,1,0.538895960739763
0,1,0.5615554985202822
1,1,0.6042673053615257
1,1,0.5060128653302639
0,1,0.5291732970043774
1,1,0.6103481192511061
1,1,0.6145039181906384
0,1,0.5802763926830784
0,1,0.5561683617127116
0,1,0.5401648539255345
0,1,0.5223368289450483
0,1,0.5913086929270112
0,0,0.4658585061739384
0,1,0.5355429005956998
0,0,0.4766447697820064
0,0,0.48110582094257326
0,0,0.3700256618450462
0,1,0.5136251039763379
0,0,0.4459307672621827
0,1,0.5147121019108536
1,1,0.5371739417012241
0,1,0.5812246710157984
0,0,0.4969095250012623
0,1,0.5640161775381524
0,1,0.5757497230531209
0,0,0.35227652459391956
0,0,0.4774195034210932
0,0,0.45345957795190084
1,1,0.5190742602701777
0,1,0.5042624044792853
0,0,0.4943015401597383
1,1,0.6097247884528997
0,0,0.4917202757736658
0,0,0.41127091201744514
0,0,0.48005861233400426
0,1,0.547824733491481
0,0,0.4187917871629183
0,1,0.5380822836748261
0,0,0.36605252035264946
0,0,0.4110745493025936
0,0,0.4774134958356495
0,0,0.37059801361488426
0,1,0.5649689444524774
0,0,0.4722916891118306
0,0,0.4425313831723133
0,0,0.45292251676090745
0,1,0.585852547600256
0,0,0.3386764242128345
0,0,0.42825276028014897
0,0,0.43256805975121315
0,1,0.5336716853500874
0,1,0.5524926206025672
0,1,0.5656109112156791
0,1,0.5325460662835451
0,1,0.5608355375336496
0,1,0.5091580264016078
0,0,0.37491101752273054
0,0,0.4691785304833769
0,0,0.4403441809119282
1,1,0.563773818807027
0,1,0.5518155959929025
0,1,0.5610200444729532
0,0,0.45614709825419447
0,0,0.4780529575656303
0,0,0.46598672241052763
0,0,0.4013376372333381
0,0,0.49306237246547446
0,0,0.4763366148226635
0,1,0.6246220848829007
0,1,0.568878359568599
0,1,0.5759469744544308
0,1,0.5103743932571269
0,0,0.3896529572073086
0,0,0.42003586473890925
0,0,0.3751389998641427
0,0,0.4949733134851781
1,0,0.4442521506413868
0,0,0.4480943040404353
0,0,0.48255704139442257
0,0,0.44365389049637705
0,0,0.4471874932243577
0,0,0.47904837330815064
0,0,0.46900119836982257
0,0,0.4525035734923614
0,1,0.5178935485056311
0,0,0.4352401715568314
1,1,0.5511114527973849
0,0,0.33489144784617586
0,0,0.47128775545369556
0,0,0.454582966870256
0,0,0.4731450898059273
0,1,0.5436375316096931
0,0,0.4532439704150033
0,0,0.47941157605877777
1,1,0.5826646099060947
0,0,0.49058551451146015
1,1,0.588949923233596
0,0,0.48051706279139467
0,0,0.4911971795165344
0,1,0.5918857726562033
0,0,0.4012871653768806
0,1,0.5445660276920268
0,0,0.4915117454819687
0,1,0.6240570946142162
0,0,0.42971000114124264
0,0,0.4494927063228479
0,1,0.5244111248951253
1,0,0.44963288041515115
0,0,0.4915271494800234
0,1,0.5292094926887777
0,1,0.5365376139101694
0,0,0.4364071228964515
0,1,0.53232571772604
1,1,0.5673725995552503
1,1,0.5533913566430537
0,0,0.4461267389426272
0,0,0.4234935026718815
0,0,0.47615391193909984
0,0,0.4597924305798082
0,0,0.3674769213471364
0,0,0.44664274343748056
0,0,0.4698543824228367
0,0,0.4980171355084632
0,0,0.4568576008636399
0,1,0.5057261423700609
0,1,0.5457900180379498
0,0,0.4934507603404575
0,1,0.5841657209047812
0,0,0.4562483477421129
0,1,0.5387148312432474
0,0,0.4094692792494027
0,0,0.4433553129992351
0,1,0.5338584634060277
0,0,0.4999622072382896
0,0,0.4669475532469384
0,1,0.5765613283348068
0,1,0.5490028146845528
0,0,0.46721037981420754
0,0,0.4200872391620464
0,0,0.43045924702794985
0,0,0.4349405371520282
0,0,0.47470575897163364
0,1,0.5028625816934406
0,1,0.5420703422222547
0,1,0.5853772687420364
0,1,0.5040319068959692
1,0,0.400538966577758
0,0,0.4787064840666352
0,1,0.5030410006750053
0,0,0.4044047498161099
0,0,0.4541510549510989
0,0,0.44492546733114197
0,0,0.45312213814209734
1,0,0.45404824735125293
0,1,0.5054336664642155
0,0,0.4123269423566896
0,0,0.4907473545511883
0,0,0.4954870683742335
0,0,0.4628639965169469
0,1,0.6028389424274316
0,1,0.5453414152756888
1,1,0.5187755952708818
0,0,0.486459378518128
0,0,0.4940238470841906
0,0,0.4297092201421796
0,1,0.5234149052391992
0,0,0.49169058979651015
1,0,0.4793736779608357
0,1,0.5462609815725851
0,0,0.35618943740588066
0,0,0.4851654706112838
1,1,0.5040067678819996
0,0,0.4692736374644679
0,0,0.4787780152355643
0,0,0.3906621238106438
0,1,0.5405458358860674
0,0,0.40823399912681196
0,0,0.4930244609997746
0,0,0.4905720145484915
0,0,0.44107530227979713
0,0,0.4786465627805657
0,1,0.5361662976696017
0,1,0.5446359116407922
1,0,0.44043738401993726
0,1,0.54071988834199
1,1,0.5362304682478907
0,0,0.40693198189211643
1,0,0.4311208740198835
0,0,0.4487079155684509
0,0,0.38252873578560775
0,0,0.4346109681710307
0,0,0.46525055865517984
0,1,0.5421830461558694
0,0,0.40714262650857796
0,0,0.45646214324502593
0,0,0.4422561924302448
0,0,0.49440257479006516
0,0,0.39434015918111925
1,1,0.5759472783540961
0,0,0.4784754800112782
0,0,0.44188458158462396
0,0,0.49559463191965875
0,0,0.41554703690100064
0,0,0.3921268063104523
0,0,0.42658902883565036
0,0,0.39452529445967666
0,1,0.5891548431502737
0,0,0.43496933742241795
0,1,0.5349885750963855
0,1,0.5057170599424358
0,0,0.49040766066823066
0,1,0.5115416197976245
0,0,0.40384498229559745
0,0,0.42808575772051327
0,1,0.5016059029332011
0,0,0.4401767951661377
0,1,0.5364768872009862
0,0,0.4987613974681292
0,0,0.4961705911011309
0,1,0.5537171179712287
0,1,0.5680382890511896
0,1,0.5584199257902847
0,1,0.5120348111475237
0,1,0.5560321540824991
0,1,0.5781219491742288
0,1,0.560666274301991
0,0,0.4978126055427346
0,1,0.5616015753254829
0,0,0.4199173813504442
0,1,0.5257133817392624
1,0,0.46325374757253357
0,0,0.4230155154075248
0,1,0.5409006491359886
0,0,0.3152318021470251
0,0,0.38661302080745685
0,0,0.45891506699219436
0,0,0.3849846786965923
0,0,0.46249067955802375
0,0,0.40681232824916885
0,1,0.5284189206319286
0,0,0.3814221025548212
0,0,0.42694655900484885
0,0,0.43747087548959007
0,1,0.5101075193486282
0,0,0.41663275778534364
1,0,0.4882773114863527
0,0,0.4419568536568685
0,1,0.548004372952427
0,1,0.5695346538201417
0,0,0.45424619910015474
0,1,0.5191946310063494
1,0,0.48913275367103215
1,1,0.636857668311984
0,0,0.45193581026215945
0,1,0.5576800169836217
0,0,0.3518462201740667
0,0,0.4756028175149307
1,0,0.48958552020550755
0,0,0.4643484148009385
0,1,0.5444113920293266
0,1,0.537029645533688
0,0,0.32827722547785415
1,0,0.405934293866823
0,1,0.5021038822126
0,1,0.5129262589465103
0,0,0.4681599528415735
0,1,0.5015241141186649
0,1,0.5138111231262975
0,0,0.43821267584700735
0,1,0.5203515103717004
0,1,0.5332868419259932
0,1,0.5984640277593718
0,1,0.5966338385742215
0,0,0.45263419739943417
0,0,0.4711423042426997
0,1,0.5330444495438357
0,0,0.47760573379246496
1,1,0.5514650478329425
0,1,0.5759054259739462
0,0,0.4559992398934035
0,1,0.5709061468141777
0,1,0.5643897816883454
0,0,0.4979455131822496
0,0,0.4647011978673493
1,0,0.4834331019621292
0,0,0.4834512186566314
0,0,0.42805461080924523
0,0,0.4426723657551662
1,1,0.6237079691431735
0,1,0.5158211460609715
0,0,0.4985883534094209
0,1,0.5428330051735734
0,1,0.5149899730009111
0,1,0.5259732320861615
0,0,0.44673481470727855
0,1,0.5536221364615083
0,0,0.36244677927254965
0,1,0.5048657278384469
0,1,0.5746376933500998
1,1,0.5650629414082274
0,1,0.5220998780550419
0,1,0.5192425658119969
0,0,0.47639160561722355
0,1,0.6082138466452822
0,1,0.5583656098189187
0,0,0.4517440064230378
0,1,0.5138988328078489
0,1,0.5363447907986614
0,1,0.5341828648671056
0,1,0.5023354299465378
0,1,0.5100775685008351
0,1,0.5510996171371731
0,0,0.43525282721360176
1,0,0.4938721715156034
0,0,0.36585835641115466
0,1,0.5310166751970499
0,1,0.5096568651135305
0,1,0.5565063513868265
1,1,0.646865770216682
0,0,0.3533452368930153
0,0,0.4956266410376057
0,0,0.48482885589389435
0,0,0.4839388085190192
0,0,0.47005722536291705
0,0,0.4692783281070887
0,0,0.414127283937994
1,1,0.5825168457331307
0,1,0.5066503118869468
0,0,0.41428608562637964
0,0,0.49903634116992907
0,1,0.5112247328773553
0,0,0.4336397086329973
0,1,0.5102160996461145
0,0,0.49645175836847794
0,0,0.4589835350007565
0,0,0.4965370202560724
0,1,0.5843429695288413
0,1,0.5538961981273707
0,0,0.46532505985897366
0,1,0.6478599656292389
0,0,0.49375428583335973
0,1,0.5611312967830892
0,0,0.48225318166692
0,0,0.3303889845204126
0,0,0.41766141051038
0,0,0.44117464679621743
0,0,0.4270684177638529
0,0,0.34475012455424725
0,0,0.49373892625679283
0,0,0.4417949262909786
0,1,0.5180543512864917
0,0,0.4658100299181735
1,0,0.48078150110335016
0,1,0.6275597739691178
0,0,0.34478857847561756
0,0,0.4141298929878432
0,0,0.4362228831040117
0,0,0.38053590826851047
0,1,0.5296322919909315
0,0,0.4904919467684406
0,0,0.45062174262584703
0,0,0.45307326279343557
1,0,0.4322526754606293
0,0,0.41125396143619947
0,0,0.42972468494364874
0,0,0.4372468296118647
1,0,0.4366657065252078
0,0,0.4370756510841856
0,0,0.4927085199796712
0,0,0.40978405853473604
0,1,0.5387752214112111
0,1,0.5505133225679271
0,1,0.528472103664032
0,0,0.46071988849911344
0,0,0.4014758490582051
0,1,0.5562794891380841
0,0,0.47160932951398155
0,0,0.4981745923484658
0,1,0.527433819572067
0,1,0.5180648441366424
0,1,0.5657203245801501
0,1,0.5093634205622402
0,0,0.48363234757759593
0,0,0.45505883012458404
0,1,0.5300641512691835
0,0,0.4982704081086374
0,0,0.41139894106031943
1,1,0.5499308061132375
0,0,0.4827185468097453
0,0,0.4704576528625886
0,0,0.42480410122760687
0,0,0.46886448178683937
0,0,0.48936890492648005
0,1,0.5981915457302428
0,1,0.5191916050238887
0,0,0.496596206722627
0,0,0.4289402572669731
0,1,0.5040111555627618
0,1,0.5320483024796542
0,1,0.518800690272166
0,1,0.5681927324350976
0,0,0.39745472196046955
0,1,0.6070086905160846
0,1,0.5031067447097773
0,0,0.46772162467124667
0,0,0.33199830992676793
0,0,0.4718201576680736
0,0,0.45486058757477815
0,0,0.48594586780793053
0,1,0.5299812054108068
0,0,0.42457366339083835
0,1,0.5031215650432216
1,0,0.4868439579845474
0,0,0.49629474224616443
0,0,0.4095447003597418
0,1,0.5358961579404791
0,1,0.5288699493438336
0,0,0.43417317695292323
0,0,0.4632227020218338
0,1,0.5556421414290031
0,1,0.5066939741461175
0,0,0.3942412478523434
0,0,0.4784315227748268
0,0,0.4675558250296926
0,0,0.43027176713414816
0,0,0.4898479990479222
0,1,0.5426278726984446
0,1,0.5993963515488481
0,1,0.6166645771675414
0,0,0.43161418276164215
0,0,0.4793720791191394
0,1,0.5070352041449435
0,1,0.6547998921238272
0,1,0.5361772947400211
0,0,0.43112779900329584
0,0,0.4388371855523925
0,1,0.5132300813928622
0,0,0.4974621054364517
0,1,0.6355411630132487
0,0,0.46223865795797936
0,0,0.4486562019933752
0,0,0.4895490710427483
0,1,0.5682955128390634
1,1,0.5610900469527789
0,0,0.41126694338436415
0,0,0.47815264688166537
1,1,0.5420372262027918
0,0,0.4886164720224195
1,0,0.4987190962143769
0,0,0.4291717502876027
1,1,0.5123978089382917
0,0,0.4695237230937114
0,1,0.5245034455722153
0,1,0.5397248535435689
0,0,0.4761911647341496
0,0,0.37501155580565176
0,1,0.5189148747084579
0,0,0.45015028307707844
0,0,0.43486115003092457
0,0,0.4814882240122211
0,1,0.5388494450143267
0,0,0.438290249336402
0,0,0.49167430895788966
0,0,0.4287881507989244
0,0,0.4681247003381992
0,1,0.5614029976686232
0,1,0.5662694957213553
0,0,0.44343616668010655
0,0,0.4701035195854377
0,0,0.39127001862657124
0,0,0.43791002653126887
0,1,0.5603594508540454
1,0,0.38938803551309986
0,1,0.5416677397763747
0,0,0.4690342224793123
0,0,0.49577601986942965
0,0,0.4994775129081939
0,0,0.4978113366107757
0,1,0.5434911980807201
0,1,0.5615077462026342
0,1,0.5616806928996003
0,0,0.4738990188883075
0,0,0.46382166692684
0,1,0.5512866411491263
0,0,0.4538577318661712
0,1,0.5534471841374703
0,0,0.4866143575448436
0,1,0.6149272090399297
0,0,0.43674156018814086
0,0,0.49817756731276774
0,0,0.45758892742981494
0,1,0.5090696149584181
0,0,0.44988837353000166
0,0,0.4838857478724988
1,0,0.49661311062164176
0,1,0.5056178654413201
0,1,0.5174442611485395
0,1,0.6459146651081527
0,0,0.46001548499180883
0,1,0.6385062395130173
0,0,0.3977423109949199
0,0,0.413156937413788
0,0,0.3791387326561445
0,0,0.4552288226469643
0,1,0.5652671908685672
0,0,0.351865908745223
0,0,0.4738770132932059
0,0,0.41842693462010844
0,0,0.44186375551143553
1,1,0.5307585395320588
0,1,0.5533785917099749
0,1,0.5079712860542899
0,1,0.5081299801425069
0,0,0.4615518122488694
0,0,0.46257016021854047
0,0,0.4601787328978574
0,0,0.49376990311666424
0,0,0.4186148016164145
0,0,0.49770111534281797
0,0,0.47026998647763923
0,1,0.5094287115955616
0,1,0.5130613766546633
0,1,0.5060899950951551
0,1,0.5609908669757143
0,1,0.5688457557173969
0,0,0.49783184639000233
1,1,0.5236207467503241
0,0,0.4068009860159753
0,1,0.5464695406545421
0,0,0.44892519885453375
0,1,0.5166538107901786
0,1,0.5425597448878188
0,0,0.46244645629952325
0,0,0.37026239601177613
0,1,0.518584691862387
0,0,0.48381330813966605
0,1,0.5442610610561746
0,0,0.3519219793290454
1,1,0.5549817660982825
0,1,0.500141145545207
0,1,0.5621294974659481
0,0,0.42005060909767605
0,1,0.5345092939145232
0,1,0.5213441792620513
0,0,0.4841753314855655
0,1,0.516438597653031
0,0,0.4583844071560861
0,0,0.3793473831198863
0,0,0.42573920803126375
0,0,0.4979797942872189
0,0,0.4606871966477673
0,0,0.39017205578462877
0,0,0.41329016490419884
1,0,0.4766223450252845
0,0,0.45680106546971216
0,0,0.4299094688655301
0,0,0.40507912300875
0,0,0.46567776220559587
0,0,0.4639910085742314
0,1,0.5576561110210787
0,1,0.5097930774024261
0,1,0.5237718374657421
0,0,0.4396897197026057
0,0,0.3957284913787788
0,1,0.5919901318642805
0,1,0.5598313842982567
0,0,0.44204536489015295
0,1,0.5974822589643334
0,0,0.37186246130089307
0,0,0.47092727240720217
0,1,0.5321171827625141
0,0,0.383451742549559
1,0,0.4381799940137954
0,0,0.4876433995444731
0,1,0.5609600205332252
0,0,0.46298479126758463
0,0,0.4975166973809514
0,1,0.5500709737468749
0,0,0.47677225671854223
0,0,0.38996503368965263
0,1,0.5467316543475915
0,0,0.48802636737396027
0,0,0.49150144722829886
0,0,0.46303849832934074
0,0,0.36461319520710445
0,0,0.4726127740925133
0,1,0.5542271606299675
0,0,0.4192634053631094
0,1,0.5212730961801476
0,0,0.4900997333519977
0,1,0.5583992108939593
0,1,0.5056903443397398
0,0,0.49405059825305636
0,1,0.5814812899266338
0,0,0.4428790588969055
0,0,0.4928608195471385
0,0,0.49419215268495015
0,1,0.5347795658684487
0,1,0.5600595385944174
0,1,0.536281328659911
0,1,0.5773056704897305
0,0,0.4741505062350471
0,0,0.4945727049677693
0,1,0.5258498621905433
0,0,0.36027357217651423
0,1,0.5313969493474575
0,0,0.40388605375404274
0,1,0.5219479183399478
0,0,0.4886150774936771
0,0,0.4881875111436503
1,1,0.5528464673060279
0,0,0.4457054207062545
0,0,0.44440083053964985
0,0,0.45103818817287916
0,0,0.43215233581278517
0,0,0.4942506123791044
0,1,0.5176883522224318
0,0,0.33491086927157826
0,0,0.40778307197934444
0,1,0.5365651692181702
0,0,0.40497367426246067
0,0,0.4671269806418774
0,0,0.3773132335932167
0,1,0.5998092835667928
0,1,0.5703884765127183
0,0,0.44643501682295655
0,1,0.5275317904972993
0,0,0.48322879127590296
0,0,0.4790028394161542
0,1,0.5020281740474778
0,1,0.5317199287757522
0,0,0.45265643804991873
0,1,0.590267590886078
0,1,0.5023953664187172
0,1,0.501893044565858
0,0,0.449463319609878
0,0,0.3528052067258358
0,0,0.31290164426855144
0,0,0.46008326955715695
0,1,0.5420721503076038
0,0,0.4429260460409765
0,1,0.5126322613252119
0,1,0.5967824494202122
0,1,0.5693597809111559
0,1,0.5896876323694877
0,0,0.42219823257803796
0,0,0.39309430069803164
0,1,0.5222017346843164
0,0,0.37265079376744964
0,0,0.4723469546831426
0,1,0.5068623351965422
0,0,0.4785618419612947
1,1,0.5375875683937089
0,0,0.4379682987312652
0,1,0.5009761343369316
0,1,0.5550949515636976
0,0,0.42385650675593994
0,0,0.4821133735016233
0,0,0.4551806348184074
0,1,0.5368814926309619
0,1,0.5702417100477082
0,1,0.5581377036422966
0,0,0.4803586947292757
0,0,0.4507400006440124
0,0,0.45805594029286906
0,1,0.5047657068494602
0,1,0.5053419640934589
0,0,0.35089376557886964
0,1,0.510228708251399
1,1,0.5589213732981575
0,0,0.442719109997069
0,0,0.4493602890296458
0,0,0.44452637929418287
0,1,0.5399395369715431
0,1,0.51293693971152
0,0,0.39375008793606653
0,1,0.576222304908644
0,1,0.529576879297945
1,1,0.5793628810868449
0,0,0.4780196296053893
0,0,0.44818058086207135
0,1,0.5467371914814105
0,0,0.47093436010560447
0,0,0.41295619020982505
0,0,0.4660267347556018
0,1,0.5268182540343924
0,0,0.4857956604841799
0,1,0.5204673138416902
1,0,0.4362969289067414
0,0,0.4824890480911613
0,1,0.536012664417422
0,0,0.4751405055476989
0,1,0.5286964062005182
0,0,0.4974418925196613
0,1,0.5027239139481838
0,0,0.46701576994906263
1,1,0.528629325267922
0,0,0.4225362142754712
0,0,0.46191521727455653
0,0,0.49184257032499284
0,1,0.5754364205268889
0,0,0.44283723308608053
0,0,0.44346329291157166
1,1,0.5234717069038014
0,0,0.379976910517343
0,1,0.5158953553538062
0,0,0.4233906566635304
0,0,0.4265521184583407
0,0,0.4926190026411818
0,1,0.5213435563629528
0,1,0.5374884149068069
0,0,0.4659644448570001
0,0,0.39879875768040185
0,1,0.60476846538148
0,0,0.4530741676938678
0,0,0.4286474090954961
0,1,0.5001758186320091
1,1,0.5682015158077536
0,0,0.448906559870762
0,1,0.5470202335921194
0,0,0.3703870237886558
0,1,0.5491202480026816
0,0,0.49643221840037927
1,1,0.5839328946412459
0,1,0.5434794231379343
1,1,0.5785552206164019
0,0,0.4038645393397594
0,0,0.4253701510052717
0,0,0.4969816319783979
0,0,0.42862299523949654
1,1,0.5597411718692801
0,1,0.5461117670007583
0,1,0.5630486844764861
0,0,0.3757866368262425
1,0,0.49506313903968563
0,0,0.4273591714093974
0,0,0.4066096838599949
1,1,0.5652666513312947
0,0,0.40088694707023004
0,1,0.5242924597688843
0,0,0.46851027976939313
0,1,0.5117387178864518
0,0,0.43595920858082543
0,0,0.4569706844633517
0,0,0.38428275473689233
0,0,0.44472739399441436
0,1,0.5060199381713887
0,0,0.4701232230095719
0,1,0.5534314674996926
1,1,0.5611836206913032
1,1,0.5537902373266834
0,1,0.5393945504787316
1,1,0.5384819131322208
0,0,0.4908355383258901
0,0,0.46316121144226896
0,0,0.4607390243594894
0,0,0.48238203152975856
0,1,0.5067494299671718
0,0,0.4241141963139469
0,0,0.4351797128832242
0,1,0.5146848767165482
0,1,0.5237891042994394
0,1,0.5783725703621863
0,0,0.47106617147409346
0,0,0.42457364322747376
0,0,0.44223508439495085
0,0,0.45507052101417556
1,1,0.5590265458674539
0,0,0.36361625126375663
0,1,0.5689535447517508
0,1,0.5215782161987054
0,1,0.5560028042907426
0,1,0.5228521862071714
0,0,0.47843855850955846
0,1,0.5392991089891586
0,1,0.5023889209620132
0,0,0.36619715561479105
0,1,0.5789561304228608
0,1,0.5924126025484205
1,0,0.33778266804956936
0,1,0.5605399262405877
0,0,0.4984858261083336
0,0,0.47218001964400147
0,0,0.47317406973294845
0,0,0.49136639994417175
0,1,0.568714534213459
0,1,0.5275274124649448
0,1,0.5424869251787497
0,0,0.42114920531665695
0,0,0.45859112512418543
0,0,0.458588331499451
1,1,0.5936397928872622
1,1,0.5612043521519946
0,0,0.47395359809499565
0,1,0.636996397146923
1,1,0.5091364170706442
0,0,0.41477554640609576
0,1,0.5031494515025067
1,1,0.5535463113657496
0,0,0.4148646673525818
0,1,0.5032948270032267
0,0,0.48458555705465334
0,0,0.4341553873912586
0,1,0.5457626269269907
0,0,0.40457654354411526
0,1,0.5290549442102964
0,1,0.5211041906098273
0,0,0.4332077390088153
0,1,0.5192478079441117
0,0,0.399882722176478
0,1,0.5726642611056455
0,1,0.5672606372766331
0,0,0.3524629156958792
0,0,0.45199891986033774
1,1,0.6039186220412547
1,1,0.5845327550748628
0,1,0.5298972993581821
0,1,0.5001282545030419
0,1,0.5718296449537312
0,0,0.4311841552215496
0,0,0.4605523111576361
0,1,0.5314941652026128
1,1,0.5015120914106458
0,0,0.4197828880922483
0,1,0.5517109824067806
0,0,0.4518810798983354
0,0,0.3453072743238292
0,0,0.4720763177482383
0,0,0.492119295157693
0,1,0.5361993326527077
0,1,0.6000887131115065
0,1,0.5583527509305033
0,0,0.47620620327652047
0,0,0.4912036717271844
0,0,0.4814604176661957
0,0,0.46425467512671154
0,0,0.4120836576474012
0,0,0.45850396418259703
0,0,0.4518992442837543
0,0,0.4664679230811388
0,1,0.5709403538003408
0,1,0.5039680146442407
1,1,0.5831192964096735
0,0,0.44069425902739523
1,0,0.4859641202397117
0,0,0.4564098117433328
0,1,0.5017090875287211
0,0,0.43802427566752344
0,0,0.4302785144334078
0,1,0.523515569598732
0,1,0.5199099584796537
0,0,0.4993881498976775
0,1,0.520687863155932
0,0,0.3477002352119595
0,0,0.4697626937923939
0,0,0.3992060618591598
0,0,0.3932454757110124
0,0,0.4217237925443508
0,0,0.47691336365452264
0,0,0.32241440059319765
0,0,0.4163402716616589
0,1,0.5048712262897513
0,0,0.4476114196431185
1,0,0.49838928970954255
1,1,0.5166308655347671
0,0,0.49278728336312866
0,1,0.5801175329166225
0,1,0.5111890817035807
0,1,0.5035848453736097
1,0,0.4805602937311887
0,0,0.4666464365145933
0,0,0.45657629770756564
0,0,0.4810566890521076
0,0,0.43968735009569926
0,0,0.3983997748096003
1,0,0.49923073676837576
0,0,0.4416106473599878
0,1,0.5404644774540632
0,0,0.4518949351529503
0,0,0.3719968040401598
0,0,0.4958633583808533
0,0,0.4993001853496185
0,0,0.43817315681799407
0,1,0.5947735658964821
0,0,0.45214484651087916
0,0,0.44189241661476614
0,0,0.4449441257177282
0,1,0.5178391214300234
0,1,0.5049006228453258
0,0,0.39802668453988793
1,0,0.42937772334010466
0,0,0.4729794440053085
0,1,0.5821302900045172
0,1,0.5363766963784209
1,0,0.4931819040754471
0,1,0.6072232838381528
0,0,0.49334231171074827
0,0,0.4614021362654404
0,1,0.507417134042283
0,0,0.4604854895545476
0,1,0.541551126119008
1,1,0.519647943868388
0,1,0.5215527153717185
0,1,0.5628050067652106
1,0,0.49043195996426403
0,1,0.5270705049729313
0,0,0.39590483149027383
0,1,0.5112219901487534
0,0,0.4991654113472545
0,1,0.5282992261272499
0,0,0.49424542444376035
0,1,0.5989174839128399
0,0,0.4118923930804074
0,1,0.536132499654996
1,1,0.5271627389293448
1,0,0.4644725988544918
0,1,0.5014442145408815
0,0,0.42425368030407207
0,0,0.3937963158238577
0,0,0.46375123376587346
0,1,0.5794115696642576
0,0,0.4362214567498469
0,0,0.424675639989772
0,0,0.4268757910187215
0,0,0.4780073525604926
0,0,0.35333361530293333
0,0,0.42746970273781665
0,0,0.4771193149413983
0,0,0.37892694458790077
0,0,0.3688707906760758
0,1,0.5271520198205234
0,0,0.49670979038115504
0,1,0.5635086449514721
0,1,0.5200796121767458
0,1,0.5003207176334139
0,1,0.5622343844605914
0,0,0.460637794470451
0,0,0.4782672379637399
0,1,0.5070324673643537
0,0,0.44770961479265053
0,1,0.5345814996515285
0,1,0.5252329305659924
0,1,0.5159329386879159
0,1,0.5593030907291862
0,0,0.4731563364120369
0,1,0.5460957577510421
0,0,0.40347555942904817
0,1,0.5624024901139487
0,1,0.5889761968111823
0,0,0.42254255136628854
0,0,0.49886030783809443
0,0,0.46583081274768395
1,1,0.562679976813773
0,1,0.5460990082254655
0,1,0.5170818891899838
1,1,0.5442555576546099
0,1,0.5856357607904722
1,1,0.5803787350339811
0,1,0.51104434811606
0,1,0.5619008070903159
0,0,0.35405825458379764
0,0,0.34236137146681883
0,0,0.36528621129465405
0,0,0.38556090816723093
0,0,0.4460668552402719
0,1,0.5160917825862477
0,0,0.4744464985123721
0,1,0.5610225451516204
0,1,0.5823033245665475
0,0,0.48046065632960294
0,0,0.47338929403111796
0,0,0.425648016883666
0,1,0.5233300643410924
0,1,0.5565218232195427
0,0,0.45568169027916355
0,1,0.5420799847987109
1,1,0.567139355577811
0,0,0.42739112871102525
0,0,0.4955251696975738
0,1,0.5017371833305987
0,0,0.4104688969209981
1,1,0.535683486294872
0,1,0.5091967102090078
0,0,0.3832715948841327
0,0,0.46533647602177175
0,1,0.5296084793676207
1,1,0.5014649344140559
0,0,0.40656080077339446
0,0,0.4272166559176726
0,0,0.4263013658807005
0,1,0.5132475838550437
0,0,0.4876621487152209
0,1,0.5281959994957109
1,0,0.44948960514593217
0,1,0.5920421642833243
1,0,0.44292589257173376
0,0,0.4717750551071876
0,1,0.5549180141334132
0,0,0.40785022289342865
0,0,0.35056392923680435
0,0,0.4780947787351033
0,0,0.4214054982466361
0,0,0.4850216437411526
0,0,0.49941382334383666
0,1,0.5240664869137678
0,0,0.47713667103932794
1,0,0.4951547074509947
0,1,0.5101746468285642
0,0,0.4586879498398057
0,0,0.4566666222057001
0,1,0.5371902848163965
0,1,0.5442146287144319
0,1,0.5403412859762585
0,1,0.5121113478808996
0,0,0.4543578236424484
0,1,0.5357576037765015
0,1,0.509818560223872
0,0,0.46098740358972407
0,1,0.503005032563474
0,0,0.31650140669782195
0,0,0.3995711068099169
0,1,0.5518680908080259
1,1,0.5263007513982776
0,0,0.4881707616422738
1,1,0.5184523601790684
0,0,0.3402540954158523
0,0,0.4827960612379607
0,1,0.6002489546705556
0,0,0.45352192748045667
0,0,0.4694361501931359
0,0,0.43478332422000365
0,1,0.5346841115067322
0,1,0.5526504628458212
0,1,0.5229025525140901
0,1,0.5716633640051616
0,0,0.3731194201280425
0,1,0.5209692607093851
0,1,0.5193039447121636
0,0,0.43639004740590226
0,0,0.4919645259557437
0,1,0.5273363102312137
0,0,0.39803344597470536
0,1,0.5002105125768462
0,1,0.5605722987172281
0,0,0.49356667648631747
0,1,0.5278157233712409
1,1,0.5514178619998604
0,1,0.572415679389256
0,0,0.48947737468469177
0,0,0.48013193860077813
1,0,0.4998618155285328
0,1,0.5509487490355038
0,1,0.5858158425404181
1,1,0.541586532974854
0,1,0.5427657202158389
0,1,0.5433325165181994
0,0,0.4285601635703098
0,0,0.4339299574910763
0,1,0.6259074111695033
0,0,0.4646183416654627
0,1,0.5141925344835754
0,0,0.4338707728950456
0,1,0.5549035081080282
0,1,0.5039072402866388
0,0,0.44617303441284306
1,1,0.5494874600445039
0,0,0.44088489291324273
0,1,0.6255908681251188
0,0,0.4419959893452063
0,0,0.43040606250019714
0,0,0.45501000834453925
0,1,0.5553260918557271
0,0,0.4204233844232113
0,0,0.44280648869292827
0,0,0.4631622124950242
0,1,0.6110841256360184
0,0,0.4375958015015604
0,0,0.4240411551533526
0,1,0.5028526475776226
1,1,0.5648321473070803
0,0,0.43703217842480674
0,1,0.6184965606916972
0,1,0.5262350423132302
0,0,0.4837210431776577
0,1,0.5131235742240091
0,0,0.43765678053701385
0,0,0.48959192244465044
0,1,0.5085800198633215
0,0,0.4674862418949575
0,0,0.4800129245818323
0,0,0.475031080912807
0,1,0.5611074388841494
0,0,0.4421254586222988
0,1,0.5361589677635151
0,1,0.551699685703451
0,0,0.4479933919654547
0,0,0.4499379987813603
0,0,0.4951028089853085
0,1,0.5360886054985073
0,1,0.5740037860669827
0,0,0.4876150973579316
0,1,0.5177112182185291
0,1,0.6278194115157505
0,0,0.4883059059305529
1,1,0.5383509554177944
0,1,0.5482517443645132
0,0,0.45599111450879404
0,1,0.5308227022884726
0,1,0.5477286342247897
0,0,0.4900125270185817
0,1,0.5481145145590164
0,1,0.5024579392485886
0,0,0.4561308777626977
0,0,0.4629923306496041
0,0,0.37338938429491414
1,1,0.5306251438360065
0,0,0.480586830170661
0,0,0.41720524530050435
0,1,0.5312019165801118
0,1,0.5508876970848212
0,0,0.47189111168534653
0,0,0.42430163498850215
0,0,0.4947695039384476
0,1,0.5175031836830211
0,1,0.5656473989297713
0,0,0.4610431501384513
0,1,0.5032205839525615
0,0,0.4776828120799505
0,0,0.4016282179528352
0,0,0.4999364370352706
0,1,0.54368149395275
0,1,0.5464665270696036
0,0,0.45527652240656286
0,1,0.5096076435031052
0,1,0.5729725933472661
0,1,0.5627313995266671
0,0,0.47431263714997995
0,1,0.5027992347035607
0,0,0.38473536776040995
0,1,0.5123852789040876
0,0,0.43480470012687844
1,1,0.5208944839418505
0,0,0.44697786976139353
0,1,0.5229191638728538
0,1,0.5548455815533955
1,1,0.5013781908724716
0,0,0.4776708651570017
1,1,0.5727325832812608
0,1,0.5272090428024595
1,1,0.5820394774289525
0,0,0.4946707022773652
1,1,0.587797259675371
0,1,0.5760660447602673
0,1,0.5142231973520555
0,1,0.5325596972494097
0,1,0.502709166406675
0,0,0.4927911480310494
0,1,0.5688702208678865
0,0,0.43396421047693523
0,0,0.4461347056896344
0,0,0.49545064576540093
1,1,0.5618365160542222
0,1,0.540403817165764
0,1,0.5593251352360076
0,0,0.4589663602424137
0,1,0.5559200475470795
0,0,0.43893088261341523
0,0,0.44541830450473924
1,1,0.5575702065327518
0,0,0.48916967582333193
0,0,0.45196347702530487
0,1,0.5095790795645596
1,1,0.5300318200924693
0,1,0.5084044349872838
1,1,0.5476014129414045
0,0,0.41908173345749516
0,0,0.45628831570473716
0,1,0.5300126555249364
0,1,0.5339358517075147
0,0,0.46888504351218474
0,0,0.4891200156340096
0,0,0.46000072469270475
0,1,0.5046559231813234
0,0,0.47662049843468224
0,1,0.5397369402769043
0,0,0.3927991275817733
0,0,0.46382253177800803
0,0,0.45232566119175543
0,1,0.5571869599497864
0,1,0.5150319969914414
0,1,0.5429937271293583
0,0,0.46016744960951317
0,1,0.5075210786663567
0,1,0.5287399215794196
0,1,0.5825981271587886
0,1,0.5206016708058215
0,0,0.44907244985601485
0,1,0.5585492601558942
1,0,0.4982700319870043
0,1,0.5183323374771782
0,0,0.3959694930279318
0,1,0.5084246653600885
0,1,0.5170201127319907
0,0,0.443141641791836
0,1,0.5385135361589977
0,1,0.5416335710050637
0,0,0.4734976890347821
0,0,0.4342975737461533
0,1,0.5170024351722032
0,1,0.5797845454253242
0,1,0.510171225947645
0,0,0.4821595061731249
0,0,0.4493123262343593
0,0,0.4531633407578412
0,0,0.3445869522823724
1,1,0.571008342276363
0,0,0.49354104008286614
0,1,0.5810313963651105
0,0,0.3631874542550897
0,0,0.3838154282456688
0,1,0.5530954399973583
0,1,0.5558016522221189
0,0,0.3944436976991519
0,0,0.48537996058166455
0,0,0.3462723190110357
0,0,0.33825982141574273
0,1,0.5006924303912935
0,0,0.4835419012763948
0,1,0.5413959857079237
0,0,0.45064392749210547
0,0,0.4582876763758717
1,1,0.6176205333156267
0,0,0.439127397601446
0,1,0.5677419257570231
0,1,0.5030372758501861
0,0,0.39987855311502485
1,1,0.5364513323900352
0,1,0.5016865532304129
0,0,0.49374213317366655
1,1,0.5640163207357394
0,1,0.5340000713167125
0,1,0.5534040992861164
0,1,0.559855477013352
0,1,0.5161376615840443
0,1,0.5106556402303843
0,0,0.4565753587551737
0,1,0.5282590061819853
0,0,0.41794218834531205
0,1,0.551230989128062
0,1,0.5037097673430937
0,0,0.4429346754845456
0,1,0.6068379902860332
0,1,0.504918127540661
0,1,0.5141573523557876
0,1,0.5012399605334997
0,0,0.47443973156564573
0,0,0.4699327392523698
1,1,0.5477023550992812
0,1,0.5050013657008029
0,1,0.5050880882286516
0,1,0.5365473787517093
0,0,0.44457504958659827
0,1,0.5711896327629619
0,0,0.42587781031056915
0,0,0.4391251165494547
0,0,0.4673419520016973
0,0,0.45481928047557607
0,0,0.37110284214487166
0,1,0.5152665876070831
0,1,0.5323742377191601
0,1,0.5189111797017043
0,0,0.49312584020899924
0,1,0.5577622101882366
0,1,0.5763118781089959
0,0,0.4973147341378324
0,1,0.5478115388157172
0,1,0.5674220513770158
0,0,0.4725883526620677
0,1,0.5634307150920964
0,0,0.45750734239820057
0,1,0.537312087241213
0,0,0.4653201066432051
1,0,0.4279725928023596
0,0,0.4827507148804784
0,1,0.5495744732003353
0,0,0.49415182618438236
1,1,0.5944351792350453
0,0,0.41742733833597695
0,0,0.4343107536060252
1,0,0.45806414078349145
0,1,0.5118724132785746
0,0,0.4906109936665494
0,0,0.48957906103244014
0,0,0.4821029573273705
1,0,0.4901663219730566
0,0,0.48754380980573353
0,0,0.4843678293503707
0,1,0.5188288974865515
0,1,0.5534197389822089
0,0,0.46418833260714687
1,1,0.5576292083869671
0,0,0.42278081973983767
0,0,0.4578613273303526
0,1,0.5511596777729053
0,0,0.3984191107998558
0,0,0.3934569726090188
0,0,0.4404427670702982
0,1,0.5025435652476407
0,1,0.5751955260894024
0,1,0.5873900717611867
0,0,0.45838393958090334
0,0,0.4160602118068764
0,0,0.4909322245344683
0,1,0.5705760275831452
0,1,0.5923521504179408
0,0,0.3707079905888162
0,1,0.5604115808088418
0,0,0.410116836918203
0,0,0.37105908189939124
0,1,0.5042580710139701
0,1,0.5182328952653112
0,1,0.5274578204939585
0,1,0.5450417836523842
0,1,0.5784580571761231
0,1,0.5339803479300016
0,0,0.393859438562853
0,0,0.41434414815574533
0,0,0.39644851330601905
0,0,0.4316391627899607
0,1,0.5213910439703124
0,1,0.5780900472316639
0,0,0.4429227996485006
0,1,0.5031079514536048
0,1,0.5622881805335669
0,0,0.3537439934806966
1,0,0.47979348226878527
0,0,0.48283580588175057
0,0,0.42779320319585884
0,0,0.4345245313114272
0,0,0.45473481291199713
0,0,0.4961153865667159
0,1,0.5328935925629772
0,1,0.5154126722503055
0,0,0.3732053393171008
0,1,0.5593962720886136
0,0,0.40755646296132847
0,1,0.5178458224968686
0,1,0.5261433704322852
0,0,0.4766820998649534
0,1,0.5496627339276167
0,0,0.48854507134172465
0,1,0.5060829977717376
0,1,0.5408312649017358
1,1,0.5546651415793967
0,0,0.4740660533814344
0,1,0.5005436800705446
0,1,0.5355887277390906
0,1,0.5260969448345547
0,0,0.4844704110461812
0,0,0.47025184309177
1,1,0.5434821006161652
1,1,0.5539621782316527
0,1,0.5270902668097659
0,0,0.46502973664375163
0,1,0.5209481205035756
0,1,0.5477655862825653
0,1,0.5756498414472486
0,1,0.5157709324687041
0,1,0.5045165713042453
0,0,0.49423056570542406
0,1,0.5421169944946719
0,1,0.5206555472734786
0,1,0.5431798865702681
0,1,0.5750690568780249
0,1,0.5217703616896547
0,0,0.48270792523450884
0,0,0.298534565887696
0,1,0.5062088791239958
0,0,0.43277002277307774
1,1,0.5372005390265968
0,0,0.4331421510123994
0,1,0.5245731284039101
0,0,0.46806406708052534
1,0,0.4861162433374059
0,0,0.4995666371737364
0,1,0.601258945335245
0,1,0.5355179520761532
0,0,0.49998377693947044
0,0,0.49669066161469955
0,0,0.4898167497145519
0,0,0.48339601815039585
0,1,0.5149165747903607
0,0,0.46983404150121083
0,1,0.5164434470914977
0,0,0.4539929577810068
0,0,0.39124811140654314
0,0,0.3957102755296678
0,0,0.4357466367417573
0,0,0.4220843688879324
0,1,0.5956908515372565
0,0,0.43490042919350946
0,1,0.5385757046738504
0,0,0.4766393050522872
0,0,0.4479127746492511
0,0,0.44588923098258687
0,1,0.6182482662987703
0,1,0.5442925339198826
0,1,0.5142274494476209
0,0,0.48031711561472207
0,1,0.5322420550235407
0,0,0.44746340723804645
0,0,0.4490407126448992
0,0,0.4255388710154484
0,1,0.5002068892803823
0,1,0.5554113786058797
0,0,0.4047159040417514
0,0,0.4805560808457733
0,0,0.44343790346042494
0,0,0.43969479389853994
0,0,0.4746028218601462
1,1,0.5226650337837375
0,1,0.5606188437943854
0,1,0.527330754535629
0,0,0.4155183002693056
1,1,0.5795765836236862
0,1,0.5014126577878942
0,0,0.4577481869183552
1,0,0.490946661585418
0,1,0.5743896408311603
0,1,0.5687526344991521
0,0,0.4671580860350529
0,0,0.44184222921541716
0,0,0.4778947450126674
0,1,0.5679429887328398
0,1,0.591353430803101
0,1,0.5435290062690789
0,0,0.497165190727247
0,0,0.4576871081122601
0,1,0.5153947542759166
0,0,0.46517437146736285
0,0,0.4483748522599382
0,1,0.5177713467584715
0,1,0.5627623431442241
0,0,0.45664578409563394
0,0,0.49826449304465714
0,0,0.4603058623829785
0,0,0.4455906174745655
0,1,0.568665842128468
1,1,0.6096714014343185
0,0,0.4722097348128138
0,0,0.4501594744555944
0,0,0.4705441477198967
0,0,0.4978110182794229
0,0,0.4921935222391305
0,0,0.4037774014336037
1,0,0.4478817906921188
0,0,0.3348491533181538
0,1,0.561915951489628
0,0,0.35134973588075974
0,1,0.5688651383540445
0,0,0.48662523370790983
0,0,0.4609429958104577
0,1,0.5383462424054205
0,1,0.5224418737203363
1,1,0.570000989590854
0,0,0.47760692721033016
1,1,0.5688623298790199
0,1,0.6109998229771785
0,0,0.4382148579625298
0,0,0.4750390086946617
0,1,0.5262082711819205
0,1,0.530186514375846
0,0,0.48759150122736683
0,0,0.4237133937262811
0,1,0.5888635984094274
0,0,0.45709589533229383
1,0,0.38841509395177876
0,1,0.5185771922407522
0,1,0.5663754849928959
1,1,0.5657252347299455
0,1,0.5383372159663854
0,0,0.3822349717077382
0,0,0.36788216713047034
0,0,0.48266994180778655
0,0,0.4595207438767438
0,1,0.5631294557620364
0,1,0.5192210043494166
0,1,0.5581087934707739
1,0,0.3950781637224886
0,1,0.5529891738690066
0,1,0.539692320149365
0,0,0.44279562651421445
1,0,0.44288551452770825
0,0,0.40251093547480205
0,1,0.5426305675687134
0,0,0.4901182225113756
0,0,0.4728433587784635
1,1,0.526273318866092
0,1,0.532849249705216
0,1,0.5099662608199544
0,1,0.5533795454123309
0,1,0.5569400789512574
0,1,0.5367959100056382
0,1,0.5454444195616848
0,1,0.5046670398362559
0,0,0.3870319340710068
1,1,0.5682370378529339
1,1,0.5422047498071653
0,1,0.5756901994452032
0,0,0.417492619519678
0,0,0.47052505140110107
0,0,0.4809643857248952
0,1,0.5651579492393253
0,0,0.4997136622147057
0,0,0.4535533919780736
0,1,0.5021036071482172
0,0,0.4758273504972725
0,0,0.40415103118781626
0,0,0.40919599051492794
0,0,0.43279454471169915
0,1,0.506166774414993
0,0,0.4547470015411468
0,1,0.5183580944787327
0,1,0.5286953453643425
1,0,0.49369248054183346
1,0,0.4471297650342762
1,1,0.5120524716036511
0,0,0.3849914525073486
0,0,0.4010891657944674
0,1,0.535695805067204
0,0,0.47522187954299894
0,1,0.5229602021373999
0,1,0.5221445707138086
0,1,0.5234729570840567
0,0,0.4936250707954607
0,0,0.36558567244992024
0,1,0.5505126475084785
0,0,0.4582642993896473
0,0,0.43255279345744474
0,0,0.4880987560002255
0,1,0.5489654546396756
0,1,0.512420234577285
0,0,0.3651065896378434
0,0,0.3578301593919831
0,1,0.5455001142933691
0,1,0.609342497626918
0,0,0.4994301081544905
0,1,0.5277103980656803
1,1,0.5724458071657451
0,0,0.2798486235088811
0,1,0.5528784310940538
0,0,0.4485125426430634
0,0,0.44910370302173885
0,0,0.46881720719505127
0,0,0.42337007124011505
0,0,0.46531665591782556
0,1,0.5235991952326365
0,1,0.5518125246810434
0,1,0.5799987799132618
0,0,0.4251407495969029
0,0,0.4059387160684911
0,0,0.42238732055692496
0,0,0.39786471687539376
0,0,0.39532947904413673
0,1,0.5112605361110731
0,0,0.4707917239442796
0,0,0.35012553311669686
1,1,0.530511784090453
0,0,0.3935889929734869
0,0,0.41368057133749336
0,1,0.5050982836645006
0,1,0.5032391396443285
0,1,0.5511040109098824
0,1,0.5677722107306312
0,1,0.5731363015657736
0,1,0.545882893634663
0,1,0.5483972105492171
0,0,0.49525124177255214
0,0,0.46141522584407946
0,1,0.5305829110369487
1,1,0.6391163155046367
0,0,0.4380713953320938
1,0,0.4357503581635499
0,1,0.5184419842686728
0,0,0.4677503314352769
0,1,0.5796905781442337
0,1,0.5179709732514857
0,0,0.4480957330038049
1,1,0.5750884358101451
1,0,0.4556924271475515
0,0,0.43898207506283826
0,0,0.4446490670816189
0,0,0.47233719809794755
0,1,0.5528293882717223
0,0,0.4001465898717559
0,1,0.5608712768841286
0,0,0.3848868614983169
0,0,0.39410317270358936
0,1,0.6654859615607421
0,0,0.424194061319251
0,1,0.5697552755817994
0,1,0.5059026563263206
0,0,0.40690743358333903
0,0,0.46306792995313534
0,0,0.48068359312150427
1,1,0.5733973769081687
1,1,0.5287373737334238
0,0,0.4431548267068262
0,1,0.5298171655263093
1,1,0.586525977058808
0,1,0.5696779341884448
0,1,0.5285820454239478
0,1,0.5459507128304528
0,0,0.47646705583917237
0,1,0.5125188700403726
0,0,0.463264143362151
1,0,0.4554679594506114
1,0,0.41803170938059403
0,1,0.5194266557802237
0,0,0.4291570220950333
0,0,0.47493869421223367
0,1,0.5418963848851682
0,0,0.4637928886143758
0,0,0.46802800591651084
0,0,0.489346759049322
0,0,0.4594830866038567
0,0,0.48695873404093315
1,1,0.5333670891546894
0,0,0.4912135259751198
0,0,0.41454793510942034
0,1,0.5560732538661718
0,0,0.4583237912891878
0,0,0.47035596012391134
0,1,0.5882769776630808
0,0,0.4251823963401262
1,1,0.6100211782710983
1,0,0.4992799353067258
0,0,0.4091231443338784
1,1,0.5756365594891933
0,0,0.4567738186609742
0,0,0.43053568073497006
0,1,0.51712923443905
0,0,0.38032143891405
0,1,0.6037807303107332
0,0,0.44999342158277256
0,0,0.4832868317762676
0,0,0.411938003822547
0,0,0.4816952065176268
0,1,0.5320552263490533
1,1,0.5067301314790423
0,0,0.43955035620113464
0,1,0.525046212663455
0,0,0.41325016049764574
0,1,0.5406997043594705
0,0,0.46611506121629426
0,0,0.44658104296015927
0,1,0.5970855555791791
0,0,0.49870466696624893
0,1,0.5378710819110996
0,0,0.49388900949467684
1,1,0.5469834343020229
0,0,0.41039068575929866
0,0,0.4524093525729193
1,1,0.5052089003396155
0,0,0.4514572702691773
0,1,0.5619714035394626
0,1,0.6005301530088911
0,1,0.5218865954343754
0,1,0.5261078259767354
0,0,0.4569581556654089
0,0,0.4577698197468854
0,1,0.5355774870665162
0,1,0.6196856368855647
0,1,0.5924091260528067
0,1,0.5612888216350973
1,1,0.5751623703742743
0,1,0.5247303854992142
0,1,0.5414733348405114
0,0,0.44680720546449004
0,0,0.410620382557423
0,0,0.4706571279590404
0,1,0.593296824327617
0,1,0.5264499294118686
0,1,0.5199273095982183
0,0,0.4869516895184552
0,0,0.4848697782545976
0,1,0.5453593638506844
0,1,0.5514361633448724
1,0,0.42509321856517773
0,0,0.49813187136080755
1,0,0.49081486346847397
0,1,0.5475546237005037
0,1,0.5140822961493846
0,1,0.533715229803986
0,0,0.4874661223763367
0,0,0.4133371212155476
1,1,0.5157609546428488
1,1,0.5376716703132147
0,0,0.4559368718805457
0,1,0.5248844044318122
0,0,0.4415874110482003
0,1,0.5389144569086592
0,1,0.5049833075804233
0,0,0.42086907098029014
0,0,0.4180996385652071
0,0,0.46611236676336754
0,1,0.6061359367811785
0,1,0.5274355090918247
0,0,0.4649942972735876
0,0,0.4284756206250093
0,1,0.5236105919159626
0,0,0.3967155719256153
0,0,0.4095322909878232
0,0,0.48019368122586004
0,1,0.5232373505396146
1,1,0.5554672586465262
0,0,0.41066798108126756
0,0,0.4669904057773701
0,1,0.5070223023200054
0,1,0.5628447069317674
0,0,0.48399964895525704
0,0,0.48960135146792294
0,1,0.5808729126194601
0,0,0.4416601036249802
0,0,0.44759225104060385
0,1,0.5384316613292686
0,1,0.5352443801036177
0,0,0.2866914416445707
0,0,0.45041387674857647
1,1,0.5787408657901326
0,0,0.4759004535002924
1,0,0.37422018342949576
1,0,0.47442181732587424
0,0,0.4173953253219052
0,0,0.4556110832475592
0,0,0.48036212207619555
0,0,0.37072885579032416
0,1,0.5781488620727542
0,1,0.5397357958968576
0,1,0.5666660045797492
0,0,0.4046110083499305
0,1,0.5543822883872487
0,1,0.5025063671162358
0,1,0.5846705590806502
0,0,0.45581050449118615
0,1,0.5771252947110468
0,1,0.5609012790603781
0,1,0.618444780794269
0,1,0.5452194500502808
0,1,0.5006604353854403
0,1,0.5157371281733648
0,1,0.524312533983797
0,1,0.5290834313400328
0,1,0.5127679902938064
0,0,0.43496629202405646
0,1,0.5102327133075257
0,0,0.4035114140549545
0,0,0.4850902379546793
0,1,0.5400059167851176
0,1,0.5133375104972276
0,1,0.5295672218677366
0,0,0.45105037240740564
0,0,0.36167769311924536
0,1,0.5447548089453212
0,1,0.5024877832184296
0,1,0.5191402075486861
1,1,0.5109556863458029
0,0,0.4565800409851903
0,0,0.48288570835017325
0,1,0.5039623118776889
0,0,0.45030112550369034
0,0,0.4646377504996125
0,0,0.43820665771859657
0,1,0.5007326714037668
0,0,0.37657182002089795
0,1,0.549289016043758
0,0,0.493618344190999
1,1,0.5994608388472811
0,0,0.3997949707462577
0,0,0.46142401776181496
0,0,0.4627151580081998
0,1,0.5730250918179803
0,1,0.5160148486725967
0,0,0.44615111032242427
0,0,0.3833880666492286
1,1,0.595756913476609
1,1,0.5244467700978847
0,0,0.45353526350988704
0,0,0.4062302947438179
0,0,0.35328737774537544
0,0,0.4146805143758288
0,0,0.3864755189668351
0,1,0.5349365962320745
0,0,0.4764216707052643
0,0,0.4486034516664861
0,0,0.46599756397082265
0,0,0.4840611879039397
0,0,0.42135189542369644
1,1,0.5414560241904554
0,0,0.47662223084357236
0,1,0.552181270274532
0,0,0.3702478694580727
0,1,0.54097670927927
0,0,0.4350674835304198
0,0,0.4504397010751328
0,1,0.5386598159357767
0,0,0.4892949704450785
0,0,0.40220169025629404
0,0,0.44189523315230667
0,0,0.42776247914591237
0,0,0.47133713291575785
0,0,0.49821435511349144
0,0,0.4462591421730048
0,1,0.52851533808737
0,1,0.5234450564331028
0,0,0.3767749072077283
0,1,0.546416476091723
0,0,0.4736008406931911
0,0,0.40880005480062215
0,0,0.45260283843499266
0,0,0.40264096432919566
0,1,0.52102630670766
1,1,0.5955598605210467
0,0,0.42970324333793236
0,1,0.534461106558744
0,0,0.4102079789625223
1,0,0.46880603063623366
0,1,0.5570258841547101
0,0,0.4550407209819791
0,1,0.5335722734452721
0,1,0.5584772504684077
0,0,0.44071418913288435
0,1,0.5422886198287284
0,0,0.48217318273440485
0,1,0.5244220577487626
0,1,0.6469227233382618
0,0,0.48614366611976967
0,0,0.4923136385161827
0,0,0.38853573579830725
1,1,0.5575043747965265
0,0,0.46156310813086493
0,0,0.43296906781452416
0,0,0.4920782683960899
0,1,0.5320107382846614
0,0,0.45483585584962577
1,1,0.518720270043974
0,0,0.43645689807082255
0,0,0.486608457862948
0,0,0.40851795439755817
0,1,0.5354857919665226
0,1,0.5246502660594268
0,0,0.45107886893368365
0,0,0.48337085168512345
1,1,0.6708709239855579
0,1,0.5133062775695278
0,0,0.4360292338059885
0,0,0.4883432820095013
0,1,0.6355192796994271
0,1,0.5198784291362594
0,1,0.5209266040793635
0,0,0.38785516760518596
1,1,0.5676359072331415
0,1,0.5051131113209416
0,1,0.5325587277438489
0,0,0.41042541875986593
1,1,0.5224335598413515
0,1,0.5085195219415465
0,0,0.3457530499607789
0,0,0.39101637829612307
0,0,0.4719185527667225
0,1,0.5094166716659991
0,0,0.4917307204492831
0,0,0.42474735663045526
0,0,0.43788693020937147
0,0,0.423895873447201
0,0,0.4209992534172942
0,0,0.43379355812931164
0,1,0.5497052480853405
0,0,0.49249272641574876
0,1,0.568622669177687
1,1,0.5517239829479712
0,1,0.5131479232731114
0,0,0.39926571542906336
0,1,0.5662565526033275
0,1,0.5307551900777409
0,1,0.5057477387756601
1,0,0.44576407086797754
0,0,0.48526385137895256
0,0,0.4364974807942491
1,1,0.5482684626341902
0,0,0.45025897201413384
0,1,0.539615445390375
0,1,0.559312303692388
0,0,0.4878633987857121
0,0,0.47381124866588264
0,0,0.3598139855296374
0,1,0.5226063895299242
0,0,0.37840524207853227
0,1,0.5361450722936617
0,0,0.3241500815841752
0,0,0.3523923719774455
0,1,0.5268506815554117
0,0,0.39809245548516636
0,0,0.46039361802660117
0,0,0.42453306126016654
0,1,0.5385358933822831
0,0,0.37348810335719995
0,0,0.4672355763467684
0,0,0.4771349703014407
0,1,0.5102073358852125
0,1,0.5071832291201713
0,0,0.38678015739493404
1,1,0.5267913152394202
0,0,0.35418470560938387
0,0,0.4227812366111469
0,0,0.43092159057139495
0,0,0.41219341567322637
0,0,0.4218639398396876
0,1,0.5760179070282314
0,0,0.4898650931036998
0,0,0.45039148714161015
0,0,0.3901550745605008
0,0,0.44866857130076526
0,0,0.4336972730180133
0,1,0.5047424069707998
0,0,0.42972847485369187
1,1,0.5368633263797556
0,0,0.42934107526206744
1,1,0.5296145078377682
0,0,0.4616498442932779
0,0,0.45755267738377825
0,1,0.6110689812489835
0,0,0.381299705809936
0,1,0.5075080446173231
0,1,0.5949627407604745
1,0,0.45113560354921345
0,0,0.42769474732978074
0,1,0.5361502605979573
0,1,0.5070463299563311
0,0,0.48040965979554173
0,0,0.47817845700695844
0,0,0.4835327289394019
0,0,0.3430890532072157
0,1,0.5331486687466775
0,0,0.43801355710530104
0,1,0.5282522968207201
0,1,0.5883123659044005
0,1,0.558404257606973
1,0,0.4610027402144849
0,0,0.3655384610655287
0,0,0.48641036398075466
0,1,0.6045158814895601
0,0,0.42998298075943586
0,0,0.4223220610519678
0,0,0.454006530827952
0,0,0.4620537936604714
0,0,0.4974287957567684
0,0,0.4293908274777987
0,0,0.4698760119819042
0,0,0.4243544756292506
0,1,0.5273213585810822
0,1,0.5505486757359285
0,0,0.4656161359495241
0,1,0.5297508989687661
0,1,0.5181444364935428
0,0,0.3631122360842005
0,0,0.47590462040116477
1,0,0.4717285841672087
0,0,0.4310627488874586
0,0,0.47445076698182126
0,0,0.43788977037240806
0,0,0.44821271346087327
1,1,0.5209414719983535
0,0,0.49621839182081756
0,0,0.4958209519987371
0,0,0.4854726498323804
0,1,0.5522321456090641
0,1,0.5000865462808293
0,0,0.4944286136417502
0,1,0.5314794542795517
0,0,0.4633518841901556
0,0,0.3775051707684067
1,0,0.4953643139898529
0,1,0.537455124768115
0,0,0.4322809470617329
0,0,0.4817826093565101
0,0,0.4608443110770372
0,0,0.4395767721730141
0,0,0.43344716895464397
0,0,0.4234938939935565
0,0,0.49494298361311195
0,1,0.5253684846604635
0,0,0.47063974483663296
0,0,0.3970827835295204
0,1,0.53542140430244
0,0,0.4863799428977117
1,0,0.4664405048506174
1,1,0.6204187667223262
0,0,0.40762684541782734
1,1,0.5837572467982569
0,0,0.4173558318863578
0,0,0.49240554181640334
0,1,0.5010069688852936
0,1,0.5288588482718963
0,1,0.5061126757363992
0,1,0.5009764365399213
1,0,0.49112677815197864
0,0,0.46379328464470115
0,1,0.5778162605031283
1,0,0.49351008587592105
0,1,0.5047177720293681
0,0,0.45906761483882746
0,0,0.46875829370519734
1,1,0.5857218425214058
0,1,0.5152405255038681
0,1,0.6221984970935781
0,0,0.44280620873504195
0,0,0.4178811950296757
0,1,0.5103485158857936
0,0,0.4869594943180088
1,0,0.3991819166904386
1,1,0.5380456932787063
1,0,0.49594716445558035
0,0,0.4590672274108973
0,1,0.5099621909777635
0,0,0.47397972753986467
0,0,0.4222343795258238
0,0,0.4768305145708587
0,1,0.5177093484225287
0,0,0.46110732398003074
0,0,0.38489142353514944
0,0,0.45682186938995445
0,0,0.3451438388254205
0,0,0.48267936963585106
0,0,0.4670787900234589
0,0,0.4052779271356981
0,0,0.3901157443955043
0,1,0.5202187539332317
0,0,0.34852333631959503
0,0,0.45178474581663386
0,1,0.5312411763323653
0,0,0.44906390662110696
0,0,0.3288661656356771
0,1,0.5449972392484881
0,0,0.45104264559738744
0,0,0.4233229007238324
0,1,0.5706325108287836
0,1,0.5607805186579177
0,1,0.5015661708412813
0,1,0.5190575689241351
0,0,0.48325599737042907
0,0,0.4458703828579521
0,1,0.5436040287241972
0,1,0.5380243270682095
0,0,0.4183911111816634
1,0,0.4740829829267593
0,1,0.5169674093091483
0,0,0.4171883889266534
0,1,0.511459582066731
1,1,0.6335360641393728
0,1,0.5019158486003255
0,1,0.5144300842347891
0,0,0.4502533816740326
0,0,0.3825845320154041
0,1,0.5701379672619129
0,1,0.5683325935230448
0,1,0.5391716075633854
0,0,0.43600468242336105
0,0,0.40125196192420476
1,1,0.6115036766859615
0,1,0.59974340911358
1,1,0.506921009651102
0,0,0.45823012547770753
0,1,0.57975606934315
0,0,0.2937565682937141
0,0,0.46194045653492677
0,1,0.53748328517782
0,1,0.5293849874647847
0,1,0.5546467089666259
0,0,0.42838526994872844
0,1,0.5362484906623883
0,0,0.4947589508398194
0,0,0.45836600784500736
0,0,0.47322082540458593
0,0,0.46386878486543914
0,0,0.47769794426204
0,0,0.499948793487549
1,1,0.5652052107230476
0,0,0.44414062926523296
0,0,0.44408760971736067
0,1,0.5012463425173526
0,1,0.5112370090384203
0,1,0.516434065447668
0,1,0.5304913704439289
0,0,0.3944595163288423
0,0,0.4055398500576657
0,1,0.5194084328424309
0,1,0.5552500089149348
0,0,0.3810829389954737
0,1,0.5915377510425794
0,1,0.5117853864165177
0,1,0.524624325613097
0,0,0.49278468909676854
1,1,0.5308400388279192
0,1,0.5547836308958803
0,1,0.5346714841813939
0,1,0.5365220878540945
0,0,0.41199160576539073
0,0,0.4943461333583537
0,1,0.5282951114811669
0,1,0.5242552307792048
0,1,0.5349532337943728
0,1,0.5488413545916546
0,0,0.3909013427856982
0,0,0.49906737908395454
1,1,0.5002421020628762
0,1,0.5511806472658547
0,0,0.41538646625553194
0,0,0.4400581845238685
1,1,0.5672761943208301
0,0,0.4756249915771206
0,1,0.5156294020573294
0,0,0.4292614777196521
0,0,0.43689959558386293
0,0,0.4969972679880296
0,1,0.5229984689077424
0,1,0.5246960814750841
0,0,0.49046164890615224
0,1,0.5077771355334719
0,0,0.40837694796915636
0,1,0.6103056974785314
0,0,0.4829895312070544
1,1,0.5308693862576287
1,1,0.6156307088380294
0,0,0.4621392658299922
0,1,0.5240069564161869
0,1,0.5400626867377667
0,0,0.38233854810970314
0,0,0.47596825783622043
0,1,0.5482633427695691
0,0,0.4254555369603025
0,0,0.4273346271688204
0,0,0.46286326742956874
0,0,0.3885228015684535
0,0,0.46703607808715103
0,0,0.4185646143355508
0,0,0.3712224321360818
1,0,0.49851240889634013
0,0,0.3936137262741759
0,1,0.5655975754506506
1,1,0.5092055130803758
0,1,0.5281776426922303
0,1,0.5151732087811693
1,1,0.5433895796591709
0,0,0.4307553524489094
0,0,0.4590588143415814
0,0,0.3975369311044096
1,1,0.5245031961109605
0,0,0.4750879815264053
0,0,0.4567789166805968
0,1,0.638747024017813
1,1,0.5043933829382913
0,1,0.5541135986178238
0,0,0.4387382550577903
0,1,0.526229895575495
0,0,0.4937036421889851
0,0,0.3980505722776377
0,1,0.549497391903915
0,1,0.5481624471155572
0,0,0.38610380428217767
0,0,0.4779225454628878
0,0,0.43768982375384924
0,1,0.5169974012909541
0,1,0.5128889569422297
0,1,0.5015069052425624
0,1,0.5163601358209678
0,1,0.5400996957290244
0,1,0.5492517670441326
1,1,0.5482401021456657
1,1,0.5626167790981197
0,1,0.5555129109449052
0,0,0.4953527019986083
1,1,0.5486301013724293
1,1,0.5628539833846917
0,0,0.48609831211307847
0,1,0.542532368662947
0,1,0.5103403998700805
0,1,0.5851936341417574
0,1,0.5384940595051224
0,1,0.5220035057188228
0,0,0.4699743937971465
0,1,0.5166203824863644
0,1,0.5047526007271729
0,0,0.44688150387824516
0,0,0.45941977255119276
0,0,0.4756403452990453
1,0,0.4599790018857648
0,0,0.48937618247786185
0,0,0.4420880489256725
0,1,0.5018678234806052
1,0,0.483998427356514
0,0,0.45848806593549035
0,0,0.4253973537669667
0,0,0.4792297024511911
0,1,0.5361963223191483
0,1,0.6080691475601205
0,0,0.46196946168207625
0,0,0.4324979830086081
0,1,0.5828068946229475
0,0,0.4361996765971552
0,1,0.5051455409420076
0,1,0.551454839486
0,0,0.4397611125793467
0,1,0.5990072790228315
0,0,0.4570764083798651
0,1,0.6097186154888096
0,1,0.5418991940432
0,1,0.5522874398927118
0,1,0.5929026287714728
0,0,0.4336733403153326
0,1,0.5194919859780319
0,1,0.5360145522463461
0,1,0.528927537260213
0,1,0.5685058880955147
0,1,0.5164624199094846
0,0,0.45926536935098805
1,1,0.6279782205147736
0,0,0.4170530643555761
0,0,0.49914983189194595
0,0,0.4481234351073735
0,0,0.42575808205904925
0,1,0.5132055050044998
0,0,0.40707427703467497
0,1,0.5388559233039437
0,0,0.40713794260703096
0,0,0.47382528344131947
0,1,0.5190075647338149
0,1,0.587603646076159
0,1,0.5933385313302689
0,1,0.6002225362556205
0,1,0.5588795999904239
0,1,0.5485176596224616
0,1,0.6172369589273253
0,1,0.5368580020679158
0,0,0.43367048445313455
0,1,0.5337138529269466
0,1,0.5367207632918618
0,1,0.5628359070262762
0,0,0.4850549103387693
0,0,0.4105247083550995
0,0,0.40641438595557844
0,1,0.5115847294870374
0,1,0.5125143389167603
0,1,0.5726198534405236
0,0,0.4303308590511228
0,0,0.3936443825707171
0,0,0.4698763244104962
0,0,0.47263812428714613
0,1,0.518116519222632
0,0,0.4111559306303677
0,1,0.5140218594598784
0,0,0.4149226319975014
0,1,0.5404090874715792
0,0,0.4650112315162174
0,1,0.5147002898981654
0,1,0.524464029871875
0,1,0.5203378894405892
0,1,0.5971849053212113
0,0,0.46136846787081554
0,1,0.5101515771928641
0,0,0.43234917798510225
1,1,0.5179004323141327
0,1,0.5135959657586531
0,0,0.411154515010617
0,1,0.503255696744515
0,1,0.5581143227797395
0,0,0.43509246252025896
0,0,0.498320107130792
0,1,0.5264071800708549
0,1,0.5628588503694324
0,0,0.4166403304734947
0,1,0.604186700049928
0,0,0.39656466814218144
0,0,0.4905922796695712
1,1,0.5100903282556122
0,0,0.46110611495357917
0,0,0.4304868095208677
0,1,0.5420383850632431
0,1,0.5454748346736884
0,1,0.5669376796684316
0,1,0.5005726907897433
0,1,0.5085072493601014
0,1,0.5695424787659767
0,1,0.5368119688690798
0,1,0.5628543173477142
1,1,0.5425411687409726
0,1,0.534391150132945
0,1,0.5491074697931326
0,0,0.42805546425895097
0,1,0.5070626413508112
0,0,0.47202081494124004
0,0,0.43550651525166506
0,1,0.5388880286190882
0,0,0.4593145089548048
0,1,0.5137249649244507
0,1,0.5452061741906035
0,1,0.5257844614398572
1,0,0.4371832444462682
0,1,0.5270196050849655
0,1,0.5330338658580868
0,0,0.47264462140916735
0,0,0.459432885083179
0,0,0.41697794082897666
0,1,0.6018357947729283
1,1,0.5797794558028087
0,1,0.5941631531767938
0,0,0.46977906792254415
0,1,0.5910026541757812
0,0,0.4789390633415384
0,1,0.6090062523748668
0,0,0.45800598926551134
0,0,0.43201843887045227
1,1,0.5692107639646015
0,1,0.5212584418704469
0,1,0.5234691590036273
0,0,0.4751623945323602
0,0,0.42374431789309597
0,1,0.5426533986406529
0,0,0.4895274049000119
1,0,0.47657293863761097
0,1,0.5502438680698479
0,0,0.3807508796471079
0,0,0.46092542918402435
0,1,0.5010673811948254
0,1,0.5798088038555953
0,0,0.45536620976483955
0,0,0.4893012962075811
0,0,0.3696688548046722
1,1,0.5517838468409734
0,0,0.49455272085134566
0,0,0.4828959699222695
0,1,0.5503302926659334
1,0,0.44584175014168936
1,1,0.590680831877656
0,0,0.39706038460029786
0,0,0.33526229512447614
0,0,0.3361542586373514
0,0,0.44870027701853954
0,1,0.526867111783901
0,1,0.5016828045969449
0,0,0.4555075571883658
1,0,0.4819617741461061
0,1,0.6189311992152234
0,0,0.40012518645583406
0,1,0.5184439437705252
0,1,0.6119492177628131
0,0,0.43670554960447716
0,0,0.44047701132099315
0,0,0.4675305272747605
0,1,0.5085954331804193
0,1,0.5048156922703576
0,1,0.5709074589102162
0,1,0.5344731527288851
0,0,0.4541067316727429
0,0,0.4364195357150977
0,1,0.5176707713222803
0,0,0.45656675158898125
0,1,0.5301045044238957
0,0,0.4361044174740932
0,1,0.5355516970231986
0,1,0.5541329187554771
0,0,0.49893656025037636
0,0,0.412780980872403
0,0,0.41288767804758497
0,1,0.5264878471365728
0,0,0.43041121780714753
0,1,0.533581215040318
0,1,0.5237070757091926
0,1,0.5801191638203401
0,0,0.3806581185809131
0,0,0.40590543039544824
0,1,0.5339241768505447
1,1,0.5209183999911841
0,1,0.6118537664064153
0,1,0.5520445827354904
0,0,0.41275961466244815
0,1,0.549967457166431
0,1,0.5198166639491874
0,1,0.5196056678624499
0,0,0.495803636671156
0,1,0.5655503267436286
0,0,0.4981696416625844
0,0,0.417871692427039
0,1,0.5462337560874709
0,0,0.45396169172009837
0,1,0.5193975181422614
0,1,0.5195528976408186
0,1,0.6058591841367583
0,1,0.5033747204232402
0,1,0.5249491955629726
0,1,0.5189597753420017
0,1,0.5643654857550461
1,1,0.5108423841425221
0,0,0.4856987715020816
1,0,0.4690895474059305
0,0,0.46257392678844794
0,0,0.3836565166056387
0,0,0.4910111938433446
0,1,0.5218436049383153
0,1,0.5892670549548912
0,1,0.5013756916093394
0,0,0.4307802018471015
0,1,0.5215537676446105
0,1,0.5341507721760409
0,1,0.5323729442129558
0,0,0.4947577079871033
0,0,0.44364616240798704
0,1,0.5293031835475542
0,0,0.4130210631244334
0,0,0.4746339671780169
0,0,0.39333221555114917
0,1,0.5134397635218075
0,0,0.4937432450459335
0,0,0.41521161028385023
0,1,0.5397393907305398
0,1,0.5274003625548059
0,1,0.5893991129621188
0,1,0.5731725358080633
0,0,0.46945628350056007
0,0,0.48247086268491934
0,0,0.3966865750424886
0,1,0.5089471385398316
0,0,0.447870947957283
0,1,0.5109915638955205
0,1,0.5115579649446238
0,0,0.36269301026191836
0,1,0.5231676560934267
0,0,0.47056979661803083
0,0,0.48856504490160574
0,0,0.4014725415136784
0,1,0.5232346778932386
0,0,0.4908026004658983
0,0,0.4755982450244799
0,1,0.5021914776135024
0,0,0.48548314644781093
0,0,0.474575964039777
0,0,0.4689076924712468
0,0,0.41682082355691535
0,1,0.564663122085071
0,0,0.3770686162833637
0,0,0.3503888535640736
0,0,0.34409885548694275
0,1,0.5599331944442628
0,0,0.4334196597380667
1,1,0.5480639252398659
0,1,0.5133773088551565
0,0,0.4789242166191688
0,0,0.4884951457840679
1,1,0.5104693756724182
0,1,0.5675539593731681
0,1,0.5037837600515139
0,0,0.48235088250334535
0,1,0.5384029873415946
1,1,0.5814177598018033
0,1,0.5084713236605103
0,0,0.39456398942989246
1,1,0.5470296027179532
0,0,0.4281161363107097
0,0,0.39441973976318806
0,0,0.4077901883597992
0,1,0.5638857296351878
0,0,0.39192342034873817
0,0,0.4629220140270222
0,1,0.5410834097234737
0,1,0.6072957546051136
0,1,0.5343772109388667
0,0,0.4450377574818386
0,1,0.5172171441621718
0,0,0.4993810784112086
0,1,0.5063526520946136
0,1,0.5419876018466041
0,1,0.6072846164658458
0,1,0.5764774584558396
0,1,0.5398200773510399
1,1,0.5410748258053576
0,0,0.46786798777085264
0,0,0.4032201889122122
0,0,0.37673265973531955
0,0,0.4393132607905825
0,0,0.48869756203066467
0,0,0.4640846266083457
0,1,0.5188599133658907
0,0,0.4048291694556505
0,1,0.5869042953777512
0,1,0.5368897206959329
1,1,0.5408673220294237
0,1,0.5176748462420039
1,0,0.49789544961228527
0,1,0.5577594176804773
0,0,0.4857139424901359
0,0,0.37216986090430615
0,1,0.5799443193530148
0,1,0.5640010870856372
0,0,0.44901664298864125
0,0,0.4665290076603984
0,1,0.5218333987909315
0,1,0.5736219437128934
0,0,0.3915892614863872
0,0,0.4823930138699762
0,1,0.5511022097380037
0,0,0.4641640991626607
0,0,0.4164846655247809
0,0,0.43784946371087463
0,0,0.410240223550946
0,1,0.5232139831971488
0,0,0.46147736326238603
0,0,0.4043930280991159
0,0,0.4325848687462055
0,0,0.49516173358917714
0,0,0.4663017110123008
0,1,0.532511978652545
0,0,0.4321103368185086
0,1,0.5536145758192783
0,1,0.54267989819791
0,0,0.4915720487490586
0,1,0.5432764565013399
0,1,0.5435596954749178
0,0,0.4595672381227535
0,0,0.4803205556994418
0,1,0.5365817211892604
0,1,0.5389864973909075
1,1,0.5603675472534434
0,1,0.5273369453339102
0,0,0.35784495212353773
0,1,0.5650686067243235
0,0,0.4459275919827082
1,1,0.5297119478171874
1,0,0.4882133146289755
0,1,0.5448532307610521
0,1,0.5134373825569392
0,1,0.555954790682377
1,1,0.5767902529382942
0,1,0.5075505899393856
1,1,0.5312682563415086
0,1,0.5938324962144111
0,0,0.46079984073700425
0,1,0.5303088507270013
0,1,0.54227657181054
0,1,0.5262164706381426
0,0,0.3961829233837744
0,0,0.4714109901858613
0,0,0.442593162172524
0,0,0.47945501821526937
0,0,0.38009204533360597
0,0,0.4809523658372013
0,0,0.36003389211093734
0,0,0.44037682174362003
0,1,0.5556798913185721
0,1,0.500170949576434
0,1,0.5040087093192107
0,0,0.4592162070289975
0,1,0.5583859614385102
0,0,0.4813663336821151
0,1,0.5659283829666237
1,1,0.5611798841128136
0,1,0.6106016408318538
0,1,0.5212403566721704
0,1,0.5515263168816308
0,0,0.48242686309231203
0,1,0.5407941935286278
0,0,0.47751227923019285
0,0,0.4346045501999968
0,0,0.4977326108675162
0,0,0.409332349021277
0,1,0.5483579942264627
1,0,0.4258510625412463
0,1,0.551407121442593
0,1,0.5036424197541021
0,0,0.43078456315063335
0,0,0.4504535714711124
0,0,0.45584143397645494
0,0,0.39134495982877154
1,1,0.5186675029180826
0,0,0.459691073397407
0,0,0.49786003685273855
0,1,0.5081590932931076
0,0,0.485223167048521
0,0,0.45386244965597944
0,1,0.5712171983376615
0,0,0.4539938501313702
0,1,0.6091853594996549
0,1,0.5400544321142181
0,1,0.5138730781079148
0,1,0.508388990944406
0,1,0.5189709608125278
0,1,0.5349897000877896
0,1,0.527634724501592
0,0,0.495949003220436
1,1,0.5733687334392777
0,0,0.47546678683421895
0,0,0.48377121339440543
0,0,0.42050001672831266
0,1,0.5511836543857072
0,0,0.45152601755448335
0,0,0.3393214750906372
0,0,0.4224594328600096
0,1,0.5886542778656415
0,0,0.4854782171430563
0,0,0.4389216075421509
0,0,0.4979647913468917
0,0,0.49295673410791996
0,0,0.4078199202536213
1,1,0.6655737971709738
0,0,0.4239452760845123
0,0,0.4907856698900542
0,1,0.5265393290260953
0,0,0.3923964624204761
0,0,0.39875565257682466
0,0,0.469755615031685
0,0,0.3549339020239852
0,0,0.31992297576297607
0,1,0.5411882043513188
0,0,0.39881114548264557
0,0,0.4156196586681126
0,1,0.5306107441094456
0,1,0.5398090218352456
0,1,0.5801999944206213
0,0,0.3971356480837486
0,0,0.4697941492510097
0,1,0.5388531897272106
0,0,0.4607029593871712
0,0,0.4048830662654164
0,0,0.4450283990399154
0,0,0.493562336004576
0,0,0.48202326228524606
0,0,0.4797786967252481
0,1,0.5210268423827654
0,1,0.570956032490993
1,1,0.5451355515230477
0,1,0.5159371772273712
0,0,0.38795059414000305
0,1,0.5813258653121632
0,1,0.6040073575491666
0,1,0.5079627822673107
0,0,0.47919066498206325
0,0,0.4524678853386513
0,1,0.5064968600726111
0,1,0.5577636368096583
1,0,0.4075537433337076
0,0,0.41957276065593246
0,0,0.3479421624400677
0,1,0.5349259362617346
1,1,0.5252463516847302
0,0,0.4967645035416554
0,0,0.49375598349308836
0,1,0.5805577545815774
0,0,0.43638791929110177
0,0,0.4827993326820406
1,1,0.5810634751525501
0,1,0.5610334222941
0,0,0.434137916122906
0,1,0.5031320518915353
0,0,0.4241387397424481
0,1,0.5750234549642919
0,0,0.4136507913583247
0,1,0.5127294501343443
0,0,0.4868566630774932
1,0,0.45716712639978146
0,1,0.5356392843429136
0,1,0.5714114616694731
0,0,0.45071370625010543
0,1,0.540617216421357
0,0,0.4903374075611992
0,1,0.5500429184637381
0,0,0.4834551083605173
0,0,0.4400534182902704
0,0,0.40313612335241056
0,1,0.5029526406786166
1,1,0.5322467810826083
0,0,0.4240707266250233
0,0,0.4477384352450461
0,1,0.521900914101678
0,0,0.4643237899612882
0,0,0.4489090191696116
0,0,0.43244947624596086
0,0,0.35781911951695733
0,1,0.5504823380621252
0,0,0.39867992908300864
0,1,0.6132554154403977
0,0,0.4749417403668212
0,1,0.6046970687633695
0,0,0.49943196163841175
0,0,0.403769611533558
0,1,0.5840380237565821
0,1,0.579695658200712
0,0,0.4828648515585015
0,1,0.5504061122687149
0,0,0.4105081740657465
0,0,0.4133463440923414
0,0,0.45306622062371815
0,1,0.5342669653045548
0,0,0.4712939406983003
0,1,0.5037555991909638
0,1,0.5802382371110574
0,0,0.4739644844439983
0,0,0.43302967990331526
0,0,0.46992257312690183
0,1,0.5186456118867158
0,0,0.4976065399907715
0,0,0.4927435332531317
0,0,0.4659343976051655
1,1,0.5449469563453809
1,1,0.5054810719941558
0,1,0.5380360266438418
0,0,0.4834972054477547
0,0,0.4413880641814992
0,0,0.4266427380522749
0,0,0.45197571026797173
1,0,0.4946566309842078
0,0,0.43036831444495427
0,1,0.529544541906851
0,0,0.4394578931872063
1,1,0.5096970897013638
0,1,0.565158689227445
0,1,0.592101913633887
0,1,0.5588199093380198
0,1,0.5459618848427564
0,0,0.44285440768775025
0,0,0.46960838626857127
0,0,0.47014948971422094
0,1,0.514273803417596
0,1,0.5236876012928855
0,0,0.42959946485581285
0,1,0.5137875450446172
0,0,0.4765647406840601
0,1,0.595615104165201
0,1,0.5659262760798763
0,1,0.5252710031698998
0,0,0.4838918431622025
0,0,0.47933301632661207
0,0,0.4419866430826646
0,1,0.5013703458085088
0,0,0.38131874526771364
0,1,0.5143442738955064
0,1,0.5568158255155453
0,0,0.4928534393033152
0,0,0.46851817818025265
0,0,0.423529300893203
1,1,0.565222519521015
0,0,0.44865327357394413
0,1,0.5009016037309162
0,1,0.5799252774197332
0,0,0.4999614683827847
0,1,0.6025036521836149
0,0,0.4763862101236503
0,1,0.5376702135078539
0,0,0.47479600800088084
0,0,0.44017844701357745
0,0,0.4901468715866846
0,1,0.5309539510612019
1,1,0.5632303243997928
1,0,0.437945817286097
0,1,0.5478888572400004
0,0,0.47799425155129344
0,0,0.49892960622307525
0,1,0.5660290979055987
1,0,0.4970933110160262
0,0,0.4733235373922641
0,0,0.3884405663943456
0,1,0.5027667903325418
0,0,0.4619969311402463
0,1,0.5825787213617106
0,1,0.5215958610178991
0,0,0.43024453733538914
0,0,0.4645298278708725
1,1,0.5419844374457081
0,0,0.48817046896260186
0,0,0.3873269870646439
0,0,0.483754214914419
0,0,0.48764835169287574
0,0,0.4987088561325691
0,0,0.4371039028711208
0,0,0.4926510123154601
0,0,0.47214837232924395
0,0,0.4862004562228941
0,1,0.5727042083831445
0,1,0.5621802217975415
0,1,0.5707504971972148
1,0,0.4150857244971817
0,0,0.4317859824385814
0,0,0.49503835392637563
0,1,0.5283467284308067
0,0,0.39152764911074844
0,0,0.4942189702115921
0,1,0.5939161142830265
0,1,0.5834013985109262
0,0,0.4611551210800408
0,0,0.4624463658665162
0,1,0.5586603772406697
0,1,0.5776297012204321
0,1,0.5701324469398976
0,1,0.545974461576883
0,1,0.5243903785724104
0,0,0.4765039721119009
0,0,0.39704102559284704
0,0,0.4829043747660758
0,1,0.5806743712223625
0,0,0.4673150751840132
0,0,0.47142991436871656
0,1,0.5369241397767932
0,1,0.5276805763990707
0,0,0.45739508517963257
0,0,0.4649527736395027
0,0,0.3867829995286972
0,0,0.4739676966907955
0,1,0.5136383193831872
0,0,0.3977694726264565
0,0,0.4297600173196814
0,0,0.45912987871716754
0,0,0.45834258888153184
0,0,0.3888633991816897
0,0,0.4924404701579866
0,1,0.5288116545178068
1,0,0.477085647892579
0,0,0.3918455520892817
0,0,0.4793801825073972
0,0,0.4568867642687764
0,0,0.49147775270503585
0,1,0.5573306485143679
0,1,0.5601686873738562
0,1,0.5666786986936704
0,0,0.4165009881256103
0,1,0.5028602111830189
0,0,0.49394407227557996
0,0,0.46101729706845285
0,1,0.545033582631309
0,0,0.47217432656845987
0,1,0.5439166569570976
1,1,0.536334003163086
0,0,0.4603150234713462
0,0,0.40273833620285093
0,0,0.41240647855997864
0,1,0.5469889873263252
0,0,0.3180514879004892
1,1,0.568596995903068
0,1,0.5259611906289506
0,1,0.5266662065679981
1,1,0.5054752309782462
0,0,0.42535337506290494
0,0,0.35582356520001396
1,0,0.4373309691830669
0,1,0.5433544038201673
1,1,0.5758900844518261
0,1,0.5356825126375617
0,0,0.46825920977667046
0,1,0.5200505387820797
0,1,0.5307026279430179
0,0,0.39397409690953245
0,1,0.5319129707524304
0,1,0.5800141995684284
0,0,0.42930823532694545
0,0,0.3514364297958397
0,0,0.38846672481693084
0,0,0.4284760625932405
0,0,0.45324280388796157
0,0,0.4209626362773522
0,0,0.44523714428979116
0,0,0.47157462206329065
0,0,0.46841955183201156
0,0,0.44633439167168754
0,0,0.4754552439536585
0,0,0.4684339526618421
0,0,0.4719604668572304
0,1,0.5550769568033561
0,1,0.5474107224992615
0,0,0.40280888678213517
0,0,0.4657686455386557
0,1,0.5010837748822109
0,0,0.40228607637937386
0,0,0.3731427092109837
0,0,0.3931401275144172
0,1,0.5267214950846313
0,1,0.6170375486697387
0,1,0.5025211625784444
0,1,0.5620035339567265
0,1,0.5106744281056611
0,0,0.3505071037237194
0,0,0.36796737021477427
0,1,0.5086276886523611
0,1,0.5461963184211397
0,1,0.5401011611600668
0,1,0.5440793391974897
0,1,0.563367754610343
0,1,0.5086801510646768
0,1,0.5580142986985185
0,0,0.47581873415387466
0,0,0.4208320391748863
0,1,0.5534195247465682
0,0,0.4835901805335754
0,1,0.5169999057295607
1,0,0.46537534247207957
0,0,0.4514010020430817
0,0,0.4248696788417099
0,0,0.49493969901719803
0,0,0.4136980941375421
0,1,0.5748275189528174
1,0,0.39001136483431376
0,0,0.4540168489538583
0,0,0.42890589702384013
0,0,0.3901848140977438
0,0,0.4622605948085247
0,1,0.5204789808640325
0,0,0.4343263507146506
0,0,0.43499382005920717
0,0,0.4198104462410805
0,1,0.5319658324598099
0,0,0.46127028414500104
0,0,0.45636259818296826
1,0,0.49538351094597943
0,1,0.5502458318534009
0,0,0.48886399883031145
0,1,0.5235109119221587
0,1,0.5670323186780909
0,0,0.4022887197802886
0,0,0.42064541421135837
1,0,0.493075182587745
0,0,0.47651775564934135
0,1,0.5183967877941648
0,0,0.4965048828193124
0,0,0.4023039371696484
0,0,0.4889580422126329
0,1,0.5628688302725677
0,0,0.38873786542683014
0,1,0.5136414854958523
0,1,0.5083193657688893
0,1,0.5006919738140876
0,1,0.5308666352640382
0,1,0.5369933018786454
0,1,0.5249916196953761
0,1,0.5609894318043664
0,0,0.4834108638652292
0,1,0.5523241847605969
0,0,0.39365671664890806
0,0,0.4837222654814963
0,1,0.5457040508711657
0,1,0.5367453859943923
0,1,0.5359170238907973
0,1,0.5200633713417738
0,1,0.5151574454616822
0,0,0.45392973091523026
0,1,0.5004073345435054
0,0,0.4962357677503405
0,0,0.49484599325747625
0,0,0.4172954653701131
0,1,0.5210862730249907
1,0,0.48722945459677525
0,1,0.5285763467746318
0,0,0.4626120889370984
0,1,0.5197991439885439
1,1,0.5108411000926272
1,1,0.5061973341545136
0,1,0.555022653874686
0,0,0.47039460426134994
0,0,0.41442965121743136
1,0,0.46329068205926033
0,0,0.4959755236027283
0,0,0.4874122442164477
0,0,0.39704258308723567
0,1,0.5273591625683904
0,0,0.4248859671311515
0,1,0.555336819339686
0,0,0.33070352696629157
1,0,0.4331330554970795
0,1,0.5268475136612587
0,0,0.482564216037885
0,1,0.5307011425874816
0,1,0.5229916869494501
1,0,0.34726091154217903
0,1,0.5079787618570434
0,0,0.4840244626353874
0,0,0.40283053976028005
0,0,0.44691666256330476
0,1,0.5168019031697886
0,0,0.43702621842103573
0,1,0.5184451922933135
0,1,0.5956067109472979
0,1,0.5683828890924333
0,1,0.5171630291839481
1,1,0.5711472074218072
0,0,0.43468268252610875
0,0,0.41251077600649155
0,0,0.47090313775048387
0,0,0.3849325494801131
1,0,0.4942893999209966
0,1,0.6481152112113694
0,0,0.44211367266731544
0,0,0.48819863607711617
0,0,0.40464194040455065
0,0,0.4613617510648671
0,0,0.3914164530141256
0,1,0.5041710952065422
0,0,0.4008048010268061
0,1,0.5606781858353446
0,0,0.4855638996449717
0,1,0.5292960018866845
0,0,0.3728829197383428
0,0,0.48722582642918283
0,0,0.487686889502405
1,0,0.359703313015593
0,1,0.5971575291923792
0,0,0.38915723398433577
0,0,0.39131463711432807
0,1,0.5188658409459986
0,0,0.4929398116863705
0,0,0.4692700870362391
0,1,0.5648816032049286
0,0,0.4745730029068706
0,0,0.4388430071373711
0,0,0.4771770610143914
0,0,0.4869931792758067
0,1,0.501938500829843
1,0,0.3644049978770903
0,1,0.5157816053061955
0,0,0.48013501928190694
0,0,0.4947903843858556
0,0,0.38208722333305595
0,1,0.5091738199157244
0,0,0.4917772637392685
0,0,0.4774953101956404
0,0,0.43415328511042406
0,1,0.5526559817227611
0,0,0.48518285854761656
0,1,0.5569663961539983
0,0,0.4770975928254203
0,0,0.4932526279046273
0,0,0.43839366295094406
1,1,0.5079202352139804
0,0,0.4968197668312837
0,0,0.4752666011282761
0,0,0.4067946590177669
0,0,0.4200919950623192
0,0,0.3866789026143778
0,1,0.5064072722902035
0,0,0.46802508115090946
0,0,0.4731062522325321
0,1,0.581317179963872
0,0,0.4953266453844612
0,0,0.4446741341967083
0,1,0.5370598135261004
0,1,0.5392776171555357
0,1,0.5193185753723519
0,1,0.5179441450728056
1,0,0.45371328365120095
0,0,0.41346493528826883
0,0,0.3193446237423287
1,1,0.5089151368105121
0,0,0.4225017036759192
0,1,0.5454004189169992
0,0,0.3565592334558441
0,0,0.44760754331804287
1,1,0.53832547329239
0,1,0.5127039436451246
0,0,0.49404947246121833
0,1,0.5181822279296163
0,0,0.4806338466246576
0,0,0.38256787075219234
0,1,0.5020637020116453
0,1,0.5020183413903883
0,1,0.5047958997092258
1,0,0.46149965442066765
0,0,0.46091268838967686
0,1,0.5138011885537191
0,1,0.5560759068505393
0,0,0.40877570551310866
0,0,0.3431298470286799
0,0,0.4916538971080516
0,0,0.46566583268984624
0,0,0.4740374309389617
0,1,0.5345531254759192
0,1,0.5013169723961287
0,0,0.45906761237193067
0,1,0.5589753685161067
0,0,0.49222520956118127
0,0,0.45975370911189306
0,0,0.4009866825279447
0,0,0.40110548319477624
0,0,0.48068267042988944
0,0,0.4056803744640618
0,0,0.47623538362863516
0,1,0.5548182672794958
0,0,0.48080501778563195
0,1,0.5026628446717741
0,1,0.5578021095438469
0,0,0.44091263958087556
1,1,0.5040436364354239
0,1,0.5261776874432538
0,0,0.45857693727734644
1,1,0.5683723310525056
0,1,0.5000124059925567
0,1,0.5411592596962094
0,1,0.5241480072455863
0,1,0.5014511441856184
0,0,0.41805159286149485
0,0,0.4843463027719517
0,1,0.5114955946491103
0,0,0.3374563807567759
0,0,0.428225052778361
0,0,0.3504577984401109
0,1,0.5310261726694394
0,1,0.5358858978857438
0,0,0.46378812085423177
1,1,0.5378572227412564
0,1,0.5447027356293394
0,1,0.5269712161910938
0,1,0.5142512218078377
0,1,0.5111403540608426
0,1,0.5246328650773635
0,0,0.42324139167164476
0,1,0.5164694574116453
0,1,0.5297604823305379
0,1,0.560053571857022
0,0,0.4967967318798063
0,0,0.4906678280288173
0,0,0.42894561002172876
1,1,0.5455906733404974
0,0,0.46767827414308
1,1,0.521913826842657
0,1,0.5250247863546418
0,0,0.4333065994989643
0,1,0.5550121883082677
0,0,0.45626535491769027
0,0,0.46478257005677936
0,0,0.43184886951891355
0,0,0.4568574055338499
0,1,0.5052147767131134
0,0,0.4404675245520984
0,0,0.4597219552196604
0,1,0.5202178188402545
0,0,0.42673824291308454
0,0,0.48699039782120607
0,1,0.5844210099955063
0,0,0.49248500907567805
0,1,0.5016995929288613
0,0,0.4514061731708808
0,1,0.5544723913146009
0,0,0.4796649295588904
0,0,0.4410835706374646
0,0,0.3698687582083101
0,1,0.5343100695266069
1,0,0.49829349489204566
0,0,0.40234053125932384
0,1,0.5158933483023627
0,1,0.5574369394980504
0,0,0.49854011470717885
0,0,0.4918608217764152
0,1,0.5162617084884772
0,0,0.4787792859129002
0,0,0.42455415042587447
0,0,0.38320840503939124
0,1,0.5496664319649367
0,0,0.44851990916348716
0,1,0.5913744511856782
0,1,0.5402159435280893
0,1,0.5535576750836756
0,0,0.47743427535371347
0,0,0.3896092639291364
1,1,0.5445870599258665
0,0,0.4042975741556391
0,0,0.48090858845386675
0,0,0.45513850721774746
0,0,0.49990501624591255
0,1,0.5282878598997359
0,0,0.47134485688312777
0,0,0.41556215530406954
0,0,0.48743827005982204
0,1,0.5287473228560209
0,1,0.5587663008954836
0,0,0.4824832027185089
0,1,0.5242724339582917
0,0,0.3346152799800766
0,0,0.4543648494770583
0,1,0.5409333294463318
0,1,0.6079267545090322
0,0,0.49005928585588016
0,0,0.41132701748510064
0,1,0.5721681872372689
0,1,0.5147557634090691
0,0,0.47372000889509075
0,0,0.4510690893097567
0,0,0.4280409777137293
0,1,0.5332651814145941
0,1,0.5532167148430253
0,0,0.461663343878822
1,1,0.5326180430668155
0,0,0.47745237071952645
0,0,0.46520375570800304
0,0,0.49105724093767
1,1,0.5064655040347157
0,0,0.4074041536647339
0,0,0.4890711797724911
0,0,0.4917636994763452
0,0,0.44848255371647766
0,0,0.46465492617845044
0,0,0.4465986540703905
0,0,0.4478157943533433
0,0,0.4398356976190865
1,0,0.342645172348695
1,1,0.518609145313897
0,0,0.4337081458835884
0,0,0.41334058306495564
0,1,0.5284661190611533
0,0,0.4994412660738962
0,0,0.4725352423448046
0,0,0.4500824292562964
0,0,0.3612111556339255
0,0,0.4641243827997855
0,1,0.5382219274153676
0,0,0.43931481962075103
0,0,0.4314370356486911
0,0,0.46268936854158427
1,1,0.5031415846270246
0,1,0.5566254642110843
0,1,0.520949118156214
0,0,0.46736256911623947
0,0,0.3572930811766033
1,1,0.6121364794302377
0,0,0.43350277892839073
0,0,0.47860436489911573
0,1,0.5054300118417546
0,1,0.515152484347925
0,1,0.5011955516591017
0,1,0.5350836426247693
0,1,0.5075507750903894
0,0,0.4508582730992671
0,1,0.5572990802883029
0,1,0.5061890830041705
0,0,0.36507001329719574
0,1,0.5889559291854992
0,0,0.3805974596438023
0,1,0.5977933396148439
0,0,0.4542440538477224
0,1,0.5664260468641227
0,1,0.5527536400299844
0,1,0.5063114337556457
0,0,0.40622322984105347
1,1,0.5409633822842237
0,1,0.5721329072874913
0,0,0.36763821049468454
0,0,0.4860952003352857
0,0,0.42684665077390166
0,0,0.4739523246993225
0,0,0.46293353783917957
0,0,0.4766848437598011
0,0,0.44593343896483284
1,1,0.5433614654136317
0,0,0.46730664156759544
0,0,0.4745477531376104
1,1,0.5756144115738214
0,1,0.5272770378138795
0,1,0.593701593253667
0,0,0.49434042242244436
0,0,0.47615349841537835
0,0,0.43112269290243577
0,1,0.5056075897581088
0,1,0.5739764068815201
0,1,0.5346825164651579
0,1,0.5295838825912619
0,0,0.45324206348770724
0,0,0.3312579442813762
1,1,0.5326713400436396
1,0,0.48676706683714066
0,1,0.5099242689490843
0,1,0.5063869394159886
0,0,0.35298495492680226
0,1,0.5509627171730538
0,1,0.5471099752979927
0,0,0.4218612325550735
0,0,0.3938522520706652
0,1,0.5423316878692227
0,0,0.4974789232591825
0,0,0.40455403444571814
0,0,0.4445841352273269
0,1,0.5683847959750395
0,0,0.47337071139528797
0,0,0.49463447745478517
1,0,0.4171676125636538
0,1,0.5519376521348957
0,0,0.4434626299324405
0,0,0.4828047365661547
0,0,0.4233913743263761
0,0,0.47618009871961836
0,1,0.6329939478102885
0,0,0.44985240077740163
1,1,0.5971590905872669
0,0,0.4359870739550409
0,0,0.3966565242975978
1,1,0.5573809142777509
1,1,0.5700152367645273
0,0,0.3989795504734472
0,1,0.5238011314229076
1,0,0.48653909830085984
0,0,0.42284032906745644
0,1,0.5762657768201955
0,0,0.45573670218941637
0,0,0.46525035800551173
0,0,0.46905875298058014
0,0,0.4918073099443862
0,0,0.488171670358323
0,1,0.5020084653067349
0,1,0.5313612622483734
0,1,0.5359910335623248
0,1,0.548444127334108
0,0,0.4700778453745695
0,0,0.49768086069199813
1,1,0.5932600311068115
0,0,0.4911261451305385
0,0,0.3960435304049322
1,0,0.4920940645086253
0,0,0.48676518353821435
0,0,0.4627115601670841
0,0,0.4842379953109471
0,0,0.490626587438837
1,0,0.44603517537348686
1,0,0.47773811000045485
0,0,0.39557322758939895
0,1,0.5465846527465394
0,0,0.41288910474559254
0,1,0.5165765409940765
0,0,0.37387949987356917
0,0,0.47473594243660117
0,1,0.5543109815613293
0,1,0.53075219734423
0,0,0.3469020638671054
0,0,0.4342595255376353
0,0,0.45895248685935924
0,1,0.5167902142363549
0,0,0.41016344376530584
0,1,0.5728483499373733
0,0,0.41737458907315605
0,0,0.40777509279638524
0,0,0.4218757475493392
0,0,0.4509322415473862
0,0,0.4022635523413619
1,0,0.45998506537843925
0,0,0.4427789779423628
0,0,0.39498346857507166
0,0,0.3999173479854053
0,0,0.4826788438756301
0,0,0.45355652404621694
0,0,0.4765903707917898
0,0,0.4988074058624124
0,0,0.4799583774138963
0,1,0.5081349176360398
1,1,0.5353597937846059
0,1,0.5267796324947895
0,1,0.5492915967063589
0,1,0.5636353845637813
0,1,0.5158596978832847
0,1,0.5752935249983673
0,0,0.4960129217544892
0,1,0.5242020981869244
0,0,0.4694064565134443
0,1,0.5453688869381188
0,1,0.536672915167002
1,0,0.38146043797194024
0,0,0.4552548517181571
0,1,0.5168819517347453
0,0,0.4131436908514766
0,0,0.4522094628633735
1,0,0.4981227359114566
0,0,0.4376122108030661
0,1,0.5218160430376068
0,0,0.43188328285033445
0,0,0.433876652733787
0,1,0.5707444987152932
0,1,0.5895692304117012
0,0,0.4769740494390399
0,0,0.45747034080977206
0,1,0.5410494468545121
0,0,0.44525542756599557
0,0,0.38846440915664376
0,1,0.5386954985829777
0,1,0.541339392664952
0,1,0.6061940445457376
0,1,0.5003439113646018
0,0,0.493892031487553
0,1,0.5057255338147628
0,1,0.5238795016456232
0,0,0.449638322295454
0,0,0.37602343515308073
0,1,0.5300279272226086
0,0,0.4255567584391375
0,0,0.44542222471483284
0,0,0.49520991913549545
0,1,0.5433969404549196
1,1,0.510635584762469
0,1,0.5451997800147441
0,0,0.4907181070089489
0,0,0.39658583155496935
0,0,0.46817233294517663
0,0,0.4558130001084635
0,0,0.4150009687387165
1,1,0.5183883444720115
0,0,0.3875923203809948
1,1,0.5682076571927251
0,1,0.516563298334494
0,0,0.39915157671242857
0,0,0.44595241863278745
0,1,0.550531028585801
0,1,0.551987947590328
0,0,0.466312650573526
0,0,0.39408985378706285
0,1,0.5253971113441982
1,1,0.62390229844887
0,0,0.38857302635989044
1,1,0.5552933374208193
0,1,0.5192250993496144
0,0,0.4943704904650145
0,0,0.382132699848277
0,0,0.4714375474030199
0,0,0.406468073399895
0,1,0.5438992460103027
0,0,0.3694306313826262
0,0,0.4818192567784154
0,0,0.4429864163404173
0,1,0.5515386195750857
0,1,0.5033041265718582
0,0,0.4393216012957044
0,1,0.5071443583906958
0,0,0.44835691145864187
0,1,0.6324201057182371
0,1,0.5031817423903788
0,0,0.4011612760216583
0,0,0.42402017491600874
0,0,0.4380753133813864
0,0,0.4160182559421457
0,0,0.37208084838795935
0,0,0.44815820870355205
0,0,0.38467383912260034
0,0,0.3859298371482994
0,0,0.3931339349343787
1,1,0.519478583759595
1,1,0.5348662888274898
0,1,0.5184288196365321
1,1,0.5392687919605355
0,0,0.4352450651696056
0,1,0.5301146735806743
0,0,0.4727389722186861
0,0,0.4855197561708336
0,1,0.5293703121156212
0,0,0.4919926238542052
0,1,0.5036623804201164
0,1,0.5531103826501167
0,0,0.4964615589788399
0,1,0.5273639554790932
1,1,0.5154107070081035
0,1,0.6161923697681734
0,0,0.44020545536990485
1,1,0.5269314810108497
0,1,0.5455340637756256
1,0,0.4781015605300052
0,1,0.501728312854724
0,0,0.4764250314545631
0,0,0.4289877255082786
0,0,0.4500314190200207
0,0,0.36889063409666867
0,1,0.536076918696596
0,1,0.546486891632844
0,0,0.37726045678359227
0,1,0.5425531561236244
1,1,0.5864505946920886
0,0,0.46048321001972053
0,1,0.5507396569735115
0,0,0.3791569862346222
0,0,0.49895487244917464
0,1,0.5050676925279967
0,1,0.5486187747824289
1,0,0.4024530255687345
0,1,0.5416354539482693
0,1,0.5498056366134861
0,1,0.5394374745390609
0,0,0.4607454723045405
0,0,0.4756389301758447
0,0,0.4710758646238526
1,1,0.520425875742058
0,0,0.46779321652100825
0,0,0.4788647009029143
0,0,0.3911447326169275
0,0,0.47558385139076365
0,0,0.4474645024389059
0,1,0.5258589334012295
0,0,0.4529174315922866
1,0,0.39666325337300806
0,1,0.5822052699527752
0,1,0.509476840374168
0,0,0.43824752068625406
0,1,0.5080447620259221
0,0,0.4454555051593934
0,0,0.45429430308322927
0,0,0.4841735145733339
1,0,0.41848398992222546
0,1,0.5206285563503957
0,0,0.46134366277279126
0,0,0.39719994281854476
0,1,0.5586672311483872
0,1,0.5451913475988959
0,0,0.42418193796316034
0,1,0.5638833206306562
0,1,0.5581385264598182
1,1,0.5788088503553674
0,0,0.48082324772730745
0,1,0.523363350420622
0,0,0.3954646599499105
0,0,0.47391695555077684
0,1,0.5814166392289392
0,0,0.4132748176157247
1,1,0.5073259442406087
0,1,0.5582737721982736
0,0,0.48711133198129014
0,0,0.4588314927741941
0,0,0.47790210161751107
0,1,0.5013084166141314
0,0,0.4756349340870085
0,1,0.5286409465236667
0,0,0.49668405587332687
0,0,0.38550641219694043
0,1,0.5172927404863863
0,0,0.46833412907579886
0,0,0.48597319127481
0,1,0.5175740236970796
0,1,0.5073909397042828
0,1,0.5477056394499041
0,0,0.49528077362829476
0,1,0.5185740377267118
0,1,0.5909858291468989
0,1,0.5199876209662069
0,0,0.49761761768666085
0,0,0.45702965713723587
0,0,0.49689630786012545
1,0,0.43933330370617724
0,1,0.5755146219982987
0,1,0.5440667566926348
0,0,0.36268178640492854
0,0,0.4478390262504432
1,1,0.5802301161432779
0,0,0.4523582769831691
0,0,0.46710161229975006
0,0,0.47287251446546064
0,0,0.3552702016336997
0,1,0.5092821939307167
0,1,0.5275588524555985
0,1,0.5929502692492248
0,1,0.6075201575029792
1,0,0.45401407869779115
0,0,0.48613592746629336
0,0,0.3951392684698577
0,1,0.5049244019779084
0,0,0.46100292552581507
0,0,0.4515104458507529
0,1,0.5114617725283627
0,0,0.4080519488011541
1,1,0.6167323700469397
0,1,0.5899683053531968
0,0,0.4221589444397218
0,0,0.4601254078159958
0,1,0.5634533428180756
0,1,0.5201936092917852
0,0,0.3482156509987355
0,0,0.4927478545882947
0,1,0.56736146184328
0,0,0.3633298459340303
0,1,0.5542250034407133
0,0,0.46353903409605096
1,1,0.6282922926014546
0,0,0.360398719159873
0,0,0.47195589245140773
0,0,0.4454181115059612
0,1,0.5215875503076548
0,1,0.5195921943988249
0,0,0.4673665989369378
0,0,0.3246869580919109
0,0,0.4820843668001883
0,0,0.47780115621050334
0,0,0.4109661857597364
0,1,0.5729466342764162
0,1,0.5335915332943891
1,0,0.47952306892767455
0,1,0.606422346289317
1,0,0.4794091383022845
0,0,0.4442095195075359
0,1,0.5119768518008971
0,0,0.4262063262681382
1,0,0.4799992624033098
0,0,0.48821459052620136
0,1,0.5590220239697462
0,0,0.425775342392948
1,1,0.5357858626574058
0,0,0.4599081178452438
0,0,0.4416286598394145
0,1,0.5026060725794281
0,1,0.5448747457972511
0,0,0.4648940932744805
0,1,0.5187399393049086
0,1,0.5404811597785649
0,0,0.4531213081229737
0,0,0.4402109396086227
0,0,0.4538538152253133
0,0,0.43123299196343834
0,1,0.513254787849545
0,1,0.5623950057417865
0,0,0.39137456540012044
0,1,0.59412093504478
0,0,0.48441596278068855
0,0,0.4471425569806795
1,1,0.5656761139899222
0,0,0.43843739111739116
0,0,0.3520861632540084
0,0,0.42689433114026054
0,0,0.420286726081959
0,1,0.5122064607185499
0,0,0.469637533450653
1,0,0.4670338699573422
0,1,0.5312633887880175
0,1,0.5549801118443799
0,1,0.5223757459602669
0,1,0.5258862518544932
1,1,0.5074020576206681
0,0,0.40135811261725357
0,1,0.5163744991949831
0,0,0.39604302752853543
0,1,0.5378652568397325
0,1,0.5330652677247624
0,1,0.5617139299564481
0,1,0.5804864086676406
0,0,0.4511037477933678
1,0,0.49254593491171067
0,1,0.5361814332638066
0,1,0.5663302890018739
0,0,0.3203641976268406
0,0,0.49854181865197517
1,1,0.512080997345166
1,1,0.652325724853227
0,0,0.3882898898824688
0,1,0.5284284699801902
0,0,0.4025333829026719
0,1,0.5081772823640522
0,1,0.5142448864894988
0,1,0.5352525068062227
0,1,0.5165406662292089
0,0,0.36452191579285936
0,0,0.43866397280163133
0,1,0.5636824940106969
0,1,0.5252566842264849
0,0,0.4326913212719734
0,0,0.4231988122395042
1,1,0.5941602630685414
1,0,0.4743263049998943
0,0,0.43686805221736125
0,0,0.4890117139784933
1,1,0.5990900530375347
0,0,0.47775324896836324
0,0,0.4985948894618995
1,1,0.5850056284169205
0,0,0.39864024210416077
0,0,0.49898837402431645
1,1,0.6068684523911604
0,1,0.5193918207148862
0,1,0.5090550739973687
0,1,0.510461183372305
0,1,0.5183410536425723
0,0,0.45492488031619066
0,0,0.4572745205960842
0,1,0.5625962107507422
0,0,0.4935918827212362
0,0,0.4334643264613415
0,1,0.5722678157440125
1,1,0.5806781832768138
0,0,0.3771386121474446
0,1,0.5230212232495195
0,1,0.5076062539152323
0,0,0.4685558262092897
0,1,0.5166331725688417
0,0,0.47135566038637244
0,1,0.5879145601111866
0,0,0.43822916227156794
0,0,0.3863383261030786
0,0,0.4151506740538864
0,1,0.5096603485894097
0,1,0.5050934530107375
0,0,0.4247137718972794
0,0,0.43173518815172557
1,1,0.5635525686247198
0,1,0.5370735378917845
1,0,0.4654116478278034
0,0,0.47352534339822827
0,0,0.37486826345567387
1,1,0.6397669009611905
0,0,0.373632041600166
0,0,0.4527268408082623
0,1,0.5300971209809737
0,1,0.5512213892242156
0,1,0.5126880286458676
0,0,0.4268487905244671
0,0,0.4801715818753308
0,1,0.541603882306513
0,0,0.4390541637316301
1,1,0.6128119893131887
0,0,0.43848998495828495
0,0,0.4687242830969035
0,0,0.44692188889872836
0,1,0.5502369001331069
0,1,0.5131850038033999
0,0,0.394728285927607
0,1,0.6275206774691346
0,0,0.4252118455129223
0,1,0.5281589754662498
0,1,0.5164049749398263
0,1,0.5620666011529278
0,0,0.4456586664143717
0,1,0.5373533970487064
0,1,0.6006604173300901
0,0,0.46670548298241216
0,1,0.5260565321646558
0,0,0.48972714238850074
0,1,0.5423973423571976
0,0,0.3663044225073046
0,0,0.34970325475794367
0,0,0.3782549929261031
1,1,0.5566435184509341
0,0,0.3955194680572551
0,1,0.5191337105736655
0,0,0.43723801289055964
0,0,0.44534728041929045
0,0,0.47440473770846237
0,0,0.3920117761953885
1,0,0.4915639183954644
0,0,0.4990828531843971
0,1,0.5116875221657547
0,0,0.4024633091385676
0,0,0.37837908137028536
0,0,0.4398034733399795
0,1,0.5445620161286115
0,1,0.5580558404577446
0,0,0.4983156451878965
0,0,0.4727635878509689
0,0,0.43916591668175975
1,0,0.4650193851265616
0,0,0.47522530745751834
0,0,0.40696674040063796
0,1,0.5006320122508148
0,1,0.5922167851679607
0,0,0.49550158308007825
0,1,0.5279221746644724
0,1,0.5124531585207693
1,0,0.4769318088145261
0,0,0.4447115235135772
0,1,0.523372589701076
0,0,0.43719664623224475
0,1,0.5154351603051264
0,1,0.5181480265382139
1,1,0.5589132208701372
0,0,0.44187928817873073
0,0,0.4131581174918542
0,0,0.3984282471970403
0,0,0.3938931090752662
0,1,0.511358076624321
0,1,0.503180229635748
0,1,0.5566535594004952
0,0,0.4392176017045516
0,0,0.4095605980407784
0,0,0.46390126267955645
0,1,0.5492414716135646
1,1,0.5019402198440637
0,0,0.4653178804997413
0,0,0.4565967495603324
0,0,0.463102417444371
1,1,0.597996092169259
0,0,0.47742680365835094
0,0,0.4638767387900237
0,0,0.3804419947876102
0,0,0.39929357400790855
0,1,0.5579571902312391
0,0,0.4887549357046699
0,0,0.4333241334750349
0,1,0.589587325700866
0,0,0.3545529820142217
0,1,0.5413585533899838
0,1,0.5354426456536708
0,1,0.5223899062170624
0,0,0.39151250028035706
0,0,0.498949824783411
0,0,0.4716421150541417
0,1,0.5328820026113583
0,0,0.4718779549515888
0,0,0.3688921136921671
0,0,0.46410584860416976
0,0,0.4442880043674469
0,0,0.4219942827535306
0,1,0.5368942534268816
0,1,0.5057116247270621
1,0,0.4486597142593696
0,0,0.47482108988288124
0,1,0.5507379269913641
0,0,0.46127199328051105
0,0,0.31186372149672914
0,0,0.4947556338334461
0,0,0.45940435668587065
0,0,0.3762884361149162
0,0,0.38521377716976707
0,0,0.3514507360294671
0,0,0.38099318909108554
0,0,0.4595180472843797
0,0,0.40450464583389334
0,0,0.47810819565273627
0,0,0.43020054680982234
0,0,0.39519773525414065
0,0,0.40599861381396835
0,0,0.4722039376834082
1,1,0.5676928257260733
0,1,0.5601924926155888
0,0,0.37830179973797806
0,0,0.40223076778963723
0,1,0.5523717061023727
0,0,0.49820582269000463
1,1,0.5027537508029236
0,1,0.6301201698218201
1,0,0.4445253496945938
0,1,0.6017696470153767
1,0,0.4878971925494276
0,0,0.4839822653121133
0,0,0.43172151407272735
0,0,0.4551678882454035
0,0,0.3753000397812443
1,1,0.5276902221436169
0,1,0.5184077182428776
0,0,0.34730661196274526
0,1,0.5044094862614458
0,1,0.557567561170254
0,0,0.46847660920722867
0,0,0.4158447898103976
0,0,0.40246116715686
0,0,0.4228745705004653
0,0,0.41787538287951037
0,1,0.5346457113230607
0,0,0.47416673568628215
0,1,0.5289037377903019
0,1,0.5105360559426728
0,0,0.448391646958442
1,0,0.47233460926017723
1,0,0.498074374513205
1,1,0.5070391284428147
0,0,0.44467378831494114
0,0,0.44410339009025945
0,0,0.44603749084613376
0,0,0.45870337596262034
0,1,0.5822106412022812
0,1,0.6022904098341327
0,1,0.5129338442949227
1,0,0.43301957343009667
0,0,0.4861802337955141
0,0,0.4441272842786041
0,0,0.3919419796627107
0,0,0.49452761890626923
0,1,0.5197788853649954
0,0,0.41244594195540074
0,0,0.4865751939817729
1,1,0.5699606203764188
0,0,0.4246163376305951
0,1,0.5469220488257661
0,0,0.4803209110948537
0,0,0.45912819004091027
0,1,0.5149025486458898
0,0,0.4440353610793473
0,1,0.5116139463664635
0,1,0.5419102976798043
0,0,0.4578602500164499
0,0,0.3968596674005196
0,0,0.4925811120855933
0,0,0.4867893840711986
0,0,0.4992240317132475
0,0,0.40422018154573186
0,1,0.528030386714515
0,1,0.5047157981628232
0,0,0.4923904837716574
0,0,0.4010936326939581
0,1,0.5685996293653489
0,0,0.43624574868782523
0,0,0.4557313682149463
0,1,0.5449875553257675
0,0,0.4678455494412269
0,1,0.5099593637399407
0,0,0.4415106279537698
0,0,0.4467504213286999
0,0,0.44636668483609965
1,0,0.43463994386321325
0,0,0.4087118719715739
0,0,0.36679331242355884
0,0,0.42931874969274547
0,0,0.49626118757883575
0,0,0.48064375770215145
0,0,0.478064956233016
0,0,0.4753967367627785
0,0,0.4255145366192933
0,0,0.4717408444046621
0,0,0.4403505969195877
1,1,0.5542787545494346
0,0,0.47181963038721003
0,1,0.5688028622773074
1,0,0.3911633357374314
1,1,0.642135018839415
0,0,0.37656356245827277
0,1,0.5034741722761632
0,0,0.47418287416722565
0,0,0.4632429504950042
0,1,0.5797988979915485
0,1,0.5187713892394349
0,0,0.4434639239086578
0,0,0.4376295081533452
0,0,0.4517949642548988
0,0,0.39831457688632177
0,1,0.5382336219777858
0,0,0.4418878384327509
0,0,0.4687184747719491
1,1,0.6299204964767896
0,0,0.45427560156570457
0,0,0.42648400309152146
0,0,0.46114458763503857
0,0,0.3858323060301816
1,1,0.6183463038301733
0,1,0.5185449075945203
0,0,0.4669554918795857
0,1,0.5508192647097276
0,1,0.583454213142288
0,0,0.45429822099320993
0,0,0.42897537171751937
0,0,0.4626841515349749
0,0,0.4181067079993652
0,0,0.3972340759195175
0,0,0.4637711839911403
0,0,0.4095699628369422
0,0,0.45400072155278565
0,0,0.4938959997616083
0,0,0.4324282849146001
0,1,0.5666989114243866
0,0,0.47699737900080935
1,1,0.5913851836948526
0,0,0.441291095243834
1,1,0.5023289725986451
1,1,0.5168622546996798
0,0,0.42303121947378597
0,0,0.4688154202648807
0,1,0.5164186400381179
0,0,0.4360286476417331
0,0,0.46129174229620445
0,0,0.4519164613654836
0,0,0.49120331258306776
0,0,0.4675176628715834
0,0,0.3821799461965185
0,0,0.4555015341838585
0,0,0.40276865278017054
0,0,0.39100266986720045
0,1,0.5672816359388415
0,1,0.5550534297913738
0,1,0.5190887473248577
0,0,0.3497939547707527
0,1,0.5243757916058692
0,0,0.42124201986480464
0,1,0.5361816446569864
0,0,0.4730194543198827
0,1,0.5092395707205105
0,0,0.4975023127215443
0,1,0.5387615099463169
0,0,0.44945361924190813
0,0,0.4229244777604385
0,1,0.587094458633305
0,0,0.470868037572668
0,0,0.4818600382577643
0,0,0.3690214012370084
0,1,0.5351154807273865
0,0,0.4109596127577695
0,0,0.49543961051555724
0,0,0.4020766796499635
0,0,0.47616534234757885
0,0,0.4044430884706944
0,1,0.509194838247787
0,0,0.4153257566721489
1,1,0.5073054672917288
0,0,0.3820576941941313
0,0,0.39115758771195686
0,0,0.4332803732207888
1,1,0.5741133102032632
0,1,0.5154271878554291
0,1,0.5365351699726999
0,1,0.5467742368566575
0,1,0.5971894635381203
0,1,0.5175834870687934
0,0,0.43171305329323234
0,1,0.5204283895237887
0,1,0.5150930495005679
0,1,0.579183419506263
0,0,0.482016772253874
0,1,0.5384948462892845
0,0,0.3773564318765335
1,1,0.6056729621800275
0,1,0.5526217552144189
0,0,0.4018850484365637
0,1,0.5263216918153855
0,0,0.4970796923472893
1,1,0.6062777041638394
1,1,0.5144707383845715
0,0,0.4933050558871045
1,1,0.5660314147984964
0,0,0.4383810099038943
0,0,0.47643996423790597
0,1,0.5250704122641578
0,0,0.43106344941902913
0,0,0.3907989472891124
0,0,0.41529832580814646
0,0,0.36371560651682067
0,1,0.5064504240459103
0,0,0.46700272547109334
0,1,0.5065133430234822
0,0,0.4813153690252191
0,1,0.6460488234952971
1,0,0.43521086037410894
0,0,0.4976542809318205
0,0,0.3631180344885036
0,0,0.42796635987600695
0,0,0.49466229485294266
0,0,0.4809245948062531
0,0,0.4559183207293981
0,1,0.5460122997586075
0,1,0.5299184435417156
0,0,0.45099374800342057
0,0,0.4572646430355162
1,0,0.42147842665174695
0,1,0.516050365827249
0,1,0.5060049386368977
0,0,0.4252726514824478
0,0,0.4237117604732164
0,1,0.519091409668559
0,0,0.4129641403993405
0,0,0.4627240739770581
0,0,0.3743040677401856
1,1,0.6253867835001374
0,0,0.44270235547921094
1,1,0.5905240424573189
0,0,0.48644345184381493
0,1,0.5129831013855837
0,0,0.49490807583650176
0,0,0.45437646556306027
0,0,0.3916232435457763
0,1,0.5351110279487147
0,0,0.48617378615964507
0,0,0.4394742005412724
0,1,0.5201316155049683
0,0,0.431891231991716
0,0,0.454679883071459
0,0,0.43566237114483497
0,0,0.3990301924653009
1,0,0.48836551739660694
0,1,0.5236661908361052
0,1,0.5509244975956268
0,1,0.5070816306658176
0,0,0.4667763270853132
0,0,0.49311570243437
1,0,0.4968484749405117
0,0,0.4870965207012082
0,0,0.44434541619289264
0,0,0.42128989386042315
0,0,0.44599100314369466
0,0,0.4110256009276152
0,1,0.523090654997749
0,1,0.5292743008087384
0,1,0.5968980766719161
0,0,0.46091262316382997
0,0,0.4101139788989164
0,1,0.559828443876059
0,0,0.4077032804503455
0,0,0.3567284318206947
0,0,0.4474424700562004
0,1,0.5135209444294451
0,1,0.5890573079952709
0,0,0.37834836973219454
0,0,0.4980305732093426
0,1,0.5596714314960929
0,0,0.3549714050445996
0,1,0.5395226353778382
0,0,0.3759312198475492
1,1,0.5119450045750306
0,0,0.43307964582236846
0,0,0.4750783933109093
0,1,0.5886701203499914
0,1,0.5375232326967434
0,0,0.3869684332192254
0,0,0.45539205439087566
0,1,0.5860192227883808
0,0,0.47730211128580896
0,0,0.4320918426073201
0,0,0.4400690665179503
0,0,0.41267511022762093
0,0,0.4750199618572513
1,0,0.43413193401225425
0,0,0.39106880978902814
0,1,0.5313547810252922
0,0,0.40235629786459254
0,0,0.46919887579666836
0,1,0.6123359853450652
0,0,0.37421173092184185
0,0,0.407570530713598
0,1,0.500445630055727
0,0,0.4896958895307422
0,1,0.5644605627053378
0,1,0.567672289242854
0,1,0.5533109821835142
0,1,0.5106530793397848
0,1,0.5272369245939718
0,1,0.544667136685161
0,1,0.5223837577221588
0,0,0.42396647922665104
0,0,0.45825970523420984
1,0,0.47465497628693293
0,0,0.3947232593669909
0,1,0.5902617066970772
0,0,0.4909240286539683
0,0,0.42388031351979477
0,0,0.3550495106133144
0,1,0.5273554493983059
0,1,0.5138497759162937
0,1,0.5038454963348608
1,1,0.5726764072353437
0,1,0.5737664907198073
1,1,0.6009191515031167
0,1,0.5786957883164634
0,0,0.38158218615355544
0,0,0.386357746237884
0,0,0.44673810853322116
0,1,0.5187916284804156
0,0,0.4250636764558278
0,1,0.5228483080898029
0,0,0.47171769619357123
1,1,0.5022843657354467
1,0,0.47422901373124704
0,0,0.4899080759333652
0,0,0.40389126174136236
0,0,0.3671009747187376
0,0,0.4279382764081112
0,1,0.535006616737077
0,0,0.48667060524507755
0,1,0.522739831294407
0,0,0.48780120575351005
0,0,0.4864199017406673
1,1,0.5486780419562561
0,0,0.4419886571117758
0,0,0.4139287022085147
0,1,0.5049402538196947
0,0,0.4430922837873096
0,0,0.4565100478798256
0,1,0.5781284430547884
0,0,0.46481162912579777
0,1,0.5455696987952067
0,0,0.41040963424873184
0,0,0.4267974148155321
0,0,0.42227101564655894
0,0,0.47623467043085876
1,1,0.5012426907989146
0,0,0.4961042568959402
0,0,0.3956322042484696
0,1,0.547054200040311
0,1,0.51652671404058
0,0,0.4326297118160344
0,0,0.3929269038437113
0,0,0.38908257141326275
1,1,0.5200722550233224
0,1,0.5042690191979095
0,1,0.5107920153788497
0,0,0.38860520110640534
0,0,0.3818323165517028
0,0,0.4686025793169171
0,1,0.5363597415742606
0,1,0.5243708927304839
1,1,0.6346578350858523
0,1,0.5944099521981475
0,0,0.46666188984523926
0,0,0.4705096865100974
0,1,0.525678194048561
0,1,0.606976759027247
0,0,0.48093427189402893
0,0,0.4579641968201522
0,0,0.4133625693609025
1,1,0.5068372291248788
0,1,0.5484952577421268
1,0,0.48765233706288164
0,1,0.521060226588816
1,1,0.5716065453769527
0,0,0.44190981410637364
0,1,0.621048207936798
0,1,0.5052631142634608
0,0,0.4668046074074245
0,0,0.4676954648775385
0,1,0.5744490637695726
0,0,0.49402696011780556
0,1,0.5261227690148926
0,1,0.5375432062886002
0,0,0.3706827972070322
0,0,0.4751094995322916
0,0,0.46592411169430015
0,0,0.48170190552955977
0,0,0.4796500856170083
0,0,0.3932814513795783
0,0,0.3974993180224297
0,0,0.36698180193641194
0,0,0.3861588977673426
0,0,0.44423736542059983
0,0,0.42307646126244935
0,1,0.5477768046442474
0,1,0.5294660206377242
1,0,0.498720960205868
1,0,0.43726433551467236
0,1,0.5147709058431514
0,0,0.4719081692014369
1,0,0.4854608166631197
1,1,0.5239122816144979
0,0,0.4086237473333971
0,0,0.43311011207010386
0,0,0.4765795422307043
0,0,0.40860349862252116
0,0,0.48746608926532625
0,0,0.39772795838864583
0,1,0.517210201443743
0,0,0.40715836864970645
0,0,0.4803762010125221
0,1,0.5528677846262812
0,1,0.5318211782461897
0,1,0.5711796577439633
0,0,0.4486421594203277
0,1,0.5388193402450416
0,0,0.4190678014021858
0,1,0.54036627763336
0,0,0.4599894323657246
1,1,0.5766646827898015
0,0,0.40751279390717715
0,1,0.5835363456684779
0,0,0.4785398780346897
0,1,0.5888151083221065
0,0,0.4575826638900461
0,0,0.362250725076608
0,0,0.40767613292056537
0,0,0.39599196671325115
0,0,0.3894267795785247
0,0,0.4193313826557933
0,0,0.44855293545497305
1,1,0.5011274581687468
0,0,0.4924732084849888
0,0,0.4624680917600042
0,0,0.44415542066488106
0,0,0.46240180599224606
0,0,0.45284107177980687
0,1,0.5256162317860471
0,1,0.5371276398831406
0,0,0.36394634283422506
0,1,0.5069428953145612
1,0,0.3678114707300309
0,0,0.48195155416335117
0,0,0.4525447565285969
0,0,0.4743970679292484
0,0,0.46384357250503633
0,1,0.524728716262545
1,1,0.5107594980216397
0,1,0.5493235020433919
0,0,0.4630181102295964
0,0,0.47739488515315437
0,0,0.4884164198163827
0,0,0.4180124684983839
0,0,0.49789944430909405
0,0,0.3689848997366195
0,1,0.546003129641796
0,1,0.5879074404722214
0,0,0.4540711439844808
0,1,0.5176796485341115
0,1,0.5573630360094995
0,1,0.503074604914072
0,1,0.5048694623922791
0,1,0.526033006356156
0,1,0.5895525714161021
0,0,0.39861663316080764
0,0,0.4764601475869922
0,0,0.37144842851141896
0,0,0.4318278915456731
0,0,0.4720548310364751
1,0,0.4002138634626069
0,0,0.44659875866538934
0,0,0.48017212728340786
0,0,0.4050338015946172
0,0,0.4167173995620307
0,0,0.49308490376187736
0,1,0.5499033263111746
0,1,0.5115337946421191
0,1,0.5324336906922446
0,1,0.5286133108619998
0,0,0.3894484267238571
0,1,0.5178274947497064
0,1,0.6085124333339182
0,0,0.44443015789451273
0,0,0.4607433715787267
0,1,0.5538107326511624
0,0,0.42026679811414774
0,0,0.4558093688392504
0,0,0.42176296366952093
0,1,0.5476818818508508
0,0,0.45839001575689364
0,0,0.43425394120244476
0,0,0.4725684183330734
0,0,0.46203056060227804
0,0,0.45611298205069956
0,1,0.589732968907363
0,1,0.5974446677722165
0,0,0.44538701736005143
0,1,0.5556176606414477
0,1,0.5489131116193294
0,0,0.4993854197547437
0,1,0.5156597427519585
0,1,0.6113667546862621
0,1,0.5041197936191846
0,0,0.34145867267844854
0,0,0.4216442698383218
0,0,0.4395077429704125
0,0,0.41079892201045753
0,0,0.48808428783537744
0,0,0.47603962430347463
0,1,0.5314576693086728
0,1,0.5343044942976105
0,0,0.4518682519949706
0,1,0.5058534539759115
0,1,0.5738261012337256
1,1,0.5771949689696051
0,1,0.5017933982997622
0,0,0.48035359056345983
0,1,0.5476843517225565
0,0,0.42137739190824774
1,0,0.44422709574249714
0,0,0.4941646874439214
0,0,0.40066316016691417
0,1,0.5201085563632607
0,1,0.5437708715014582
0,0,0.4300428608254519
0,0,0.46001472641293034
0,1,0.5752771695645541
1,1,0.5251511497199541
0,1,0.5438796902118909
0,1,0.5078969622860994
0,1,0.5052498058087256
0,0,0.39439545672288484
0,1,0.5110368900612934
0,0,0.46596023988629065
0,0,0.486764836565098
0,1,0.5808790389922465
1,1,0.5095983399547115
0,0,0.47854890586138815
0,1,0.6064420352523942
0,1,0.5004787883263816
0,1,0.5620375039078065
0,0,0.48046389782539767
0,0,0.48665128235123
0,1,0.5025612995159382
0,0,0.42098123659354125
0,0,0.4635164536549351
0,0,0.499651749390137
0,0,0.4173344964874194
0,1,0.5120680441225337
0,1,0.5231682628886138
0,0,0.43084782577395164
0,0,0.46771453917926725
0,0,0.37513452716797496
0,1,0.6067010953147023
0,0,0.4215642604598364
0,0,0.4425641408573832
0,1,0.5995348057334253
0,0,0.47632411030304556
1,1,0.5708850796818205
0,0,0.4122606777685641
0,1,0.5065655885377481
0,0,0.42443787263806704
0,1,0.5033199623905671
0,0,0.46511647299955655
0,1,0.5360916004264594
0,0,0.4554226341521192
0,1,0.5295664742385325
0,0,0.4106151815420369
0,1,0.5031928880784285
0,0,0.45254765661563545
0,1,0.5747994598727033
0,0,0.4582393459043827
0,1,0.5261861350967534
0,0,0.4686160289964796
0,0,0.40412514374757763
0,0,0.473657572505089
0,1,0.5512523326738077
0,0,0.4470277911490063
0,0,0.4892459857734337
0,1,0.5579284432473894
0,0,0.4873824523885606
0,0,0.37364648254918215
0,0,0.47068110192237866
0,0,0.3940990235174865
0,0,0.3628382305426191
0,0,0.44776893799566486
0,0,0.41467742618747827
0,0,0.38547127293583616
0,1,0.5055581038579093
0,0,0.3995386294358504
0,0,0.4230899294534373
0,0,0.4723203585573399
0,1,0.5551120164341538
1,1,0.5901090343790034
0,0,0.4135960653095513
0,1,0.5966994526617834
0,0,0.382337381117122
0,0,0.4783813856856039
0,0,0.4228949657561184
0,1,0.516926362781423
0,0,0.36305423088398764
0,0,0.4625194529906743
0,0,0.43947701446614185
0,0,0.43151678904364826
0,0,0.44478281170260575
0,0,0.3917830390651236
0,0,0.3320665249140877
0,1,0.5131876709238195
0,0,0.49116631385645754
0,0,0.49664947321326947
0,1,0.5347427623495072
1,0,0.45674968694657103
0,0,0.492935449838232
0,0,0.4797032139023626
0,0,0.4726301658851924
0,1,0.5342392009364327
0,0,0.476789530771073
0,0,0.37980670715621784
0,0,0.42804585575660503
0,0,0.347427600535858
0,1,0.5272595990508887
0,0,0.44395131373713925
0,0,0.36028214488120214
1,0,0.4905580719293981
0,0,0.4771620374557202
0,0,0.45970235188671565
1,1,0.5577433808113947
0,0,0.46337822997371164
0,0,0.4156241846713673
0,0,0.4863635825594133
0,1,0.537251441442566
0,0,0.41817172096129823
0,0,0.43573622678775953
0,0,0.43649775318580764
0,0,0.3948563780477828
1,1,0.5995166996274952
0,0,0.4295189413939001
0,0,0.475567832674242
1,0,0.45386312492550795
0,1,0.5655305422923559
0,0,0.38868902656044146
0,0,0.42050072318112897
0,0,0.4337685131278959
0,1,0.540443232479936
0,1,0.5692504346822901
0,1,0.5722943585534218
0,0,0.49368412881223805
0,0,0.47562916011392603
1,0,0.4479258200942448
1,0,0.3217912779251957
0,0,0.4544962795976027
0,0,0.47055243651304424
0,0,0.48485416620412153
1,0,0.4364871924398473
1,1,0.566353203547552
0,0,0.4046127376957552
0,1,0.5595915320409139
0,1,0.5549181913342881
0,1,0.5441910247651665
1,1,0.5927029512062899
0,0,0.41953508111403176
0,1,0.5502355887582697
0,1,0.5613618719362299
0,0,0.42051711915057927
0,0,0.2962269280584714
0,0,0.4728323799317192
0,0,0.3757720522258846
0,0,0.4516064295584541
0,0,0.4235548453490594
1,0,0.4746720579691111
0,0,0.4858526957611497
0,0,0.4382960913532817
0,0,0.4589620122381621
0,1,0.5664451463090684
0,0,0.44353026356839015
0,1,0.5341949310049311
0,1,0.5187175027618239
0,0,0.40922666664480795
0,0,0.49591933427604673
1,0,0.4865352634151015
0,1,0.5832539148276139
0,1,0.5309336989373223
0,0,0.42928974859032115
0,0,0.47043698834606607
0,1,0.5276003526757468
1,1,0.5421251831269713
0,0,0.3870380190750968
0,0,0.3855768400622655
0,0,0.463222007486884
0,0,0.4820531785345319
0,1,0.5109199215128645
0,0,0.4456055197985422
0,0,0.48803604888519714
0,1,0.5607347549691797
0,0,0.48369792791566163
0,0,0.44572381684001877
0,0,0.43285921156682766
0,0,0.4585633535737096
0,0,0.458846572720486
0,0,0.4695934303158152
0,1,0.5410888825278001
0,1,0.6060012620429448
0,1,0.5633218807531604
0,0,0.3839489820517755
0,0,0.44758285705786255
0,0,0.44625846071717085
0,0,0.4910030360070112
0,1,0.5154820403285391
0,1,0.5485989832220525
0,0,0.4125503281694937
0,0,0.4964064974275171
0,0,0.46596792666053743
0,1,0.5148858200836132
0,1,0.5177953160153504
0,0,0.3998980091443197
0,0,0.4629516932563314
0,0,0.47672732947893176
0,0,0.40446312806563717
0,1,0.5082568044219418
1,0,0.38564632128709603
0,1,0.5616658422415695
0,0,0.4563061034954153
0,1,0.6038875097169202
1,1,0.5523120886156232
0,0,0.48829184925629887
0,0,0.4331310316180245
0,0,0.47399476037302873
0,0,0.3844966719335532
0,1,0.5193372294883292
0,0,0.4885854969419532
0,0,0.38882744527440244
0,0,0.4074101777154893
0,1,0.5882614696915011
0,1,0.5442055309456794
0,0,0.3812958141724054
0,0,0.48226924406010935
0,1,0.5509458804432842
0,0,0.4997756018662736
0,1,0.5053427749542585
0,1,0.5484261849955734
0,1,0.5052367078121971
0,0,0.4494113049799959
0,1,0.5360056884039627
0,0,0.4750710725207918
0,1,0.5731683551560163
0,1,0.5391827223961987
0,0,0.4981830993097852
0,1,0.5033424839673641
0,0,0.43316158525199355
0,0,0.40481497983348597
0,0,0.48474594346678646
0,1,0.5080696664909448
0,1,0.5310082458281726
0,1,0.5361840986361779
0,1,0.5163840077261099
0,1,0.5626190236861381
0,1,0.5585378527847945
0,0,0.4848502018133252
0,1,0.5591938119904961
0,0,0.3591792453129323
0,0,0.37416214772199796
0,0,0.47734832553046047
0,0,0.4142666397742117
0,1,0.505775811293051
0,0,0.4145680247025272
0,0,0.44121684887684864
0,0,0.45929639114173576
0,0,0.4173118301684953
0,1,0.554132963100002
0,1,0.5339679915675092
0,1,0.5451873515870307
0,0,0.48435859184934293
0,0,0.46877289349304085
0,0,0.4217684663773541
0,1,0.5255528095730049
0,0,0.42977251963585744
0,0,0.4594936322878087
0,0,0.4882209170066058
0,1,0.5880197341411195
0,1,0.5094960237897153
0,0,0.481114788294181
0,0,0.37762207799716585
0,1,0.5074655225473031
0,0,0.4363048785908554
0,1,0.5814637073917536
0,1,0.5182502648099419
0,0,0.40689373637073234
1,0,0.48428324522350397
0,1,0.5501372687878795
0,0,0.48524211904188724
0,0,0.4779346997182942
0,1,0.5707544484434436
1,1,0.623612663223565
0,0,0.492621945044712
0,0,0.4069375350282389
0,0,0.47686072624740916
0,0,0.38296099939689204
0,1,0.6029771158871817
0,0,0.46149004833169305
0,0,0.35848908735512636
0,1,0.5423412065207489
0,0,0.3565958787669995
1,1,0.5693730773619596
0,0,0.4299327346214109
0,1,0.541313666196073
0,0,0.404289227354287
0,0,0.40080369245228875
0,0,0.44628099668700094
0,1,0.5825351775776466
0,0,0.4179502855156235
0,0,0.3381133512041929
0,0,0.42107790575206294
0,1,0.5938545084721014
0,0,0.3714921221617423
0,1,0.5459819433912945
0,0,0.4410527619356151
0,1,0.5374988759205612
0,0,0.4420321713638568
0,0,0.393197109610824
0,0,0.43336546364370065
0,0,0.35849841882955613
0,0,0.3513245607715778
0,1,0.525569167564764
0,1,0.5055579837834984
0,0,0.48430309510740094
0,1,0.5139735878021162
0,1,0.5332773132512658
0,1,0.5353731178386635
0,0,0.42934490505000567
0,0,0.4878355234715493
0,1,0.5320701915167841
1,0,0.45828027911469676
0,1,0.5853334155743544
0,0,0.38001398468256103
0,1,0.5717887907395255
0,0,0.41633925902950203
0,0,0.4886859252829058
0,0,0.4573420573287779
0,0,0.49376469849434407
0,0,0.46818611250541553
0,0,0.4178504700824213
1,1,0.539103806513935
0,1,0.582836245012032
0,0,0.4598303735424442
0,0,0.41822286644355455
0,1,0.5122766453161793
0,1,0.5218944238515254
0,0,0.3852779815430801
0,1,0.5243841025550994
0,0,0.4372600352715436
0,0,0.4807221676709195
0,1,0.533357824698636
0,1,0.5424540845263985
0,0,0.4672031059655871
0,1,0.5661721466934381
0,0,0.4334008720201339
0,0,0.41393151935491573
0,0,0.4700748056948412
0,0,0.4831827541650411
0,0,0.46613999069866724
0,0,0.49559955097899094
0,0,0.4991397885261012
0,0,0.40519688613499305
0,1,0.5132928545168375
0,0,0.4788361428368511
0,1,0.5279334529165322
0,0,0.4377555460889132
0,1,0.5156726996400021
0,1,0.5746775234645093
0,0,0.4343240868039581
0,0,0.49762408489308113
0,0,0.4311980339611121
0,0,0.364341383683531
0,0,0.39255518153150587
0,0,0.46129012008111536
0,1,0.5014119890647976
0,1,0.51203449624948
0,1,0.5772007860659834
0,0,0.3385056479778838
0,0,0.3613947321463678
0,0,0.41646175476806996
0,1,0.5379082321863331
0,1,0.5249716077268223
0,0,0.43273597769750155
0,1,0.5170479853913047
1,1,0.5377030585421886
0,0,0.35617269958119246
0,0,0.4485229919047437
0,1,0.5091421812398841
0,1,0.5203313551180712
0,0,0.47327625734684003
0,1,0.6162104627424987
0,0,0.41867403250779
0,0,0.47692360224753955
0,0,0.49998259596306405
0,0,0.40643303840062167
0,0,0.4985357273733911
0,0,0.38803983064538444
0,0,0.4125773744364084
0,1,0.5317475563879561
0,1,0.5089347872451038
0,0,0.4851603758183661
0,0,0.46755561379916233
0,0,0.4192236669607445
0,0,0.4748475731475004
0,0,0.3785149692483374
0,0,0.49366535522176286
0,1,0.5621824612845518
0,0,0.47671283854977786
0,1,0.5578649537221724
0,0,0.49167517796215504
0,0,0.39316388269026253
0,0,0.49851828882925564
0,0,0.3788804414497857
0,0,0.4020171971540128
0,0,0.4674186523406307
1,1,0.5462530303538317
0,0,0.3793720566355262
1,1,0.6690807983949115
0,1,0.5089664404200679
0,1,0.5113330693239693
0,0,0.4503380453341098
0,0,0.4625348623690664
0,0,0.4121959008439163
1,0,0.4518397585256137
0,0,0.41137792762524933
0,1,0.5539593595618957
0,1,0.5270535673121711
0,1,0.5634826678781699
0,0,0.45700839300617746
0,1,0.5397999513936561
0,0,0.41416565363368024
1,1,0.5796440232491886
0,0,0.38436794171577526
1,0,0.49834168810868307
0,1,0.5422914786912242
0,0,0.4167994866174977
0,1,0.5453338956662365
1,1,0.5095966736001623
0,1,0.5004281274207625
0,1,0.571803682163816
0,0,0.45422387177805496
0,0,0.42011008021527585
0,0,0.4407129001665092
0,0,0.4766897541478468
0,1,0.501298033709699
0,1,0.5087286785854532
0,0,0.49290428503326694
0,0,0.3821132478017731
0,1,0.5961008374791134
0,1,0.5538805125830923
0,0,0.48278925733933375
0,0,0.47826480013289036
0,1,0.5887420928954046
0,0,0.4719829936699438
0,0,0.4404440800796809
0,0,0.44570268608762126
0,0,0.4732678198747353
1,1,0.57903695225868
0,1,0.5169380316689874
0,0,0.46154446939423766
0,0,0.49009010550168197
0,0,0.4049657565201336
0,0,0.44134708243986914
0,0,0.44069523962516477
0,1,0.538868270740647
0,0,0.4618841147338369
0,0,0.42310994533185897
0,0,0.46366596849091507
0,0,0.4271651361848266
0,0,0.44414518610720255
0,0,0.4705256350480627
0,0,0.40431655800424154
0,0,0.39351806590651256
0,0,0.4967875471092358
0,0,0.4274303545146389
0,1,0.5405968597741271
0,0,0.47128670277877327
0,1,0.5243513454802107
0,0,0.4270679048227678
0,0,0.44544183504491935
0,0,0.47843509404782564
1,0,0.47688152263176703
0,1,0.5168657095141318
0,1,0.5403420485943637
0,0,0.4721233519472644
1,1,0.5105981844938502
1,0,0.3921688223367613
0,1,0.5324522207706555
0,0,0.4461510052063713
0,1,0.5012094195073854
0,0,0.4029606330960931
0,0,0.43631810279700395
0,0,0.42975310869766764
0,1,0.5519835013772105
0,0,0.4632667979265335
0,0,0.486138144400376
0,1,0.557801299463436
0,0,0.4452123718459984
0,0,0.34076133781430173
0,0,0.3741515982179754
0,0,0.4552694743588366
0,0,0.4037014425316403
0,0,0.4719585941642105
0,0,0.44170785221862224
0,0,0.49539544441775746
0,0,0.4920250508136761
0,1,0.5505979815133604
0,0,0.46953055136985916
0,0,0.474415093269076
0,1,0.5517179462071697
0,0,0.497545511834818
0,0,0.4518118914461764
0,0,0.4761915723954771
0,0,0.45144588866466456
0,0,0.42065574685255896
0,1,0.5028391155298696
0,0,0.49723451462580487
0,0,0.46239981295351495
0,1,0.5348956052195252
0,1,0.5515689754079421
0,0,0.4568421884223741
0,0,0.46293040151756004
0,1,0.5365194528862974
1,0,0.45961478694855723
0,1,0.5993839698177895
0,0,0.3760600846788931
0,1,0.5147776696532455
0,0,0.4456686154672805
0,1,0.5346016260269029
0,0,0.4004344282828855
0,0,0.45385128834018135
0,1,0.5111573881009402
0,0,0.4456936292316787
0,0,0.40957501737704954
0,0,0.425509629400471
0,0,0.46782508903328496
0,0,0.474222980436343
0,0,0.4231660873319452
0,1,0.5778813022448762
0,1,0.5136777561049662
0,0,0.46451117266585046
0,1,0.5991847119378064
0,0,0.4135963395619812
0,1,0.5024104318293009
0,1,0.533450838615994
0,0,0.4768473738830823
0,0,0.441833753116787
0,0,0.378037515964197
1,1,0.5872945975989057
0,0,0.45779821782036345
0,1,0.5148530072775556
0,1,0.5576400435284308
0,0,0.4448489527850269
0,1,0.5032974720586212
1,1,0.5613093839866236
0,1,0.5168576012639403
1,1,0.5220311299364597
0,0,0.39286801036450664
0,0,0.48167387180255616
0,0,0.43436828180773657
0,0,0.3967794225731325
0,1,0.5114699439639505
0,0,0.457777645550497
0,1,0.5521590891098588
0,1,0.598847038985625
0,0,0.46196088907430755
1,1,0.544621438777436
0,1,0.5261637218880951
0,0,0.4951244540478328
0,1,0.5474564730188546
0,1,0.577967113748059
0,1,0.5392979237990878
0,1,0.5411439536951741
0,0,0.4754903127575897
0,1,0.5769304049530145
0,0,0.36685592894903424
0,0,0.4625808905731954
0,0,0.45841954111090855
0,0,0.4581105163463463
0,0,0.42186227008554106
0,1,0.5295601595899762
0,0,0.4711658990466431
0,0,0.4271697848629243
1,0,0.4750052114345362
0,0,0.42566454695509043
0,1,0.500551057064516
1,1,0.5079810842165908
0,1,0.5170196071168598
1,1,0.5170832166074366
0,0,0.46859111378669077
0,0,0.41038382977866783
0,0,0.4820379583559181
0,1,0.5311268863779539
0,1,0.5761120520528316
0,1,0.5783324173030415
0,1,0.5329203212034825
0,1,0.5251198392687789
0,0,0.4994862987134019
0,0,0.4495473130043295
0,0,0.45287144001738616
0,1,0.6363286854329213
0,0,0.45841593814346865
0,0,0.4932867664973524
0,0,0.4197646657477943
0,0,0.4273447150163262
0,0,0.4592432904917322
0,0,0.4358307889966846
0,0,0.4573459792416368
0,1,0.5013503402022559
0,0,0.432633131690913
0,0,0.49250273586310356
0,0,0.4876253766074719
0,0,0.41238306622451865
0,1,0.5022117423142362
0,0,0.428213932769295
0,0,0.4917775312119467
0,0,0.4741199889807497
0,1,0.5113392136108651
0,1,0.5654489875142026
0,0,0.4682933693385715
0,1,0.5848886910825377
0,1,0.5740784645447704
0,1,0.5083938227726741
0,0,0.3609798722657333
0,0,0.4115256538963454
0,0,0.41803008430343647
0,0,0.4265624048494229
0,0,0.4541781846545746
0,0,0.42702019423835197
1,1,0.633513610982577
0,0,0.4780272144044947
0,1,0.5064342848264498
0,0,0.383829151230381
0,1,0.546449696733577
0,1,0.5263958321859223
0,0,0.4350914679539503
0,1,0.5323926194730226
0,1,0.5102283648400596
0,0,0.46255091161778805
0,1,0.5453951964371617
0,1,0.5187615705577999
0,0,0.42186409491649657
0,1,0.598881585097351
0,1,0.56834228235598
1,1,0.5673352471894111
1,0,0.4728675658328641
0,0,0.4049487917676127
0,1,0.5029039218636918
0,0,0.45388754362776706
0,1,0.5608144190371607
0,1,0.5620179386848091
0,0,0.4850841473471265
0,0,0.4825880063974422
0,0,0.432241904656514
0,0,0.4776153478168923
0,1,0.5352238467923006
0,0,0.4189582476003435
0,1,0.5056057847791263
0,1,0.5215698125832966
0,0,0.4465802668700774
1,0,0.4967272794625206
0,0,0.48336214004318406
1,0,0.4229357188116117
1,0,0.45640769734147135
0,0,0.45915736240001614
0,1,0.519198756426842
0,0,0.32821729517217063
0,0,0.44702226502177533
1,0,0.4021336885701017
0,1,0.5122721521837696
0,1,0.5032331849654526
0,1,0.5019076536825251
0,1,0.5318776106816044
0,0,0.3886609905212671
0,1,0.5217030628414798
1,0,0.4530556913795891
0,1,0.5578888896967349
0,0,0.4535010388539304
0,1,0.5223440788366226
0,1,0.5055624497814811
0,0,0.43411039733675516
1,1,0.5288136260485209
0,0,0.41695989571099057
0,1,0.5347118629332503
0,0,0.46522485774953326
0,0,0.49924910017138324
0,1,0.5231753837142539
0,1,0.5666983511527117
0,0,0.4174050999860956
0,0,0.425945722467799
0,0,0.45816112338977627
0,0,0.49701478591297565
1,1,0.5845034711484149
0,1,0.5836108209928449
0,1,0.5248613827255434
0,0,0.37493992298499
0,1,0.5574824064988655
0,0,0.46120386390665735
0,0,0.4630289929263566
0,1,0.5124744651028558
0,1,0.5171399133136009
1,1,0.5422316887584916
0,0,0.46510929287101865
0,0,0.3852557455914656
1,0,0.39521895457291256
0,0,0.4505342683542455
0,0,0.45700384498861085
0,0,0.39040174400429356
0,0,0.40326888978776493
0,1,0.5348437640509145
0,1,0.5674582417260433
0,1,0.5431026090692657
0,0,0.4444062128604351
0,0,0.417976735990228
0,0,0.40775404242441154
0,0,0.4456513628500469
0,1,0.5338143680218754
0,1,0.5959289198838821
0,1,0.5714876787970151
0,0,0.4009397618574516
0,0,0.34699157152114396
0,1,0.5818812642372476
0,0,0.49044852873920397
0,0,0.4556670356395506
0,0,0.4526865897483068
0,0,0.408246332062613
0,1,0.510996860147243
1,1,0.5790245065906745
0,0,0.44708369838920964
1,1,0.5761415421432076
0,0,0.4290870851370208
1,0,0.4604943346602103
0,0,0.4787784597812626
0,1,0.526582270919755
0,0,0.43217015674839504
0,0,0.4701056048306884
0,0,0.4665709344311221
0,0,0.4103859683835827
0,1,0.5215087308385804
1,1,0.5171347315802869
0,0,0.36173294487051566
1,1,0.548922159654281
0,0,0.43121246931503343
0,0,0.465926524886406
0,1,0.5102668663126971
0,1,0.5503267064648418
0,0,0.42808589391992996
0,0,0.4893066837267563
0,0,0.4871303107543172
0,0,0.37799795796000424
0,0,0.4502087894379342
0,0,0.46518547624054357
0,1,0.5245023628000673
0,0,0.4967795969286914
0,0,0.35492117331223555
0,1,0.5449057837539969
0,0,0.3527768498314739
0,0,0.4711257038272225
0,0,0.4039848362221693
0,0,0.46667176395831383
0,0,0.4839780471095541
0,0,0.479046246571296
0,0,0.4388092770126984
0,0,0.41126731466505667
0,0,0.4735556355303961
0,1,0.5446229278906097
0,0,0.4635576983579701
0,1,0.6114745957599075
0,0,0.38080486227764715
0,1,0.5419018253252529
0,1,0.5275156815296237
0,1,0.526480388860369
0,1,0.5125642200030218
0,1,0.5682340582723235
0,1,0.5524947697395154
0,0,0.3995127394508245
0,1,0.5014929641034092
1,0,0.49287081399982574
0,1,0.5450294238513674
0,1,0.5136499511297371
0,0,0.482786538970497
0,1,0.5187931150551539
0,0,0.4262980465073998
0,1,0.5579095121042648
0,0,0.49173120029879125
0,0,0.4741174573480283
0,1,0.5670121710854461
0,1,0.508309547990749
0,0,0.4355420624657318
0,0,0.42555166949180134
1,1,0.5013444622364106
1,0,0.4796785086805324
0,1,0.5428136512582663
0,1,0.5633122353992085
0,0,0.4786336023277344
0,1,0.5095377889517081
0,0,0.4842191631535936
0,0,0.4007810665485377
0,0,0.4595970571388688
1,0,0.4375639143598582
0,0,0.4201143938155428
0,0,0.45962886911343803
0,0,0.46684308136343733
0,0,0.46080215848554895
0,1,0.5284411177633822
0,0,0.42766781600667814
1,0,0.4223632933247099
0,0,0.42317701393879226
0,0,0.4567619785725394
0,0,0.3611681484132317
1,0,0.43818438143531374
0,0,0.4357463944070216
0,0,0.4593185116811416
0,0,0.31660249586190703
0,0,0.4215553504759902
0,0,0.47923585427620957
0,1,0.5165190455342589
0,1,0.5586991698811348
0,1,0.5153762108372357
0,0,0.47753138664483474
0,1,0.5120552521104866
0,0,0.37640485100655996
0,1,0.5442891924753506
1,0,0.3924748943506761
0,0,0.38905438255379915
0,0,0.4502739820338217
1,0,0.48095135316716253
0,0,0.43639050361148035
1,1,0.6223719468752117
0,1,0.5215905048789419
0,0,0.4380385377641725
0,1,0.5655781841193027
0,0,0.4817092143001076
0,0,0.421448375105819
0,0,0.4740603210948167
0,0,0.3920292426224855
0,0,0.4907696661537026
0,0,0.4616982059339852
0,1,0.539875760502687
0,0,0.4454075943289414
0,1,0.5592131930639882
0,1,0.5454468169015351
0,1,0.6051949769866685
0,0,0.4581943239388805
0,1,0.5013977578661166
0,0,0.4727572627099727
1,1,0.584734430782906
0,1,0.5239917325517139
0,0,0.35423733396206813
0,0,0.47166348959729554
0,0,0.49541679183947296
0,0,0.44705837405092963
0,0,0.4558450450030498
1,0,0.4738785510102454
0,0,0.4576657865410105
0,1,0.5065962263722013
0,1,0.5071631195358602
0,0,0.4543627962189034
0,0,0.44593147374814335
0,0,0.46495594246756006
0,0,0.4393928389830271
1,1,0.5049874890618706
0,0,0.41089374967254705
0,0,0.4003898117441376
0,1,0.5382268635889322
0,1,0.537688763002737
0,0,0.42617864228361535
0,1,0.5406885515241716
1,1,0.5781666486362252
0,0,0.42817813595982
0,0,0.4804126506082551
0,0,0.4336111103969548
0,1,0.5404387378774289
0,1,0.5197562408693797
0,0,0.4834771369782738
0,0,0.4430868544474682
0,1,0.5859931399960697
0,0,0.45216228980215045
0,0,0.43674223147258834
0,0,0.48404744432212476
0,0,0.45428781599989393
0,0,0.4763801348580949
0,1,0.5082259197532429
0,0,0.4433837792207323
0,0,0.4893550770846967
0,1,0.5553404261590128
1,0,0.44119539959671145
0,0,0.4548469631278762
0,1,0.5256945644553415
0,0,0.38189058918266006
1,1,0.5021028584586205
0,1,0.5133940866393041
0,0,0.36287184625048563
1,0,0.47128953619325714
0,0,0.4584107320671454
0,0,0.48722266497801514
0,0,0.34996833403418676
0,0,0.48869233691355035
0,0,0.48513370703695785
1,1,0.5653615685122676
0,1,0.6113351184922344
0,0,0.4582369755970484
0,0,0.45915762818774425
0,1,0.5270221046532124
0,1,0.5222192640108696
0,1,0.5069624417117212
0,1,0.5321537634445461
0,0,0.4162539728632676
0,0,0.3851962545768272
1,1,0.5498291971602103
0,0,0.4400379979333712
0,0,0.47453062535462065
0,1,0.5578495771685907
0,0,0.484534543158935
0,1,0.5948502619817362
0,0,0.4988729949461269
0,0,0.4003095677779372
0,1,0.5059693086652485
0,0,0.43142748535206626
0,0,0.44948755622944925
0,0,0.4996049508307204
0,0,0.42012704086757646
0,1,0.5805541964490251
0,1,0.5157145882041343
0,0,0.46531497817804757
1,1,0.5774403605668064
0,0,0.36391983410617257
0,0,0.4918913201095228
0,0,0.42462399345246093
0,1,0.5396579160009538
1,1,0.567299807892367
0,0,0.47085742130848723
0,1,0.5758050124623745
0,0,0.49671541360047705
1,0,0.4165105060960841
0,0,0.4732012928193683
0,0,0.35851411812297734
0,0,0.4893785489085585
0,0,0.4681855587482221
0,0,0.4524134871284359
0,0,0.4554442035451986
0,1,0.5151829940194116
1,1,0.5282441418036692
0,0,0.4716989016390423
0,1,0.545772777830613
0,0,0.46863841847602994
0,0,0.4703986473217341
0,1,0.5488416860018813
0,1,0.5720064982680462
1,1,0.5189489956190549
0,1,0.5288705830271477
0,0,0.4795027448524712
0,0,0.49037163752158347
0,1,0.5555532441586025
0,1,0.5105845613303995
0,1,0.5206360791783381
0,0,0.4676800024906314
0,0,0.4254984305442213
0,0,0.4702914080463689
0,0,0.45874308053233603
0,0,0.413730035587592
0,1,0.5539262730805494
0,0,0.42868385754749466
0,1,0.5105655039055617
0,1,0.505842980583346
0,1,0.5884177415708609
0,0,0.37715996460474943
0,0,0.4559424925632354
0,0,0.4400760377750732
0,0,0.4767607704198609
0,1,0.5112687074326236
1,0,0.4439153584451014
0,0,0.47085596685445646
0,0,0.46590727863491976
0,0,0.48355448850246135
0,0,0.46066247324907617
0,0,0.42189828282361697
0,0,0.4215163434286599
0,1,0.5391556503859837
0,1,0.5337892623017455
0,1,0.5796261484566654
0,1,0.5400087795951217
0,0,0.49268811631129666
0,1,0.5274493127677963
0,0,0.3534550290097742
0,0,0.373778308531936
0,0,0.4872434955470568
0,1,0.5167491275457713
1,0,0.43759407535932054
0,0,0.484849221843943
0,0,0.4189195545542697
1,0,0.49445452847824434
0,0,0.4770822266104562
0,1,0.5766361899190041
0,1,0.5428426541936036
0,1,0.5309433827126262
0,0,0.47963102936768764
0,0,0.3870466515427335
0,1,0.5224494074319872
0,0,0.4265533800544096
0,0,0.48995930952260563
0,1,0.5249990097780097
0,0,0.41354448112289427
0,0,0.48558878630481417
0,0,0.4948409702395687
0,0,0.42212023711232
0,0,0.46902702267484414
0,1,0.5225085545423084
0,0,0.4333865087422531
0,0,0.4174068759191561
0,1,0.5107223487930121
1,1,0.5306773889011152
0,0,0.4739383109206501
0,0,0.46625461166821336
0,1,0.5591641537232988
0,1,0.563007811589865
0,0,0.49113665874841417
0,1,0.5506207020159628
0,1,0.5201101108337786
0,0,0.4686134416768142
0,1,0.5100303770947249
0,1,0.5006089758524448
0,0,0.4586371497752652
0,0,0.3688883659845743
1,0,0.4951954272519811
0,1,0.5281232026404359
0,0,0.4457067883738244
0,0,0.48166854906038103
0,0,0.46966911050974575
0,1,0.5256345980045356
0,0,0.4045563758339044
0,0,0.4645259346617109
0,1,0.5605760404356399
0,0,0.42594525142725986
0,0,0.43202092798348757
1,1,0.6006566604492768
0,1,0.5682409489540313
0,1,0.5254534291615046
0,1,0.5084725192105805
0,0,0.37863746641121004
0,1,0.5053495351704776
0,0,0.466112743110892
0,1,0.5657801998983042
0,0,0.4596205836586939
0,1,0.5181072631529193
0,0,0.4652460984498586
0,0,0.4164805902936106
0,0,0.44928125916838524
0,1,0.5053143013857558
0,0,0.4430067229373541
0,0,0.4578895741370475
0,0,0.48741201482500707
0,0,0.46189256224165864
0,0,0.43691006804279886
0,0,0.44585060975023455
0,1,0.5772720395176636
0,1,0.5747110140923044
0,1,0.642084646215765
0,0,0.4365142015099524
0,0,0.4454576552317574
0,0,0.4681876233994172
0,0,0.49632937696033835
0,0,0.45108582566721944
0,1,0.5710152835375838
1,1,0.5154244860823874
0,0,0.45627905818395964
0,0,0.45419240421693075
0,0,0.38880544529674693
1,1,0.5910339139181658
0,1,0.5129174995629364
0,1,0.5674993057201702
0,0,0.39130065054254554
1,1,0.5714824998225108
0,0,0.48125409575924144
0,0,0.4081998254072544
0,0,0.4838493516098915
1,1,0.5174537473178406
0,0,0.4465682305366217
0,1,0.5726472199763549
0,0,0.4367394318831472
0,1,0.5705392191338831
1,1,0.50095795625085
0,1,0.5196674517206368
1,0,0.4797965435069434
0,1,0.555597579284237
0,0,0.42286078198459764
0,1,0.5387072380742502
0,0,0.48304699916375393
0,0,0.3653890228698512
0,1,0.507519179590922
0,1,0.5975132181362226
0,0,0.44227189663384925
0,1,0.5058375078659353
0,1,0.5280864806060888
0,0,0.48647078724430975
0,1,0.558302526432926
0,1,0.5180491462372071
0,1,0.5758402133691402
1,1,0.5021075652896071
1,0,0.4932414090303427
0,1,0.5134319983746678
0,0,0.4447672861080014
1,0,0.48639639852199423
0,1,0.529160506848512
0,1,0.541258512001773
0,0,0.38114032196832864
0,0,0.33307239071839534
0,1,0.5349129735515994
0,0,0.3338338173915634
0,0,0.39074315864364095
0,0,0.4734677987932644
0,0,0.41901847091331845
0,0,0.43846030179865075
0,0,0.46360238359555983
0,1,0.5089094624464735
0,0,0.4471720774770329
0,1,0.5401244467398211
0,0,0.41235865222257884
1,0,0.4947233160731514
0,0,0.432482850848084
0,0,0.4942829114263587
1,1,0.5504106925961688
0,0,0.4972934407979372
0,1,0.5248372246528954
0,1,0.548989881535802
0,0,0.4196483473632505
0,1,0.520009975968338
0,1,0.5759067186245913
0,0,0.3742735597805191
0,0,0.46270140013004607
1,1,0.5710615324560269
0,1,0.5761882193425534
0,0,0.48945928740476496
0,0,0.4709226689905572
1,1,0.5385432393156361
0,0,0.47180881412134185
0,1,0.5578639706911601
0,0,0.4788309501355238
0,0,0.4991365599570416
0,0,0.4521856117367624
0,1,0.5482850006897615
0,0,0.44719699438736016
0,0,0.4809908938972571
0,0,0.4361689471096088
1,1,0.5012013280976325
0,0,0.4849929619031657
0,0,0.3636710585924126
0,1,0.5568406353911762
1,0,0.4512707637105527
1,0,0.496615429846823
0,1,0.5045803370343345
0,1,0.5262342235069508
1,1,0.5233026785861932
0,1,0.5553768849163583
0,0,0.44301360979966853
0,1,0.5255967615795503
0,0,0.39544024195349037
0,0,0.4929171671794569
0,0,0.4710651242220564
0,1,0.5028576009733441
0,1,0.6265154926051608
0,1,0.5773653333433878
0,0,0.4355656688994842
0,1,0.5233593471846933
0,1,0.5232578872589911
0,0,0.4522345562219041
0,1,0.553775715914479
0,1,0.5023724012630401
0,0,0.4518875831013738
0,1,0.5037980362256143
0,0,0.3789427146085791
0,1,0.5220588141008841
1,1,0.5720529162683328
0,0,0.3509963522538619
1,0,0.43117936945837093
0,1,0.5914754115623073
0,1,0.5321005888006589
0,0,0.400592931966264
0,0,0.44931483243673986
0,0,0.4483034749448593
0,0,0.4403705971127223
0,0,0.4785774561118659
0,0,0.46870777593088037
0,1,0.5253154025863068
0,0,0.3873124505524777
0,1,0.5167070864337798
0,0,0.3954106445848844
0,0,0.47712220145558315
0,0,0.4493485531368119
0,1,0.514705896808366
0,1,0.5002828616773821
0,0,0.4453499425841215
0,0,0.471563886542508
0,0,0.4585260218014019
0,1,0.5380134669738333
0,1,0.5343780230185579
0,0,0.415163264922349
1,1,0.5045250155615807
1,1,0.5859276943778147
0,1,0.5286309739605904
0,0,0.39009061942468165
0,1,0.5037048648005442
0,0,0.4053658689274682
0,1,0.5467666497617415
1,1,0.5636591912977957
0,0,0.39772332531794824
0,0,0.37429394777387803
0,0,0.47084386976731246
0,1,0.555029279432703
0,0,0.47943572115803
0,1,0.5200075858532904
0,0,0.46646434091030736
0,1,0.566136427693331
0,0,0.4155214715869539
0,1,0.5150654132758515
0,0,0.39329620109957164
0,1,0.5573852139640669
0,0,0.46761394003759404
0,1,0.5718698418624004
0,0,0.3978453778602438
0,0,0.4270510731960488
0,0,0.4106624570221249
0,0,0.46340627756901376
0,0,0.4253700983490913
0,0,0.42704267878674174
0,1,0.5126261797551599
0,1,0.5048722233852536
0,0,0.4409286841894133
0,1,0.5485860036669888
0,0,0.4451886681237129
0,0,0.4524709727018652
0,0,0.48093109029540876
0,0,0.48913802025115616
0,0,0.3987052278343666
0,1,0.5566725679580246
1,0,0.4645306217952536
0,0,0.41568030700814973
0,0,0.3822675939118237
0,1,0.5041229891501718
1,1,0.6347041265476621
0,1,0.5301593303733313
0,0,0.4571240889551301
0,0,0.3888590422603373
0,1,0.5188267247411525
0,1,0.505259112643785
0,1,0.5752249954514314
0,0,0.4997231054644309
0,0,0.42699779237359137
0,1,0.5549000765420965
0,1,0.5124910013159704
0,0,0.3105001361689031
0,0,0.4282633400430629
0,0,0.4972735992722719
0,0,0.48713861777099543
0,0,0.4771448673165181
0,0,0.49719450322328973
0,1,0.5876320671758193
0,0,0.49411476427516554
0,0,0.4502659052210666
0,1,0.5307938316241636
0,0,0.42371340048883516
0,0,0.46834941197279983
0,0,0.4081614021364621
0,0,0.47536737698897746
0,0,0.38251048715536734
0,0,0.4045501603736997
0,0,0.45260711699624595
0,0,0.4336232284947705
0,0,0.4180898828356864
0,0,0.4959236943193374
0,0,0.42376694340790644
0,0,0.474442982438416
0,0,0.43534117793710647
0,0,0.35088625468341517
0,1,0.5270360360009446
0,0,0.4980307285544353
0,0,0.4848526998623436
0,0,0.4935284519516741
0,1,0.5279750871104215
0,1,0.5054535375393372
0,0,0.48873402277372285
0,1,0.562049159759641
1,1,0.5970762123809097
0,0,0.3676509033064446
0,0,0.4715539236127572
0,0,0.4438456817964839
0,1,0.5759929661586438
0,0,0.4974225397914258
0,1,0.5411494549349982
0,0,0.47183946391064785
0,1,0.5052959185856567
0,0,0.4873128835546098
1,0,0.4811670209254807
0,0,0.48053068072830263
0,1,0.5083813538459299
0,0,0.458061191221059
0,1,0.521579459318509
0,0,0.4755916830056971
0,0,0.35465573106333687
0,1,0.5042162124357492
1,1,0.6117617891759222
0,0,0.40081829700600347
0,0,0.42129147647582194
0,0,0.42895352656676045
0,1,0.5114703214070231
0,1,0.5028202003453388
1,1,0.5829947790929996
0,0,0.4194526063580443
0,0,0.464151098891059
0,0,0.41886066763478685
0,0,0.4901442242966532
0,0,0.42581114592044517
0,1,0.5402383979277169
0,1,0.5476660306320926
0,1,0.5338743316760557
0,0,0.49243594933988993
0,1,0.5477159592726737
0,0,0.4649172681798991
0,1,0.5173915411950896
1,1,0.522178649258109
0,1,0.5619732612597058
1,1,0.5309694741676371
0,1,0.526566130935182
0,0,0.42031927672743075
0,1,0.5685384104729578
0,0,0.3917338103849259
1,0,0.464924331633991
0,1,0.5331782480787072
0,1,0.6022663892777049
0,0,0.4014149412273607
1,0,0.47815240846280554
0,1,0.55869849156554
0,0,0.4086466047051347
0,1,0.5608583379703443
0,1,0.5139738687436851
0,1,0.5560299793168677
0,1,0.5278903067875684
0,0,0.4569872586242627
0,1,0.5074417913888771
0,1,0.5530057724212569
0,0,0.4376918940708465
0,1,0.539416964577842
1,0,0.4391149453520844
0,0,0.4724249244818136
0,1,0.5463581021882552
0,1,0.5004925499460647
0,0,0.438042958525126
0,0,0.3951667861987089
0,0,0.4723422055058764
1,0,0.49538314008757495
0,1,0.5380831409828569
0,0,0.44442985128334717
1,1,0.545574584674123
0,0,0.4067880893023568
1,1,0.5221570362376287
0,0,0.351080731687621
0,0,0.3753768160013283
0,0,0.4603950522370397
0,1,0.5151099012124644
0,0,0.4366824257705255
0,0,0.4818652144375096
0,0,0.4660450193450814
1,1,0.518218588165018
0,1,0.5072808909637978
0,1,0.5295847921980721
0,1,0.5487408150203005
0,0,0.46993769338693087
0,1,0.5415301037116229
0,0,0.3888548896902481
0,0,0.3935311571382746
0,1,0.5157930604255633
0,0,0.42644811433826263
0,0,0.42070161002682377
0,0,0.36264624961034825
0,1,0.5037353375916169
1,1,0.6145108240162384
0,1,0.513732242329413
0,0,0.49272203638195733
0,1,0.532854742907552
0,1,0.517952904829604
0,0,0.44036305725887287
0,0,0.40607764626270915
0,0,0.369732234016329
0,1,0.5424507366894898
0,1,0.5205471417021379
0,1,0.5230681039445709
0,0,0.44662457232978603
0,1,0.5170684831378797
0,1,0.5194372287796432
1,1,0.5158524540340625
0,0,0.4359405180916319
0,1,0.5372474456864238
0,0,0.46599099398705524
0,0,0.40907590512590836
0,1,0.5649672784970603
0,1,0.514012059576548
0,0,0.48144829124906374
0,0,0.37302501230403334
0,1,0.5217657553171127
0,0,0.49445784488770245
0,0,0.48903923716031356
0,0,0.4458446926076007
1,1,0.5778997768144261
0,1,0.5281821723533268
0,0,0.3832398548480552
0,1,0.5858424400966438
1,1,0.6106587097426847
0,0,0.48244414857572965
0,1,0.5783637736233461
0,0,0.4685140854853475
0,0,0.44452911852443217
0,0,0.42440579452924154
0,0,0.4402064299528037
0,0,0.45034820079827365
0,1,0.5403509537037502
0,0,0.48940002221508544
0,0,0.4380736890587513
0,0,0.49192893850510877
0,0,0.45402706885989785
0,0,0.3973029152586446
0,0,0.4634835549684503
0,0,0.47279707281748573
0,0,0.4546719239985297
0,0,0.45525968920275345
0,1,0.5128180019167852
0,1,0.536880187297474
0,0,0.4944483735569405
0,0,0.37610897595182385
0,1,0.5618510878042564
0,1,0.5343654021395955
0,0,0.4439229456052849
0,0,0.48275563403433597
0,1,0.5411656443826268
1,1,0.5446432586286802
0,0,0.38216997094416016
0,0,0.4951073047348267
0,0,0.48163327161123626
1,0,0.4653534967224154
0,1,0.5133311281241355
0,0,0.4367804578946414
0,1,0.6123337988762897
0,1,0.5114231479144002
0,0,0.40152503546713875
0,0,0.3730180356691723
0,0,0.46210119816247114
0,0,0.4914551056801493
0,1,0.5087024380158293
0,0,0.39352035240949257
0,0,0.49026643243931217
0,0,0.41916123440697745
0,1,0.5611805235414057
0,1,0.5006696645171543
0,0,0.42856832652583093
0,0,0.4272222265519149
0,0,0.35668168773365516
1,1,0.616419794123682
0,0,0.4257327826329453
0,1,0.5385569741991063
0,0,0.4242952651584413
0,1,0.5288099044396213
0,0,0.4629640812364616
0,0,0.481356910435101
0,1,0.5657905057789142
1,0,0.4375928610376463
0,0,0.440480662770533
0,0,0.4854454305764458
0,0,0.3970110100128413
0,1,0.5107868612105769
0,1,0.5270396037389883
0,1,0.5375996222076215
0,1,0.5737183423029714
0,0,0.4343118639951667
0,0,0.40531950796394717
0,0,0.4739383557903103
1,0,0.4632054188891429
0,0,0.4223039636334158
0,0,0.46730052187717674
0,0,0.4509717591114056
0,1,0.5549231710194882
0,1,0.5223370440663158
0,0,0.3851396903517717
0,1,0.5276396068651114
0,1,0.54837524137553
0,0,0.4988764467231563
0,0,0.4941846282733328
0,1,0.5221172843544961
0,0,0.3553704601659026
0,0,0.4793184908307708
0,1,0.5060445033390831
0,1,0.6446965144055021
0,0,0.45881902134690766
0,0,0.46546774595629253
0,1,0.5191229430343957
0,0,0.4287296099699004
0,1,0.5347597418734631
1,1,0.5496477845222605
1,1,0.507745673173267
0,0,0.3835063068125856
0,0,0.38106639210269916
0,0,0.43163895865213775
0,0,0.37826138651371394
0,1,0.6346334670274743
0,1,0.5002320227580977
0,0,0.400063168976523
0,0,0.34204219945685876
0,0,0.431151259541519
0,0,0.39900003928897815
0,1,0.5461639586757289
1,1,0.5551162349204665
0,0,0.4730206751363586
0,0,0.4534611288447759
0,0,0.4985831560716315
0,0,0.4190680387323351
0,0,0.4415241037225504
0,0,0.3955124989513809
0,0,0.45439745093274214
0,0,0.49511053723445
0,1,0.5294840441987432
0,0,0.47459160723892024
0,1,0.5877804572544543
0,0,0.49624629114336466
0,1,0.5456003418421557
1,1,0.534744788637461
0,1,0.5334346978440515
0,1,0.5209916645191791
0,1,0.5585598578582114
0,0,0.4526305752903599
0,1,0.5332507794716294
0,0,0.4150101486640647
1,0,0.4028787572359924
0,0,0.49392320494552594
0,0,0.4832806046808306
0,1,0.5410155973963187
0,0,0.4120157004845528
0,1,0.5393056142363253
0,1,0.5473418435071509
0,0,0.4304585191105607
0,1,0.5523982999291532
0,1,0.5245032030490675
0,0,0.46737440406123737
0,0,0.4947563904444299
0,0,0.49227276288976407
0,1,0.5202054385023711
0,0,0.42457520933869863
0,0,0.42737837837491666
0,0,0.48832385750065227
0,1,0.5106849668408544
0,1,0.5064551045137846
0,0,0.457762941477627
1,1,0.5406576081852073
0,1,0.5034602560070442
0,0,0.4888327466356311
0,1,0.5534834527984244
0,1,0.6409013266883226
0,1,0.5414527331656411
0,0,0.3936160477052376
0,0,0.4011713067264907
0,0,0.38111512627890165
1,1,0.5737721374958106
0,0,0.44690457390526794
0,0,0.46944558891046506
0,1,0.5939336848882344
0,1,0.5170078044880475
0,1,0.5810093740738433
0,0,0.42077546009183897
0,1,0.5084788237324662
0,0,0.4290175236361731
0,0,0.49830198338453324
0,0,0.46571354342485444
0,1,0.5474638747762447
0,0,0.47761986849033744
0,1,0.5741093148839923
0,1,0.5824542823902973
0,0,0.4559806247975066
0,0,0.4724008137168949
0,1,0.5571723956640428
0,0,0.41989017944367774
0,0,0.4244603177659516
0,1,0.5460017800040449
1,0,0.48741702505196216
0,1,0.5042111132168079
0,0,0.3542994712829063
0,1,0.5173194983603134
0,0,0.4854411570931287
0,0,0.44212993292584224
1,1,0.524191079853724
1,0,0.47349929569651567
0,1,0.514333783907502
0,0,0.49876297872706554
0,0,0.4121452376649387
0,1,0.5435883101896002
0,0,0.4239526515790301
0,0,0.4764432531556949
0,1,0.5529514489834352
0,1,0.5763818794259824
0,0,0.4974596289018827
0,0,0.49719077560754094
0,1,0.5609541809887859
0,0,0.46700606882927514
0,0,0.44736506806652626
0,0,0.4157852045763132
0,0,0.4223201365381701
0,0,0.48391682007201564
0,1,0.5001472392609368
0,1,0.5127517738883857
0,1,0.5094786484337941
0,0,0.4805049286967721
0,0,0.45016956714424367
0,0,0.4584297724445329
1,1,0.6130246786152473
0,0,0.49228777647054306
0,0,0.38456094459101947
0,0,0.45014549429558803
0,1,0.5143016102760881
1,1,0.5236021529379523
0,1,0.533497213140993
0,1,0.5158554002365175
0,0,0.3929354728786679
0,0,0.48614479512002334
1,1,0.5979636913494825
0,0,0.4772148901724703
0,1,0.5056613434196569
0,1,0.5688549343632279
0,1,0.5257726184940441
0,0,0.4286017185594352
0,1,0.512982236894984
0,1,0.5148832523780961
0,0,0.4836990059798182
0,0,0.48584607226190785
0,0,0.4817033735282198
0,0,0.45931369709992226
0,1,0.5076822601189245
1,0,0.4874076524408483
0,0,0.4501886206804717
1,0,0.4445709640477085
1,1,0.5295859525994461
0,1,0.5183772327340027
0,0,0.4295048461932931
1,0,0.4054714592502653
0,0,0.45499241204437346
0,1,0.5158991551655492
0,1,0.5344745277098205
0,0,0.42338260408555856
0,1,0.543934955924165
0,0,0.49292989619332794
0,1,0.5082790874321688
0,1,0.5561181919823505
0,1,0.5100700013809054
0,1,0.5413325952035849
0,1,0.5326609696736067
0,0,0.404955535985498
0,0,0.48702099796069637
0,1,0.5408156535393033
0,0,0.4827133249730076
1,0,0.49852650582148905
0,0,0.39284636528846
0,1,0.5498050441213889
0,1,0.530264000569928
0,0,0.361759495121642
0,1,0.518017471302018
1,1,0.5210221422592105
0,0,0.44485511471308536
0,1,0.6041209178413149
0,1,0.5060979007187141
0,0,0.4082780077882135
0,0,0.4956999101728528
0,0,0.4589561716989747
0,1,0.5112247322666046
0,0,0.43098962675023705
0,1,0.5802157366547407
0,0,0.4813665517611023
0,1,0.5023785254945325
0,1,0.5307302673641422
0,0,0.4526907189532964
0,1,0.57259060275371
0,0,0.4669454545772646
0,0,0.41642362658668247
0,0,0.3563243155622833
0,0,0.4753062014627893
0,0,0.3534101512770624
0,0,0.4231126796432433
0,0,0.4869706005034336
0,1,0.5678978738844251
0,0,0.42947249147680155
1,1,0.5614313468185849
0,1,0.5103342044805377
1,1,0.5544525728691029
0,0,0.3918433453551662
0,0,0.4357926135175954
0,0,0.45402547064942356
0,0,0.4800631378690805
0,0,0.4431563592254695
0,0,0.3434784957529051
0,1,0.5059067202317131
0,1,0.5023669725561515
0,1,0.5403520968276757
0,0,0.39844009237221306
0,0,0.44773707471845126
0,0,0.44414355953623924
1,0,0.4763841830832339
0,1,0.5228963110189285
0,1,0.5746690870602906
0,0,0.4080795762003493
1,1,0.5152323077467958
0,1,0.5335525936561958
0,0,0.4476447227589199
0,1,0.5323196305481308
0,0,0.46386282995817224
0,0,0.46714643465946587
0,1,0.541459658979544
0,0,0.46166208100129424
0,1,0.511025035284804
0,0,0.49989735578129163
0,1,0.5467586487767427
0,1,0.5492491173451293
1,0,0.4529515193398541
0,0,0.43590889013466905
0,0,0.4903375434113741
0,1,0.5092449761149334
0,0,0.47318219752924473
0,1,0.5537781715386815
0,0,0.4999109803515048
0,0,0.40572007212467703
0,1,0.505853129087691
0,0,0.4815925076725777
0,1,0.5558081417738042
0,1,0.5349166620416925
0,0,0.4802256130521099
0,1,0.5426215270837368
0,0,0.4672438787207924
0,0,0.42479766881854564
0,1,0.6060540622660269
0,0,0.47273655772563217
1,0,0.48608135717250484
0,0,0.4679842349880061
0,1,0.5507610009801268
0,0,0.4308593914600622
0,0,0.4857143601129133
0,0,0.4342144429184623
0,1,0.5767767037347052
0,0,0.39711997949520816
0,0,0.4142249033743899
0,1,0.5660294189229691
0,0,0.41459370549318514
0,1,0.5114899329011865
0,0,0.42343750930817253
0,1,0.5083349105966826
0,1,0.5210188202188908
1,0,0.48371284262671743
0,1,0.5170282278032375
0,0,0.48685137795471556
0,0,0.44558234929403495
0,1,0.5572311001272657
0,1,0.5550403747154373
0,0,0.4132547419202105
0,1,0.6044853316453523
0,0,0.3455789243170711
0,1,0.5715453893169228
0,1,0.6072899615345851
0,1,0.5694755256583642
1,0,0.48436211390708017
0,1,0.581476911299556
0,0,0.44773320077023354
0,0,0.49192582210472485
0,0,0.4097097136853178
0,1,0.5394293437989262
0,0,0.4841617582797612
0,1,0.5091065884355822
0,0,0.4262003025062999
0,1,0.5886296176852334
0,0,0.373815929404353
0,1,0.5165703421341881
0,0,0.45051505893738897
0,0,0.4145578229815292
0,0,0.4276160972106263
0,0,0.4513964568610169
0,0,0.48695768597315287
0,0,0.4576924614217976
0,0,0.47330078935586867
0,1,0.5893669629141007
0,1,0.5714330543369252
0,1,0.5304284655567204
0,1,0.5426207903044553
0,1,0.556320954393586
0,1,0.5432109886692921
0,1,0.5191392406365893
0,1,0.5347496587074516
0,0,0.47559608327277303
0,1,0.511604212668348
1,1,0.5050620528972747
0,0,0.42420442302117395
0,1,0.500530690356553
1,0,0.49057910789561343
0,0,0.4240643537375557
0,1,0.5671424867406283
0,0,0.43867487584349335
0,0,0.3802343920102059
0,0,0.44240259298136997
0,1,0.5711055347206573
0,0,0.4967653175397371
0,0,0.47019191067559196
0,1,0.5339701801305594
0,1,0.6016799913567923
0,0,0.49007086401812133
0,0,0.4080814612597344
0,0,0.44180232059573804
0,1,0.5931206748745348
0,0,0.4702631100980611
0,0,0.4139120593339159
0,0,0.4804456889650002
0,1,0.5208613215471154
0,0,0.4911893499576648
0,0,0.44456714393669705
0,0,0.47294160729302237
0,0,0.4953288969034332
0,0,0.3966639072615849
0,1,0.5074955657246937
0,1,0.5126100179820993
0,0,0.4954774452442019
0,1,0.5095622500315312
0,0,0.3814851077869191
0,0,0.46219407428940906
0,1,0.5086749583486714
0,1,0.565030365128034
0,0,0.41595619978826326
0,0,0.49021508593357027
0,0,0.387406252173704
0,0,0.41165842893630805
0,0,0.49130176208627574
0,1,0.5820673153591394
0,0,0.49955860613048947
0,1,0.5831607405066337
1,0,0.47626294367088884
1,1,0.5507189981244374
0,1,0.5137476607833295
0,1,0.5516725072445345
0,0,0.41399377459426145
1,1,0.5128520144947136
0,0,0.49272772194437797
0,1,0.5202914584619575
0,0,0.49117139869267135
0,1,0.5487230639255883
0,0,0.44664876602229664
0,0,0.49465321481919383
0,1,0.5337609298220284
0,0,0.43230931440495435
0,0,0.435782092649419
0,0,0.4845368986406699
0,0,0.45286762045056234
1,1,0.5497963003402829
0,0,0.44463656412302544
1,0,0.48829284172708465
0,0,0.4919363635131543
0,0,0.42238929246462126
1,0,0.47170030951752295
0,1,0.5332899890165697
1,1,0.5149170145466677
0,0,0.4086707951151347
1,1,0.5727639932698204
0,1,0.5560875304777516
0,1,0.5929835732132064
0,0,0.3892169996564712
0,1,0.5110741242547084
0,0,0.4854855701948449
0,1,0.5649965792186
0,1,0.520410545599925
1,0,0.46449446590874893
0,1,0.5508135471630833
0,0,0.43942528381311524
0,1,0.5574147771924293
0,0,0.40200377993860664
1,0,0.4696866344069494
0,0,0.40117755424753165
0,1,0.5882672031389076
0,0,0.4713669963603478
0,1,0.5069349072910476
0,0,0.3724495919676942
1,0,0.4691275741395845
0,1,0.5428623766385592
0,1,0.5233118228139412
0,0,0.4030487389521052
0,1,0.6211405030491036
0,0,0.42956951608199695
0,1,0.5109476958383135
0,1,0.5060886861373443
0,1,0.5022494273266542
0,0,0.4694820969816596
0,0,0.45810633484452756
1,1,0.5663069395286172
0,0,0.47046144843809673
0,0,0.4848778864489929
0,0,0.4845372304929871
0,0,0.4982317646906011
1,0,0.4590835447879821
0,0,0.45482513521911355
0,1,0.5003766127266617
0,0,0.487323116375645
0,1,0.5641166999469637
0,0,0.4834442334177389
0,1,0.509480955039783
0,0,0.4833589662760099
0,1,0.6045506938650156
0,1,0.5155724821346905
0,0,0.403493982550458
0,1,0.5031389071712915
0,0,0.44447858029237486
0,0,0.47756708127532027
0,0,0.45401771723580675
0,1,0.5070901173900418
0,1,0.6009127626482407
0,0,0.4685561837736423
0,1,0.6309630610642958
0,0,0.3547427007165791
0,1,0.5033679512823629
0,1,0.5372094681990823
0,1,0.5740170323321767
0,0,0.48180679883057304
0,0,0.40490693626435914
0,0,0.42795307420550993
0,1,0.5730503948446409
0,0,0.4994191320335872
0,0,0.3814308254099035
0,0,0.4733803940725553
0,0,0.4844290239692522
0,1,0.521783990321476
0,0,0.45782930565864816
0,0,0.3735656031058802
0,0,0.47962103336181916
0,0,0.4907326979969924
1,0,0.40215791702877113
0,0,0.37015246509477
0,1,0.5593169591104153
1,1,0.6333975738277062
0,0,0.4272999577383768
0,0,0.4923554170225931
0,1,0.5788210367544753
0,1,0.541783892093894
0,0,0.4431633698472581
0,0,0.29199247738652684
0,0,0.4294270093666734
0,1,0.5448519666362333
0,1,0.5626637831930552
0,1,0.5525947324872785
0,1,0.5777977566251653
0,0,0.48562334124273454
0,1,0.5311140962736878
0,1,0.5133225917637503
0,1,0.5173119792691121
0,0,0.44412423765741077
1,1,0.5142602830661428
0,1,0.521074228683919
0,1,0.5400801075624426
0,0,0.4537055519661806
0,0,0.40441375945929003
0,1,0.5106613828081522
0,1,0.5857889397059963
0,0,0.4520475854533885
0,0,0.4118546810567977
0,1,0.5126810547229672
1,0,0.4504543590153663
0,0,0.4619192392740406
0,1,0.5085226903076433
0,0,0.48990652371110843
0,1,0.5245345965021744
0,0,0.4747272969962673
0,1,0.5243976598217942
0,0,0.47101244530055175
0,1,0.5562082861452994
0,1,0.5085955090191122
0,0,0.43325457472062373
0,0,0.49260393800885055
0,0,0.3766083204579266
1,0,0.4112573649135209
0,0,0.47943530465439493
0,0,0.45571898387160986
0,1,0.5669784300512506
0,0,0.4719904135882406
0,0,0.43507981975691584
0,0,0.42860667947700415
0,0,0.4013519101740385
0,0,0.46136644820500805
0,1,0.5543475892497134
0,1,0.5323349692257726
0,0,0.3577528483997742
0,1,0.5568495749197199
0,1,0.5038224746475192
0,0,0.46106044686010106
1,1,0.5428440995360818
0,1,0.5245778024322888
0,0,0.4446509962535353
0,0,0.44275789743853516
0,1,0.5199186193937879
1,1,0.5414617770915146
0,0,0.41534040289753976
0,0,0.4484014702363922
0,1,0.552113326825305
0,0,0.4639786673953268
0,0,0.43239595964157174
0,0,0.4364398635544848
0,0,0.48147421675647656
1,1,0.630592058554542
0,0,0.48357158070530354
0,1,0.5587672879968911
0,1,0.5664164282855431
1,0,0.4755766828947083
0,0,0.3891043889930469
0,0,0.3765167300344448
0,1,0.5554959086124165
0,0,0.3929844483929959
0,1,0.5294400690127876
1,0,0.4439329350686634
0,0,0.40948763395563437
0,0,0.4484970941199587
0,0,0.44526676025278006
0,0,0.4715363637328167
0,0,0.48130560791935423
0,0,0.4525392403866084
0,0,0.4856698139417486
0,0,0.4185314052512812
1,1,0.5842383027127144
0,0,0.48192278647470393
0,0,0.4210759451529731
0,0,0.4407688557525366
0,1,0.536128441824047
0,0,0.4972178238692362
1,0,0.49414901249063214
1,1,0.5168198948355782
0,1,0.5310513647974124
1,0,0.4487177792256567
0,0,0.42202129614296874
0,1,0.5370207353002069
0,1,0.5057029713670126
0,1,0.5097480783265942
0,0,0.4513699351278162
0,0,0.4645794281698179
0,0,0.3880234618437235
0,1,0.5937965420590665
0,1,0.5156325376635718
0,1,0.5344896883686795
0,0,0.36138482708558983
0,0,0.4786058313059126
0,0,0.4349253938731214
0,0,0.46513606030340854
0,1,0.5343446782594176
0,0,0.4530642267161125
1,0,0.4881270540686593
0,1,0.5478682599754507
0,0,0.49537270280815165
0,0,0.47265721962445134
0,0,0.49993719731404374
0,1,0.5301145489657886
0,1,0.5157089867320607
0,0,0.44506708973573406
0,0,0.4511133119806166
0,0,0.4901059622688444
0,1,0.582301718266746
0,0,0.4801086922012563
0,0,0.3823543318256514
0,0,0.44943595444151796
0,0,0.49832385533002366
0,1,0.6189143568043184
0,1,0.5393875249202198
1,0,0.4773402280694641
0,0,0.4470215451432884
0,0,0.4159935710285516
0,1,0.5577475395698748
1,1,0.5005376098314178
0,0,0.4597708347847924
0,0,0.3812848099576362
1,1,0.5233872867031735
0,0,0.44329904793459113
1,1,0.5690447307325752
0,0,0.4782889255781544
0,1,0.5317255749718991
1,0,0.4920364200216125
0,1,0.5108156979057317
0,0,0.48322118412272486
0,0,0.4806874332422494
0,0,0.4684840729791866
0,0,0.4808294676051951
0,0,0.4450525439793031
0,0,0.42917268593249097
0,0,0.4283620146866946
0,1,0.5233551076139661
0,0,0.37320750033665767
0,0,0.3482010799082491
0,1,0.5286712889001841
0,0,0.42529367715659694
0,1,0.5048627379528754
0,1,0.537613061305489
0,0,0.4453259968515251
0,1,0.5586418725919902
0,1,0.5423469632193824
0,0,0.4298974129993393
1,1,0.5332994098455003
0,0,0.4479945015966863
0,0,0.4632785521318868
0,1,0.5555336935626035
0,0,0.46881654289550256
1,1,0.6138519086036607
0,0,0.4045685887672223
0,0,0.3718996767094707
0,1,0.519065221081226
0,0,0.4665213018187774
0,0,0.4722702916653096
0,1,0.5136051902205768
0,1,0.5573357354880227
0,0,0.48311632084882944
0,1,0.5067766322260896
0,0,0.4570825236701801
1,0,0.4973569894281081
0,0,0.3533194692303687
0,1,0.5640568821044837
1,1,0.6224033111717246
0,0,0.47947160454519105
0,0,0.4610313500427906
0,0,0.44571616945009224
0,0,0.48597817498802764
0,1,0.5078486226023049
0,0,0.4521978096615092
0,0,0.49643174299466447
0,0,0.35144572393166906
1,0,0.48233890058442547
0,1,0.5218795196512815
0,0,0.44382227180840883
0,1,0.5114523828807431
0,0,0.45934338022211874
1,1,0.5252050591941521
0,1,0.524812184940988
0,0,0.46003650447567607
0,0,0.4843599980622144
0,1,0.5512678715458302
0,0,0.44821492779549965
0,1,0.5254370564294443
0,1,0.5184423700069525
0,0,0.4259228111685846
1,1,0.5060082996667626
0,0,0.45621187304316
0,0,0.4416189513914423
0,1,0.5964991388544215
0,0,0.49821374623809306
0,1,0.561842357441571
0,1,0.531896130753525
1,0,0.469149818212163
0,1,0.5255319416459902
0,0,0.48538222278181464
0,0,0.49202447775262603
0,0,0.4508156179929175
0,0,0.4662141369549998
0,1,0.524108994064035
1,1,0.573377792551129
1,1,0.51842709356643
0,0,0.34492061472515284
0,1,0.5217098604159479
0,0,0.4549371483412172
0,0,0.3992581469709881
0,0,0.3967857872142475
0,0,0.48446441670078566
0,0,0.46873414993997314
0,0,0.4408412961732749
0,0,0.4162630209367178
0,0,0.419217705936677
0,1,0.5355822786579771
0,1,0.5589227130385782
0,1,0.5231052470274552
0,0,0.4213321043358536
1,1,0.5265034067438765
0,0,0.4919311478967763
0,0,0.4408841277851901
0,0,0.39805097935046724
0,0,0.407473068286599
1,0,0.4874965448027161
0,0,0.4055827432426743
1,1,0.5589087328192375
0,0,0.3697620093047905
0,1,0.5148446570406415
0,0,0.4762660118776462
0,1,0.5630740696850427
0,0,0.4613818165356865
0,0,0.4941076720210291
0,0,0.4244065152323352
1,0,0.44278925647497985
0,0,0.38189731322104764
0,0,0.43043513260281346
0,0,0.4899399760900808
0,1,0.5619725639235912
0,0,0.4106262020518606
0,1,0.5435332221011823
0,0,0.4843082890616984
0,1,0.5295240675107941
1,0,0.47256290496126174
0,0,0.4846422454376885
0,0,0.37249531206710246
0,0,0.35509584110118664
0,1,0.5317848213035257
1,0,0.4738071444496481
0,0,0.4585345058268432
0,0,0.435542503187909
0,0,0.43653846989390066
0,1,0.5325771525645906
0,1,0.5205581287753512
0,0,0.4660885288878287
0,0,0.43400979318577454
0,0,0.48762924908092004
0,1,0.5238169970313699
0,1,0.5448423674306392
0,0,0.4498219765019184
1,0,0.4996899480608065
0,1,0.5184168432781631
0,0,0.4594153312903848
0,0,0.4438332692133475
0,0,0.4605858446387615
0,0,0.4384400608782409
0,0,0.49765951592035335
0,1,0.5837713909049588
0,0,0.4530853287124614
0,0,0.3814473490047375
0,1,0.5192885916926366
0,0,0.44168649536050475
0,0,0.4065438984997437
0,0,0.41867068497841975
0,1,0.5267747685449716
0,1,0.546005560674927
0,0,0.4218749434412667
0,0,0.44029488324491617
0,1,0.5081600976004446
0,0,0.4512137691693996
0,1,0.6158102202501162
0,1,0.5462326258027066
0,0,0.42783337362000035
0,0,0.47366297512139544
0,0,0.47643090165792407
0,0,0.43895029496642235
0,0,0.476128313328222
1,1,0.5050617244267035
0,0,0.39827595587608194
0,0,0.48425645942558104
0,1,0.5807516227028908
0,0,0.4771361423857177
0,1,0.5180938467426354
0,1,0.5925048227419532
0,1,0.6127159307206077
1,1,0.5798841756760459
0,0,0.4872577176973567
0,0,0.3286874305977928
0,0,0.40302364086097897
0,0,0.35504571485740116
0,0,0.4682330272717979
1,0,0.4462242513988634
0,0,0.4573722658756453
1,1,0.5766226872303732
0,1,0.6068775332153035
1,1,0.5028328945972639
1,1,0.5213096579174399
0,1,0.5210041726950192
0,0,0.4030738363565725
0,0,0.40095826267267043
1,1,0.5357119973263917
1,1,0.5469810234969666
0,1,0.5332663146115949
0,0,0.4482964914740525
0,0,0.44577400340641526
0,0,0.42867720795323594
0,0,0.4028769717659639
0,0,0.40219403570657064
0,1,0.5386677985276175
1,1,0.5213533376322459
0,0,0.47265352076856637
0,0,0.40220874266485507
0,1,0.5062248666947661
1,1,0.5051345538178431
0,0,0.46046340689758475
0,0,0.3921579324885168
0,1,0.5320435165268349
0,0,0.4093825106249547
0,0,0.478822416241809
1,0,0.498736128878468
0,0,0.42551850221374515
0,1,0.5391910584920641
1,0,0.3710740760202954
0,1,0.527004797065254
0,0,0.4925268030654705
0,1,0.5289097471831997
1,1,0.5028664736275676
0,1,0.5662269538321237
0,0,0.4909513806019891
0,1,0.5100470398031431
0,1,0.5445272322253765
1,0,0.4975985830556933
0,0,0.42544031563092927
0,0,0.46358839982556455
0,0,0.4380146734260128
0,0,0.46229721257349277
0,1,0.5283401921416817
0,0,0.42808125371239575
0,1,0.5161021323848695
0,1,0.5746257830842856
0,0,0.37792874346081673
0,0,0.4899617520112687
0,0,0.48693672995009296
0,0,0.4346131594467424
1,1,0.5306949231415427
1,1,0.5130437151263374
0,0,0.4385391675483223
0,0,0.4714189306176064
1,0,0.47807003480176524
0,0,0.4603455017099221
0,0,0.4984753836736171
0,0,0.455163000226677
0,1,0.5593598514690086
0,0,0.4065573823095557
0,0,0.4245694150188001
0,1,0.5099192835617423
1,0,0.39896299693764836
0,1,0.5335058376059493
0,1,0.5095768846207871
0,1,0.5139888584569385
0,0,0.4171172195224383
0,0,0.40532054593528954
0,0,0.4549338732767916
0,0,0.4297055754420623
0,0,0.4028373355216219
0,0,0.43808500590927346
0,0,0.4444979709410443
0,1,0.5182112214507334
0,1,0.5102372691596642
0,0,0.44542161084691273
0,1,0.5162983190085352
0,0,0.4501973477104788
0,1,0.5138587272124978
0,1,0.5514737392032508
1,1,0.5430267892541483
0,0,0.48051826754671295
0,0,0.4305374035545348
0,0,0.42138661105121145
0,0,0.48770910347835267
1,0,0.3621659200838572
0,0,0.4962560053705304
0,1,0.5538016926404375
1,0,0.4297182766711521
0,0,0.41075606410908416
0,0,0.4093815499712997
0,1,0.6006338841647396
0,1,0.5223663745421665
0,0,0.39615608225665155
0,0,0.43893752345780873
0,1,0.5515312738421657
0,0,0.47706382029119376
0,0,0.4933659398498142
0,0,0.38590226148372614
0,1,0.5636774012874871
0,1,0.5169591692419344
0,1,0.5087443857171915
0,0,0.48090563460798946
1,0,0.48459002386782385
0,0,0.49935980003329017
1,1,0.5447181260777597
1,0,0.4913311822940397
0,0,0.4761820748532024
0,0,0.46041673795217375
0,0,0.4044788673741597
0,1,0.5460438132758817
0,0,0.46168271024479407
0,0,0.4723784363866318
0,0,0.4400219337819541
0,0,0.4694981311341595
0,0,0.4031311207448317
0,0,0.47754305157458554
0,0,0.4813021899363442
0,0,0.4297605205210108
0,1,0.5679448514420431
0,0,0.46216018687997945
0,0,0.42987246333888207
1,1,0.6243304506887108
0,0,0.43397941607461527
0,0,0.3693247233971042
0,0,0.47784859692639164
0,0,0.39780703785876215
0,0,0.4446171223153608
0,1,0.5258931983394967
0,1,0.5852597996929227
0,1,0.5250909389337907
0,1,0.5540193962308428
0,0,0.42040971864854754
0,0,0.47056150743347
0,1,0.5544018466445452
0,0,0.4599356588202014
0,0,0.46868955296609444
0,0,0.47573960874937044
0,0,0.43770048914185283
0,0,0.424697082857965
0,0,0.48028086212816035
0,1,0.5540979354060881
1,1,0.53404911109427
0,0,0.49592862488691514
0,1,0.51351007197263
0,0,0.4755810357141006
0,1,0.5349755546814579
0,1,0.5258506301674124
0,1,0.5758177226946305
1,1,0.5440753563013883
0,1,0.514760962252817
0,0,0.35216088206840523
0,0,0.44453156725639076
0,1,0.5733933143943999
1,0,0.47196283972934866
0,0,0.48164880842966457
0,0,0.39148452609659884
0,0,0.45504623272864153
1,1,0.5947562268552204
0,1,0.5272108844721312
0,0,0.4783749896091292
0,1,0.5574299025396298
0,0,0.3810490872920483
0,0,0.46561759234611344
0,1,0.5051805530610519
0,1,0.5616958356495529
0,0,0.4330379632337482
0,1,0.5522264169948364
0,1,0.5934438640016455
0,0,0.4706881260306055
0,0,0.45410907519025956
0,1,0.5003971787932978
0,0,0.4534207308214924
0,1,0.5651952746738425
0,0,0.4605054066186051
0,0,0.4816207197188335
0,1,0.5482942867057876
1,1,0.5675756337981052
0,1,0.5667187828218987
0,0,0.37182523980175447
0,1,0.5269971093759898
0,0,0.312385034188445
0,0,0.4946873774738764
0,1,0.5532420220169808
1,0,0.49653567346819844
0,0,0.4837654627497133
0,0,0.42558100575466773
0,1,0.5252759027527111
1,0,0.42582989453532716
0,0,0.4644878438709749
0,0,0.4520941162986349
1,0,0.4080162483281848
0,0,0.46029426946706914
0,0,0.4727259509327514
0,0,0.48332238567046765
0,0,0.47781569901484006
0,0,0.4741610682622312
0,0,0.44849364340429554
0,0,0.471415417903085
0,1,0.5065683409011368
1,1,0.5613827931839684
0,0,0.4754426295594235
0,0,0.4815518246134515
0,0,0.4356540358883324
0,1,0.5336456685664931
0,0,0.48529356762971476
0,0,0.4626751065602904
0,0,0.46511318652270417
0,1,0.5118044893605302
0,0,0.39190239584222797
0,1,0.5561630613211452
0,1,0.5176838474121335
1,1,0.5413358284320856
0,1,0.5018670394528555
0,1,0.5492254278065194
0,1,0.5373329611061846
0,0,0.4682183506438646
0,0,0.4091694675185956
1,1,0.5819357829458546
0,1,0.5420915160080346
0,1,0.5405971132613134
0,0,0.4808783728925315
0,1,0.5454487453715405
0,0,0.46732145306582085
0,1,0.5372943058618722
1,1,0.5895687923108464
0,0,0.44491746424044737
0,1,0.5837188661083687
0,0,0.4689306392434392
0,1,0.5063302545628106
0,0,0.47806061494714536
0,0,0.42479475406991213
0,0,0.47022516374003287
0,1,0.5468186535482433
0,0,0.4371890353304596
0,0,0.4127041115689581
0,0,0.47545656469243947
0,0,0.49691006542795835
0,1,0.5924889666810756
0,0,0.4941195327200589
0,1,0.5809125752804285
0,1,0.5290293907518487
1,0,0.48729849101175227
0,1,0.5094064558507786
0,0,0.49044151439529365
0,0,0.43114841510288754
0,0,0.4029885327795528
1,1,0.5759270812300341
1,1,0.5434683898290182
0,0,0.41695072874261185
0,0,0.4190028556538989
1,1,0.5973010001026946
0,0,0.41225585728980624
0,1,0.5638171650523238
0,0,0.47883333974686926
0,0,0.48303802960959863
0,1,0.5565674195622111
0,1,0.5213276230610513
0,0,0.4716433629969756
0,1,0.5612730623602507
0,0,0.4746008422912153
0,0,0.37918560763765546
0,0,0.4124629290096491
0,0,0.369695447462399
0,0,0.4437604061371227
0,0,0.4761258940289388
0,1,0.5167933265573629
0,0,0.49454741355088133
0,0,0.46501781177397256
0,1,0.5356259074296749
1,0,0.4238933475623303
0,0,0.4889100475851159
0,0,0.46177640477837056
0,0,0.3617771079703034
0,0,0.49855593119553115
0,1,0.5311626415411435
0,0,0.48444247696273346
0,0,0.44076971966669454
0,0,0.47824069818501264
0,0,0.43294436514138196
0,1,0.5228818833987788
0,1,0.5009380841419274
0,0,0.48444119118528634
0,1,0.5204516988142143
1,1,0.5313458381474648
0,1,0.5011192024717039
0,0,0.39807670803523754
0,0,0.4846002749027558
0,0,0.47609636284574086
0,1,0.5510490132307844
0,0,0.4447787918913712
0,0,0.47100439572365793
0,1,0.5734553743959432
0,1,0.5333218689540612
0,0,0.4842725727259889
0,0,0.4730580476270107
0,0,0.46049079270965476
0,0,0.3936957414544404
0,0,0.4431757233362503
0,0,0.4461267924073006
0,0,0.4436902587013969
0,1,0.5246432041575235
1,1,0.5385217115249057
0,0,0.43149145937159133
0,1,0.5127790383411999
0,0,0.3490890351571764
0,0,0.4600768975003412
0,0,0.3751692006972892
1,0,0.36724211518647054
1,0,0.48526947943930765
1,1,0.5586198289891233
1,1,0.5586708764104646
0,0,0.4303417312514452
0,0,0.3541929730879702
0,0,0.3759167856007938
0,0,0.41392241312256933
1,1,0.5232757520405178
0,0,0.4285632801613128
0,1,0.5391814380869061
0,0,0.4982544419688115
0,1,0.5047668130216981
0,1,0.5006843194946256
1,1,0.5321055352885214
0,1,0.5001023013286593
0,0,0.47423511614493596
1,1,0.5964721535152336
0,1,0.5193617240308631
0,0,0.4752521001216992
0,0,0.390271969397072
0,0,0.39371155306316163
0,0,0.4997956907759252
0,1,0.5697537727208914
0,1,0.5145524160794751
0,0,0.47849313822566314
0,1,0.5004498172475713
0,0,0.48737543116622895
0,0,0.39501506727115954
0,1,0.5355773858961195
0,0,0.4355068969040896
0,0,0.45981785116565305
0,0,0.4476135112966871
0,1,0.5236658013956921
0,1,0.509433478363473
0,0,0.4929765577003857
0,0,0.38659523479622576
0,0,0.4638326613266009
0,1,0.5364506648506407
1,1,0.6027031227087641
0,1,0.5873668038233798
0,0,0.46783865846775546
0,0,0.462879713675023
1,0,0.3761351194092393
0,0,0.48336660297220535
0,1,0.5075836080068226
0,0,0.4479075367475933
0,1,0.5790892777215545
0,0,0.47967716226681467
0,1,0.5904409121107272
1,1,0.5017235127919545
0,0,0.4968857281853358
0,0,0.47367684526492276
0,1,0.5748935452295117
0,1,0.53399505891471
0,1,0.5685671471966276
0,1,0.5299008378042744
0,1,0.5816955150600215
0,0,0.44303174963311265
0,0,0.49334078970288225
0,0,0.4441056487815242
0,0,0.4124947772707505
0,0,0.48576090269993144
0,0,0.4975338453000345
0,0,0.45836636006081233
0,1,0.5184338153304003
0,0,0.4926265610812065
0,1,0.5190062790239057
0,0,0.4145675993703174
1,1,0.5353766012140417
1,0,0.484712116256508
0,0,0.4500330228041867
0,1,0.5201544916636486
0,0,0.42541808591029306
0,0,0.41532306600387797
0,0,0.44699606227741745
0,0,0.32847468362556304
0,0,0.42225323949524574
0,0,0.3869027284961812
0,1,0.5548811137494947
0,1,0.5475948542833238
0,0,0.38806423224728526
0,1,0.5133081322678816
0,0,0.4470337638070424
0,1,0.5127144357934488
0,0,0.4217479101734828
0,0,0.4866143297117045
0,0,0.41763900922438474
0,0,0.4603494454687374
0,1,0.5319607214377873
0,0,0.47911300033801496
0,1,0.5121398681736562
0,1,0.6001653295572769
0,0,0.414688699893156
0,1,0.5986483050257924
1,1,0.516528656133175
0,1,0.6143531192854668
0,0,0.47056543284910274
0,0,0.39757135347078687
0,0,0.3928964016405238
0,0,0.49469921335898825
0,0,0.451114720340562
0,1,0.6018298106218065
0,0,0.4914301082054209
0,1,0.519130677453254
0,1,0.510812751292958
0,1,0.5278307143035228
0,1,0.5360186764096873
0,0,0.4358655717562354
0,1,0.522233627738637
0,0,0.3589698508203582
0,1,0.5281698162741408
0,0,0.44619619846474073
0,1,0.5911889836249334
0,0,0.41992262008171205
0,0,0.4020270945292128
0,1,0.5456338660202654
0,0,0.47751183895655536
0,1,0.5121463849873982
0,0,0.3752172055767478
0,1,0.5330703733449116
0,1,0.5824693294946224
0,1,0.6019344388170618
1,0,0.4588343390575069
0,1,0.5110318921075865
0,0,0.39590553918773075
0,0,0.47359577102329836
0,0,0.4888254283689904
0,0,0.4799464810492725
0,0,0.49485427518596675
0,1,0.5139721334276003
0,0,0.39818454160737465
0,0,0.42988082896272783
1,1,0.5159307864890429
1,1,0.5676837997288918
0,0,0.4963246159362204
0,1,0.5241839563843126
0,0,0.4076741381162936
0,0,0.39779182766162935
1,0,0.45267517139737123
0,1,0.5133799532358239
0,1,0.5485225844249166
0,0,0.4646804930515527
0,0,0.36454935759781326
0,1,0.5678859937749066
0,1,0.5439449442534673
0,1,0.5035132127972465
0,0,0.4189398282723205
0,0,0.44828298090492136
0,1,0.5034355317502999
0,1,0.5005981167260241
0,0,0.40314492011279013
0,0,0.3857807255089582
0,1,0.5399525766787024
0,0,0.46350697552348186
0,0,0.4532371584920694
0,0,0.3998133589208877
0,0,0.46852650769844956
0,1,0.5570544349824753
0,0,0.4452685691043199
0,1,0.5988942345027054
0,0,0.47595633596261366
1,1,0.6103937280407142
0,0,0.4818150044976186
0,1,0.5464341015964664
0,1,0.5128377990088143
0,1,0.5073019082831174
0,0,0.44522275216319274
0,0,0.3591494397419728
0,0,0.4724566755620417
0,0,0.49955215212317666
0,1,0.5057026022555822
0,0,0.44128524153273796
0,0,0.4128737847855665
0,0,0.45647084234958024
0,1,0.5358409259973597
0,0,0.4460601020119854
0,0,0.4982320682347831
0,1,0.609472864186726
0,1,0.5512543717957805
0,1,0.5783517026818098
0,0,0.4637499413136411
0,0,0.36144699835315286
0,1,0.5016264209437504
0,0,0.4985294259348034
0,1,0.5267076796624854
0,0,0.48015142011179057
0,0,0.4618617322588885
0,1,0.505221932040838
0,0,0.4345160127073218
0,1,0.5213077436075068
0,0,0.49672866803995974
0,1,0.5606878794086279
0,0,0.47278176023006496
1,0,0.4493554797263712
0,0,0.4838146354743534
0,1,0.5219047207432641
0,0,0.47530066525971615
